[{"USER_ACC_DEMO_PARAM_ID":2730,"USER_ACC_ID":49464,"KEY":"15","VALUE":"BBT, Test, Peterborough, PE1 1TT","LONG_DESC":"#ContactAddress#"},{"USER_ACC_DEMO_PARAM_ID":2770,"USER_ACC_ID":49464,"KEY":"13","VALUE":"bbt@test.com","LONG_DESC":"#ContactEmail#"},{"USER_ACC_DEMO_PARAM_ID":2810,"USER_ACC_ID":49464,"KEY":"14","VALUE":"0845 6001870","LONG_DESC":"#ContactPhone#"},{"USER_ACC_DEMO_PARAM_ID":2850,"USER_ACC_ID":49464,"KEY":"47","VALUE":"120567.00","LONG_DESC":"112829.43"},{"USER_ACC_DEMO_PARAM_ID":2890,"USER_ACC_ID":49464,"KEY":"52","VALUE":"120567.00","LONG_DESC":"888888.888"},{"USER_ACC_DEMO_PARAM_ID":2930,"USER_ACC_ID":49464,"KEY":"2","VALUE":"24000","LONG_DESC":"999999.999"},{"USER_ACC_DEMO_PARAM_ID":2970,"USER_ACC_ID":49464,"KEY":"46","VALUE":"<flagType name=\"MessageCentreHidden\" valueSpecified=\"true\">true<\/flagType>","LONG_DESC":"<flagType name=\"MessageCentreHidden\" valueSpecified=\"true\">false<\/flagType>"},{"USER_ACC_DEMO_PARAM_ID":5023,"USER_ACC_ID":49464,"KEY":"74","VALUE":"<flagType name=\"TabIsaHidden\" valueSpecified=\"true\">true<\/flagType>","LONG_DESC":"<flagType name=\"TabIsaHidden\" valueSpecified=\"true\">false<\/flagType>"},{"USER_ACC_DEMO_PARAM_ID":3010,"USER_ACC_ID":49464,"KEY":"45","VALUE":"<flagType name=\"modellerView\" valueSpecified=\"true\">false<\/flagType>","LONG_DESC":"<flagType name=\"modellerView\" valueSpecified=\"true\">true<\/flagType>"},{"USER_ACC_DEMO_PARAM_ID":3050,"USER_ACC_ID":49464,"KEY":"51","VALUE":"<flagType name=\"showSensitiveInfo\" valueSpecified=\"true\">false<\/flagType>","LONG_DESC":"<flagType name=\"showSensitiveInfo\" valueSpecified=\"true\">true<\/flagType>"},{"USER_ACC_DEMO_PARAM_ID":3090,"USER_ACC_ID":49464,"KEY":"50","VALUE":"<flagType name=\"showT&amp;C\" valueSpecified=\"true\">false<\/flagType>","LONG_DESC":"<flagType name=\"showT&amp;C\" valueSpecified=\"true\">true<\/flagType>"},{"USER_ACC_DEMO_PARAM_ID":3130,"USER_ACC_ID":49464,"KEY":"18","VALUE":"<screenDetailType type=\"text\" id=\"home_text_planInfoUrl\">https:\/\/www.blackrock.co.uk\/aonplaninfo\/mastertrusttest\/home<\/screenDetailType>","LONG_DESC":"<screenDetailType type=\"text\" id=\"home_text_planInfoUrl\" \/>"},{"USER_ACC_DEMO_PARAM_ID":3730,"USER_ACC_ID":49464,"KEY":"56","VALUE":"A\/900851030","LONG_DESC":"A\/000000030"},{"USER_ACC_DEMO_PARAM_ID":3690,"USER_ACC_ID":49464,"KEY":"55","VALUE":"A\/900851029","LONG_DESC":"A\/900000000"},{"USER_ACC_DEMO_PARAM_ID":4529,"USER_ACC_ID":49464,"KEY":"73","VALUE":"33","LONG_DESC":"PlanType"},{"USER_ACC_DEMO_PARAM_ID":3250,"USER_ACC_ID":49464,"KEY":"1","VALUE":"89","LONG_DESC":"Product"},{"USER_ACC_DEMO_PARAM_ID":4601,"USER_ACC_ID":49464,"KEY":"54","VALUE":"Z","LONG_DESC":"Provider"},{"USER_ACC_DEMO_PARAM_ID":3170,"USER_ACC_ID":49464,"KEY":"34","VALUE":"Aon Mastertrust Scheme","LONG_DESC":"SCHEMEname"},{"USER_ACC_DEMO_PARAM_ID":3530,"USER_ACC_ID":49464,"KEY":"21","VALUE":"pensions_branding_Footer1Color\">#0039A6","LONG_DESC":"pensions_branding_Footer1Color\">#ffffff"},{"USER_ACC_DEMO_PARAM_ID":3610,"USER_ACC_ID":49464,"KEY":"22","VALUE":"pensions_branding_Footer1TextColor\">#FFFFFF","LONG_DESC":"pensions_branding_Footer1TextColor\">#5e5e5e"},{"USER_ACC_DEMO_PARAM_ID":3490,"USER_ACC_ID":49464,"KEY":"24","VALUE":"pensions_branding_PrimaryColor\">#0039A6","LONG_DESC":"pensions_branding_PrimaryColor\">#e45700"},{"USER_ACC_DEMO_PARAM_ID":3450,"USER_ACC_ID":49464,"KEY":"25","VALUE":"pensions_branding_PrismGraphicVisibility\">0","LONG_DESC":"pensions_branding_PrismGraphicVisibility\">1"},{"USER_ACC_DEMO_PARAM_ID":3570,"USER_ACC_ID":49464,"KEY":"26","VALUE":"pensions_branding_UserinfoBarColor1\">#0039A6","LONG_DESC":"pensions_branding_UserinfoBarColor1\">#1da4db"},{"USER_ACC_DEMO_PARAM_ID":3650,"USER_ACC_ID":49464,"KEY":"27","VALUE":"pensions_branding_UserinfoBarColor2\">#0039A6","LONG_DESC":"pensions_branding_UserinfoBarColor2\">#0b3c50"},{"USER_ACC_DEMO_PARAM_ID":3290,"USER_ACC_ID":49464,"KEY":"57","VALUE":"pensions_branding_accountValueTab1\">https:\/\/www.blackrockpensions.co.uk\/pdi\/Content\/Product\/87\/tab1.jpg","LONG_DESC":"pensions_branding_accountValueTab1\">https:\/\/lwp.aegon.co.uk\/pdi\/\/Content\/Header\/635670226430554525_Tab_1.jpg"},{"USER_ACC_DEMO_PARAM_ID":3210,"USER_ACC_ID":49464,"KEY":"23","VALUE":"pensions_branding_logo\">https:\/\/www.blackrockpensions.co.uk\/pdi\/content\/scheme\/2202\/header\/Aon Empower Results Logo.png","LONG_DESC":"pensions_branding_logo\">http:\/\/10.38.82.17\/pdi\/\/Content\/Header\/blackrock.png"},{"USER_ACC_DEMO_PARAM_ID":3330,"USER_ACC_ID":49464,"KEY":"58","VALUE":"pensions_branding_myPathTab2\">https:\/\/www.blackrockpensions.co.uk\/pdi\/Content\/Product\/87\/tab2.jpg","LONG_DESC":"pensions_branding_myPathTab2\">https:\/\/lwp.aegon.co.uk\/pdi\/\/Content\/Header\/635670226431164586_Tab_2.jpg"},{"USER_ACC_DEMO_PARAM_ID":3370,"USER_ACC_ID":49464,"KEY":"59","VALUE":"pensions_branding_retirementEssentialsTab3\">https:\/\/www.blackrockpensions.co.uk\/pdi\/Content\/Product\/87\/tab3.jpg","LONG_DESC":"pensions_branding_retirementEssentialsTab3\">https:\/\/lwp.aegon.co.uk\/pdi\/\/Content\/Header\/635670226431384608_Tab_3.jpg"},{"USER_ACC_DEMO_PARAM_ID":3410,"USER_ACC_ID":49464,"KEY":"60","VALUE":"pensions_branding_retirementOptionsTab4\">https:\/\/www.blackrockpensions.co.uk\/pdi\/Content\/Product\/87\/tab4.jpg","LONG_DESC":"pensions_branding_retirementOptionsTab4\">https:\/\/lwp.aegon.co.uk\/pdi\/\/Content\/Header\/635670228862460783_Tab_4.jpg"}]