[{"USER_ACC_DEMO_PARAM_ID":2030,"USER_ACC_ID":44367,"KEY":"15","VALUE":"BBT, Test, Peterborough, PE1 1TT","LONG_DESC":"#ContactAddress#"},{"USER_ACC_DEMO_PARAM_ID":2070,"USER_ACC_ID":44367,"KEY":"13","VALUE":"bbt@test.com","LONG_DESC":"#ContactEmail#"},{"USER_ACC_DEMO_PARAM_ID":2110,"USER_ACC_ID":44367,"KEY":"14","VALUE":"0845 6001870","LONG_DESC":"#ContactPhone#"},{"USER_ACC_DEMO_PARAM_ID":2310,"USER_ACC_ID":44367,"KEY":"47","VALUE":"120567.00","LONG_DESC":"112829.43"},{"USER_ACC_DEMO_PARAM_ID":1870,"USER_ACC_ID":44367,"KEY":"52","VALUE":"120567.00","LONG_DESC":"888888.888"},{"USER_ACC_DEMO_PARAM_ID":2350,"USER_ACC_ID":44367,"KEY":"2","VALUE":"24000","LONG_DESC":"999999.999"},{"USER_ACC_DEMO_PARAM_ID":2150,"USER_ACC_ID":44367,"KEY":"46","VALUE":"<flagType name=\"MessageCentreHidden\" valueSpecified=\"true\">true<\/flagType>","LONG_DESC":"<flagType name=\"MessageCentreHidden\" valueSpecified=\"true\">false<\/flagType>"},{"USER_ACC_DEMO_PARAM_ID":4990,"USER_ACC_ID":44367,"KEY":"74","VALUE":"<flagType name=\"TabIsaHidden\" valueSpecified=\"true\">true<\/flagType>","LONG_DESC":"<flagType name=\"TabIsaHidden\" valueSpecified=\"true\">false<\/flagType>"},{"USER_ACC_DEMO_PARAM_ID":2190,"USER_ACC_ID":44367,"KEY":"45","VALUE":"<flagType name=\"modellerView\" valueSpecified=\"true\">false<\/flagType>","LONG_DESC":"<flagType name=\"modellerView\" valueSpecified=\"true\">true<\/flagType>"},{"USER_ACC_DEMO_PARAM_ID":1910,"USER_ACC_ID":44367,"KEY":"51","VALUE":"<flagType name=\"showSensitiveInfo\" valueSpecified=\"true\">false<\/flagType>","LONG_DESC":"<flagType name=\"showSensitiveInfo\" valueSpecified=\"true\">true<\/flagType>"},{"USER_ACC_DEMO_PARAM_ID":1950,"USER_ACC_ID":44367,"KEY":"50","VALUE":"<flagType name=\"showT&amp;C\" valueSpecified=\"true\">false<\/flagType>","LONG_DESC":"<flagType name=\"showT&amp;C\" valueSpecified=\"true\">true<\/flagType>"},{"USER_ACC_DEMO_PARAM_ID":1990,"USER_ACC_ID":44367,"KEY":"18","VALUE":"<screenDetailType type=\"text\" id=\"home_text_planInfoUrl\">https:\/\/www.blackrock.co.uk\/aonplaninfo\/aonbigbluetouch<\/screenDetailType>","LONG_DESC":"<screenDetailType type=\"text\" id=\"home_text_planInfoUrl\" \/>"},{"USER_ACC_DEMO_PARAM_ID":2510,"USER_ACC_ID":44367,"KEY":"56","VALUE":"A\/900731030","LONG_DESC":"A\/000000030"},{"USER_ACC_DEMO_PARAM_ID":2470,"USER_ACC_ID":44367,"KEY":"55","VALUE":"A\/900731099","LONG_DESC":"A\/900000000"},{"USER_ACC_DEMO_PARAM_ID":2430,"USER_ACC_ID":44367,"KEY":"1","VALUE":"87","LONG_DESC":"Product"},{"USER_ACC_DEMO_PARAM_ID":2390,"USER_ACC_ID":44367,"KEY":"54","VALUE":"A","LONG_DESC":"Provider"},{"USER_ACC_DEMO_PARAM_ID":2230,"USER_ACC_ID":44367,"KEY":"34","VALUE":"Big Blue Touch Scheme","LONG_DESC":"SCHEMEname"},{"USER_ACC_DEMO_PARAM_ID":2270,"USER_ACC_ID":44367,"KEY":"23","VALUE":"pensions_branding_logo\">https:\/\/www.spstest1.co.uk\/pdi\/content\/header\/demo\/bbtlogo.png","LONG_DESC":"pensions_branding_logo\">http:\/\/10.38.82.17\/pdi\/\/Content\/Header\/blackrock.png"}]