[{"USER_ACC_ID":12410,"CHKN_SLT_HSH":"0952b2e80d856be411f52953f21d8bdf5cbb78d9","USER_TYPE":2,"LOCKED":null,"NAMEID":532925,"FIRSTNAME":"Bae","MIDNAME":"Demo","LASTNAME":"User","SEXCD":null,"BIRTHDT":"\/Date(315532800000+0000)\/","NAMEPREFIX":"03","EMAILDATA":"126377noreply@aegon.co.uk","ACTIVE":1,"STATIC_RESPONSE_GROUP_ID":3,"USER_ACC_DEMO_ID":1,"DESCRIPT":"Demo User for BAE skinned TargetPlan","ADDROTHERID":126377,"GROUPTOTAL":1},{"USER_ACC_ID":12411,"CHKN_SLT_HSH":"0952b2e80d856be411f52953f21d8bdf5cbb78d9","USER_TYPE":2,"LOCKED":null,"NAMEID":532926,"FIRSTNAME":"John","MIDNAME":"Michael","LASTNAME":"Smith","SEXCD":null,"BIRTHDT":"\/Date(0+0000)\/","NAMEPREFIX":"07","EMAILDATA":"126378noreply@aegon.co.uk","ACTIVE":1,"STATIC_RESPONSE_GROUP_ID":3,"USER_ACC_DEMO_ID":2,"DESCRIPT":"AON Demo","ADDROTHERID":126378,"GROUPTOTAL":1},{"USER_ACC_ID":12588,"CHKN_SLT_HSH":"f0bbb07110edd289520ba120e755e31c3646785c","USER_TYPE":2,"LOCKED":null,"NAMEID":533735,"FIRSTNAME":"John","MIDNAME":null,"LASTNAME":"Smith","SEXCD":null,"BIRTHDT":"\/Date(631152000000+0000)\/","NAMEPREFIX":"01","EMAILDATA":"126848noreply@aegon.co.uk","ACTIVE":1,"STATIC_RESPONSE_GROUP_ID":3,"USER_ACC_DEMO_ID":21,"DESCRIPT":"NAPF Demo 1","ADDROTHERID":126848,"GROUPTOTAL":1},{"USER_ACC_ID":12590,"CHKN_SLT_HSH":"cb7678bcc94fa1e46a41ad305271a1bb10a53383","USER_TYPE":2,"LOCKED":null,"NAMEID":533736,"FIRSTNAME":"John","MIDNAME":null,"LASTNAME":"Smith","SEXCD":null,"BIRTHDT":"\/Date(631152000000+0000)\/","NAMEPREFIX":"01","EMAILDATA":"126851noreply@aegon.co.uk","ACTIVE":1,"STATIC_RESPONSE_GROUP_ID":3,"USER_ACC_DEMO_ID":22,"DESCRIPT":"NAPF Demo 2","ADDROTHERID":126851,"GROUPTOTAL":1},{"USER_ACC_ID":12697,"CHKN_SLT_HSH":"0952b2e80d856be411f52953f21d8bdf5cbb78d9","USER_TYPE":2,"LOCKED":null,"NAMEID":533792,"FIRSTNAME":"Joe","MIDNAME":null,"LASTNAME":"Bloggs","SEXCD":null,"BIRTHDT":"\/Date(631152000000+0000)\/","NAMEPREFIX":"01","EMAILDATA":"127010noreply@aegon.co.uk","ACTIVE":1,"STATIC_RESPONSE_GROUP_ID":3,"USER_ACC_DEMO_ID":41,"DESCRIPT":"BlackRock Generic Demo 3","ADDROTHERID":127010,"GROUPTOTAL":1},{"USER_ACC_ID":12711,"CHKN_SLT_HSH":"0952b2e80d856be411f52953f21d8bdf5cbb78d9","USER_TYPE":2,"LOCKED":null,"NAMEID":533848,"FIRSTNAME":"Joe","MIDNAME":null,"LASTNAME":"Bloggs","SEXCD":null,"BIRTHDT":"\/Date(631152000000+0000)\/","NAMEPREFIX":"01","EMAILDATA":"127039noreply@aegon.co.uk","ACTIVE":1,"STATIC_RESPONSE_GROUP_ID":1,"USER_ACC_DEMO_ID":42,"DESCRIPT":"BlackRock Generic Demo 1","ADDROTHERID":127039,"GROUPTOTAL":1},{"USER_ACC_ID":13084,"CHKN_SLT_HSH":"4418275e3515d0c30e66b8c3e5b9369b0922e066","USER_TYPE":2,"LOCKED":null,"NAMEID":534414,"FIRSTNAME":"John","MIDNAME":null,"LASTNAME":"Smith","SEXCD":null,"BIRTHDT":"\/Date(173833200000+0100)\/","NAMEPREFIX":"01","EMAILDATA":"127669noreply@aegon.co.uk","ACTIVE":1,"STATIC_RESPONSE_GROUP_ID":9,"USER_ACC_DEMO_ID":61,"DESCRIPT":"Demo for Admiral","ADDROTHERID":127669,"GROUPTOTAL":1},{"USER_ACC_ID":14930,"CHKN_SLT_HSH":"db2cf6ea34b07ae3a7f5dc712f0f1a531b8d8f5c","USER_TYPE":2,"LOCKED":null,"NAMEID":539536,"FIRSTNAME":"John","MIDNAME":null,"LASTNAME":"Smith","SEXCD":null,"BIRTHDT":"\/Date(173833200000+0100)\/","NAMEPREFIX":"01","EMAILDATA":"131229noreply@aegon.co.uk","ACTIVE":1,"STATIC_RESPONSE_GROUP_ID":9,"USER_ACC_DEMO_ID":81,"DESCRIPT":"Demo for WSP Parsons Brinckerhoff","ADDROTHERID":131229,"GROUPTOTAL":1},{"USER_ACC_ID":14932,"CHKN_SLT_HSH":"cdcd95bf6ddc5058d41020b895998f83d5462c40","USER_TYPE":2,"LOCKED":null,"NAMEID":539537,"FIRSTNAME":"Alan","MIDNAME":null,"LASTNAME":"Sample","SEXCD":null,"BIRTHDT":"\/Date(323391600000+0100)\/","NAMEPREFIX":"01","EMAILDATA":"131237noreply@aegon.co.uk","ACTIVE":1,"STATIC_RESPONSE_GROUP_ID":3,"USER_ACC_DEMO_ID":82,"DESCRIPT":"Demo for Philips","ADDROTHERID":131237,"GROUPTOTAL":1},{"USER_ACC_ID":15285,"CHKN_SLT_HSH":"255997e178fcb96b0a7ad666ba373fd01f3d8657","USER_TYPE":2,"LOCKED":null,"NAMEID":540888,"FIRSTNAME":"John","MIDNAME":null,"LASTNAME":"Smith","SEXCD":null,"BIRTHDT":"\/Date(173833200000+0100)\/","NAMEPREFIX":"01","EMAILDATA":"131901noreply@aegon.co.uk","ACTIVE":1,"STATIC_RESPONSE_GROUP_ID":3,"USER_ACC_DEMO_ID":101,"DESCRIPT":"Demo for Northern Powergrid","ADDROTHERID":131901,"GROUPTOTAL":1},{"USER_ACC_ID":15388,"CHKN_SLT_HSH":"db2cf6ea34b07ae3a7f5dc712f0f1a531b8d8f5c","USER_TYPE":2,"LOCKED":null,"NAMEID":541146,"FIRSTNAME":"John","MIDNAME":null,"LASTNAME":"Smith","SEXCD":null,"BIRTHDT":"\/Date(173833200000+0100)\/","NAMEPREFIX":"01","EMAILDATA":"132102noreply@aegon.co.uk","ACTIVE":1,"STATIC_RESPONSE_GROUP_ID":3,"USER_ACC_DEMO_ID":121,"DESCRIPT":"Demo for Norcros","ADDROTHERID":132102,"GROUPTOTAL":1},{"USER_ACC_ID":16413,"CHKN_SLT_HSH":"db2cf6ea34b07ae3a7f5dc712f0f1a531b8d8f5c","USER_TYPE":2,"LOCKED":null,"NAMEID":542156,"FIRSTNAME":"John","MIDNAME":null,"LASTNAME":"Smith","SEXCD":null,"BIRTHDT":"\/Date(173833200000+0100)\/","NAMEPREFIX":"01","EMAILDATA":"133695noreply@aegon.co.uk","ACTIVE":1,"STATIC_RESPONSE_GROUP_ID":9,"USER_ACC_DEMO_ID":141,"DESCRIPT":"Invalid Demo","ADDROTHERID":133695,"GROUPTOTAL":1},{"USER_ACC_ID":17572,"CHKN_SLT_HSH":"db2cf6ea34b07ae3a7f5dc712f0f1a531b8d8f5c","USER_TYPE":2,"LOCKED":null,"NAMEID":547233,"FIRSTNAME":"John","MIDNAME":null,"LASTNAME":"Smith","SEXCD":null,"BIRTHDT":"\/Date(173833200000+0100)\/","NAMEPREFIX":"01","EMAILDATA":"136203noreply@aegon.co.uk","ACTIVE":1,"STATIC_RESPONSE_GROUP_ID":3,"USER_ACC_DEMO_ID":161,"DESCRIPT":"Demo for Ensign ","ADDROTHERID":136203,"GROUPTOTAL":1},{"USER_ACC_ID":17638,"CHKN_SLT_HSH":"db2cf6ea34b07ae3a7f5dc712f0f1a531b8d8f5c","USER_TYPE":2,"LOCKED":null,"NAMEID":547368,"FIRSTNAME":"John","MIDNAME":null,"LASTNAME":"Smith","SEXCD":null,"BIRTHDT":"\/Date(173833200000+0100)\/","NAMEPREFIX":"01","EMAILDATA":"136318noreply@aegon.co.uk","ACTIVE":1,"STATIC_RESPONSE_GROUP_ID":9,"USER_ACC_DEMO_ID":162,"DESCRIPT":"Demo for First UK Bus\u000d\u000a","ADDROTHERID":136318,"GROUPTOTAL":1},{"USER_ACC_ID":17951,"CHKN_SLT_HSH":"db2cf6ea34b07ae3a7f5dc712f0f1a531b8d8f5c","USER_TYPE":2,"LOCKED":null,"NAMEID":547628,"FIRSTNAME":"John","MIDNAME":null,"LASTNAME":"Smith","SEXCD":null,"BIRTHDT":"\/Date(157766400000+0000)\/","NAMEPREFIX":"01","EMAILDATA":"136823noreply@aegon.co.uk","ACTIVE":1,"STATIC_RESPONSE_GROUP_ID":9,"USER_ACC_DEMO_ID":181,"DESCRIPT":"Demo for AECOM","ADDROTHERID":136823,"GROUPTOTAL":1},{"USER_ACC_ID":18315,"CHKN_SLT_HSH":"db2cf6ea34b07ae3a7f5dc712f0f1a531b8d8f5c","USER_TYPE":2,"LOCKED":null,"NAMEID":548644,"FIRSTNAME":"John","MIDNAME":null,"LASTNAME":"Smith","SEXCD":null,"BIRTHDT":"\/Date(173833200000+0100)\/","NAMEPREFIX":"01","EMAILDATA":"137652noreply@aegon.co.uk","ACTIVE":1,"STATIC_RESPONSE_GROUP_ID":9,"USER_ACC_DEMO_ID":201,"DESCRIPT":"Demo for Smurfit Kappa ","ADDROTHERID":137652,"GROUPTOTAL":1},{"USER_ACC_ID":18739,"CHKN_SLT_HSH":"db2cf6ea34b07ae3a7f5dc712f0f1a531b8d8f5c","USER_TYPE":2,"LOCKED":null,"NAMEID":549713,"FIRSTNAME":"John","MIDNAME":null,"LASTNAME":"Smith","SEXCD":null,"BIRTHDT":"\/Date(173833200000+0100)\/","NAMEPREFIX":"01","EMAILDATA":"138513noreply@aegon.co.uk","ACTIVE":1,"STATIC_RESPONSE_GROUP_ID":3,"USER_ACC_DEMO_ID":221,"DESCRIPT":"Demo for TRW","ADDROTHERID":138513,"GROUPTOTAL":1},{"USER_ACC_ID":18987,"CHKN_SLT_HSH":"db2cf6ea34b07ae3a7f5dc712f0f1a531b8d8f5c","USER_TYPE":2,"LOCKED":null,"NAMEID":550262,"FIRSTNAME":"John","MIDNAME":null,"LASTNAME":"Smith","SEXCD":null,"BIRTHDT":"\/Date(173833200000+0100)\/","NAMEPREFIX":"01","EMAILDATA":"138943noreply@aegon.co.uk","ACTIVE":1,"STATIC_RESPONSE_GROUP_ID":9,"USER_ACC_DEMO_ID":241,"DESCRIPT":"Demo for Ensco","ADDROTHERID":138943,"GROUPTOTAL":1},{"USER_ACC_ID":20308,"CHKN_SLT_HSH":"4418275e3515d0c30e66b8c3e5b9369b0922e066","USER_TYPE":2,"LOCKED":null,"NAMEID":553277,"FIRSTNAME":"John","MIDNAME":null,"LASTNAME":"Smith","SEXCD":null,"BIRTHDT":"\/Date(173833200000+0100)\/","NAMEPREFIX":"01","EMAILDATA":"141544noreply@aegon.co.uk","ACTIVE":1,"STATIC_RESPONSE_GROUP_ID":3,"USER_ACC_DEMO_ID":263,"DESCRIPT":"Demo for Fugro","ADDROTHERID":141544,"GROUPTOTAL":1},{"USER_ACC_ID":20358,"CHKN_SLT_HSH":"79fcbcb4048fb187c7c00760fda062e3ffa34bab","USER_TYPE":2,"LOCKED":null,"NAMEID":553305,"FIRSTNAME":"John","MIDNAME":null,"LASTNAME":"Smith","SEXCD":null,"BIRTHDT":"\/Date(173833200000+0100)\/","NAMEPREFIX":"01","EMAILDATA":"141638noreply@aegon.co.uk","ACTIVE":1,"STATIC_RESPONSE_GROUP_ID":1,"USER_ACC_DEMO_ID":281,"DESCRIPT":"Demo for CSC 2","ADDROTHERID":141638,"GROUPTOTAL":1},{"USER_ACC_ID":20380,"CHKN_SLT_HSH":"db2cf6ea34b07ae3a7f5dc712f0f1a531b8d8f5c","USER_TYPE":2,"LOCKED":null,"NAMEID":553395,"FIRSTNAME":"John","MIDNAME":null,"LASTNAME":"Smith","SEXCD":null,"BIRTHDT":"\/Date(173833200000+0100)\/","NAMEPREFIX":"01","EMAILDATA":"141704noreply@aegon.co.uk","ACTIVE":1,"STATIC_RESPONSE_GROUP_ID":9,"USER_ACC_DEMO_ID":282,"DESCRIPT":"Demo for AQA","ADDROTHERID":141704,"GROUPTOTAL":1},{"USER_ACC_ID":21004,"CHKN_SLT_HSH":"db2cf6ea34b07ae3a7f5dc712f0f1a531b8d8f5c","USER_TYPE":2,"LOCKED":null,"NAMEID":557219,"FIRSTNAME":"John","MIDNAME":null,"LASTNAME":"Smith","SEXCD":null,"BIRTHDT":"\/Date(173833200000+0100)\/","NAMEPREFIX":"01","EMAILDATA":"142864noreply@aegon.co.uk","ACTIVE":1,"STATIC_RESPONSE_GROUP_ID":9,"USER_ACC_DEMO_ID":301,"DESCRIPT":"Demo for Kier","ADDROTHERID":142864,"GROUPTOTAL":1},{"USER_ACC_ID":21418,"CHKN_SLT_HSH":"4418275e3515d0c30e66b8c3e5b9369b0922e066","USER_TYPE":2,"LOCKED":null,"NAMEID":558141,"FIRSTNAME":"John","MIDNAME":null,"LASTNAME":"Smith","SEXCD":null,"BIRTHDT":"\/Date(173833200000+0100)\/","NAMEPREFIX":"01","EMAILDATA":"143774noreply@aegon.co.uk","ACTIVE":1,"STATIC_RESPONSE_GROUP_ID":9,"USER_ACC_DEMO_ID":321,"DESCRIPT":"Demo for Project Enhance","ADDROTHERID":143774,"GROUPTOTAL":1},{"USER_ACC_ID":22784,"CHKN_SLT_HSH":"0952b2e80d856be411f52953f21d8bdf5cbb78d9","USER_TYPE":2,"LOCKED":null,"NAMEID":560378,"FIRSTNAME":"Only","MIDNAME":null,"LASTNAME":"Decum","SEXCD":null,"BIRTHDT":"\/Date(-473385600000+0000)\/","NAMEPREFIX":"01","EMAILDATA":"146351noreply@aegon.co.uk","ACTIVE":1,"STATIC_RESPONSE_GROUP_ID":10,"USER_ACC_DEMO_ID":342,"DESCRIPT":"This is a decum only scenario with member has active drawdown account","ADDROTHERID":146351,"GROUPTOTAL":1},{"USER_ACC_ID":22785,"CHKN_SLT_HSH":"0952b2e80d856be411f52953f21d8bdf5cbb78d9","USER_TYPE":2,"LOCKED":null,"NAMEID":560379,"FIRSTNAME":"bothAccountWith","MIDNAME":"DecumPrim","LASTNAME":"User","SEXCD":null,"BIRTHDT":"\/Date(-473385600000+0000)\/","NAMEPREFIX":"01","EMAILDATA":"146352noreply@aegon.co.uk","ACTIVE":1,"STATIC_RESPONSE_GROUP_ID":9,"USER_ACC_DEMO_ID":343,"DESCRIPT":"This is the user with acum and decum account but with decum set as primary and in pending app form status","ADDROTHERID":146352,"GROUPTOTAL":2},{"USER_ACC_ID":22826,"CHKN_SLT_HSH":"0952b2e80d856be411f52953f21d8bdf5cbb78d9","USER_TYPE":2,"LOCKED":null,"NAMEID":560398,"FIRSTNAME":"John","MIDNAME":null,"LASTNAME":"Smith","SEXCD":null,"BIRTHDT":"\/Date(-315619200000+0000)\/","NAMEPREFIX":"01","EMAILDATA":"146414noreply@aegon.co.uk","ACTIVE":1,"STATIC_RESPONSE_GROUP_ID":9,"USER_ACC_DEMO_ID":344,"DESCRIPT":"Demo for Intel","ADDROTHERID":146414,"GROUPTOTAL":1},{"USER_ACC_ID":22828,"CHKN_SLT_HSH":"db2cf6ea34b07ae3a7f5dc712f0f1a531b8d8f5c","USER_TYPE":2,"LOCKED":null,"NAMEID":560513,"FIRSTNAME":"John","MIDNAME":null,"LASTNAME":"Smith","SEXCD":null,"BIRTHDT":"\/Date(-315619200000+0000)\/","NAMEPREFIX":"01","EMAILDATA":"146418noreply@aegon.co.uk","ACTIVE":1,"STATIC_RESPONSE_GROUP_ID":9,"USER_ACC_DEMO_ID":345,"DESCRIPT":"Demo for Kier","ADDROTHERID":146418,"GROUPTOTAL":1},{"USER_ACC_ID":22830,"CHKN_SLT_HSH":"0952b2e80d856be411f52953f21d8bdf5cbb78d9","USER_TYPE":2,"LOCKED":null,"NAMEID":560523,"FIRSTNAME":"John","MIDNAME":null,"LASTNAME":"Smith","SEXCD":null,"BIRTHDT":"\/Date(631152000000+0000)\/","NAMEPREFIX":"01","EMAILDATA":"146422noreply@aegon.co.uk","ACTIVE":1,"STATIC_RESPONSE_GROUP_ID":9,"USER_ACC_DEMO_ID":346,"DESCRIPT":"Demo for BBT (AON)\u000d\u000a","ADDROTHERID":146422,"GROUPTOTAL":1},{"USER_ACC_ID":23140,"CHKN_SLT_HSH":"db2cf6ea34b07ae3a7f5dc712f0f1a531b8d8f5c","USER_TYPE":2,"LOCKED":null,"NAMEID":561032,"FIRSTNAME":"John","MIDNAME":null,"LASTNAME":"Smith","SEXCD":null,"BIRTHDT":"\/Date(173833200000+0100)\/","NAMEPREFIX":"01","EMAILDATA":"147067noreply@aegon.co.uk","ACTIVE":1,"STATIC_RESPONSE_GROUP_ID":9,"USER_ACC_DEMO_ID":361,"DESCRIPT":"Demo for Carlsberg","ADDROTHERID":147067,"GROUPTOTAL":1},{"USER_ACC_ID":23279,"CHKN_SLT_HSH":"8db799ebeae7096f11faa39a6f22510d4e5ac0eb","USER_TYPE":2,"LOCKED":null,"NAMEID":561278,"FIRSTNAME":"John","MIDNAME":null,"LASTNAME":"Smith","SEXCD":null,"BIRTHDT":"\/Date(173833200000+0100)\/","NAMEPREFIX":"01","EMAILDATA":"147379noreply@aegon.co.uk","ACTIVE":1,"STATIC_RESPONSE_GROUP_ID":9,"USER_ACC_DEMO_ID":381,"DESCRIPT":"The Tyco UK Pension Scheme","ADDROTHERID":147379,"GROUPTOTAL":1},{"USER_ACC_ID":23583,"CHKN_SLT_HSH":"4418275e3515d0c30e66b8c3e5b9369b0922e066","USER_TYPE":2,"LOCKED":null,"NAMEID":561714,"FIRSTNAME":"John","MIDNAME":null,"LASTNAME":"Smith","SEXCD":null,"BIRTHDT":"\/Date(173833200000+0100)\/","NAMEPREFIX":"01","EMAILDATA":"147847noreply@aegon.co.uk","ACTIVE":1,"STATIC_RESPONSE_GROUP_ID":9,"USER_ACC_DEMO_ID":401,"DESCRIPT":"Demo for EasyJet","ADDROTHERID":147847,"GROUPTOTAL":1},{"USER_ACC_ID":23782,"CHKN_SLT_HSH":"db2cf6ea34b07ae3a7f5dc712f0f1a531b8d8f5c","USER_TYPE":2,"LOCKED":null,"NAMEID":561988,"FIRSTNAME":"John","MIDNAME":null,"LASTNAME":"Smith","SEXCD":null,"BIRTHDT":"\/Date(-772851600000+0100)\/","NAMEPREFIX":"01","EMAILDATA":"148186noreply@aegon.co.uk","ACTIVE":1,"STATIC_RESPONSE_GROUP_ID":9,"USER_ACC_DEMO_ID":421,"DESCRIPT":"Punter Southall Dummy Scheme (Not working)","ADDROTHERID":148186,"GROUPTOTAL":1},{"USER_ACC_ID":26122,"CHKN_SLT_HSH":"db2cf6ea34b07ae3a7f5dc712f0f1a531b8d8f5c","USER_TYPE":2,"LOCKED":null,"NAMEID":565641,"FIRSTNAME":"John","MIDNAME":null,"LASTNAME":"Smith","SEXCD":null,"BIRTHDT":"\/Date(173833200000+0100)\/","NAMEPREFIX":"01","EMAILDATA":"152112noreply@aegon.co.uk","ACTIVE":1,"STATIC_RESPONSE_GROUP_ID":9,"USER_ACC_DEMO_ID":441,"DESCRIPT":"Demo for AXA","ADDROTHERID":152112,"GROUPTOTAL":1},{"USER_ACC_ID":26239,"CHKN_SLT_HSH":"db2cf6ea34b07ae3a7f5dc712f0f1a531b8d8f5c","USER_TYPE":2,"LOCKED":null,"NAMEID":566033,"FIRSTNAME":"John","MIDNAME":null,"LASTNAME":"Smith","SEXCD":null,"BIRTHDT":"\/Date(173833200000+0100)\/","NAMEPREFIX":"01","EMAILDATA":"152330noreply@aegon.co.uk","ACTIVE":1,"STATIC_RESPONSE_GROUP_ID":9,"USER_ACC_DEMO_ID":461,"DESCRIPT":"Demo for Lockton","ADDROTHERID":152330,"GROUPTOTAL":1},{"USER_ACC_ID":26241,"CHKN_SLT_HSH":"db2cf6ea34b07ae3a7f5dc712f0f1a531b8d8f5c","USER_TYPE":2,"LOCKED":null,"NAMEID":566034,"FIRSTNAME":"John","MIDNAME":null,"LASTNAME":"Smith","SEXCD":null,"BIRTHDT":"\/Date(173833200000+0100)\/","NAMEPREFIX":"01","EMAILDATA":"152334noreply@aegon.co.uk","ACTIVE":1,"STATIC_RESPONSE_GROUP_ID":9,"USER_ACC_DEMO_ID":462,"DESCRIPT":"Demo for Renishaw","ADDROTHERID":152334,"GROUPTOTAL":1},{"USER_ACC_ID":26490,"CHKN_SLT_HSH":"db2cf6ea34b07ae3a7f5dc712f0f1a531b8d8f5c","USER_TYPE":2,"LOCKED":null,"NAMEID":570418,"FIRSTNAME":"John","MIDNAME":null,"LASTNAME":"Smith","SEXCD":null,"BIRTHDT":"\/Date(173833200000+0100)\/","NAMEPREFIX":"01","EMAILDATA":"152913noreply@aegon.co.uk","ACTIVE":1,"STATIC_RESPONSE_GROUP_ID":9,"USER_ACC_DEMO_ID":481,"DESCRIPT":"Demo for MHFI","ADDROTHERID":152913,"GROUPTOTAL":1},{"USER_ACC_ID":26775,"CHKN_SLT_HSH":"db2cf6ea34b07ae3a7f5dc712f0f1a531b8d8f5c","USER_TYPE":2,"LOCKED":null,"NAMEID":571135,"FIRSTNAME":"John","MIDNAME":null,"LASTNAME":"Smith","SEXCD":null,"BIRTHDT":"\/Date(-55934326800000+0100)\/","NAMEPREFIX":"01","EMAILDATA":"153578noreply@aegon.co.uk","ACTIVE":1,"STATIC_RESPONSE_GROUP_ID":9,"USER_ACC_DEMO_ID":501,"DESCRIPT":"Demo for Grafton","ADDROTHERID":153578,"GROUPTOTAL":1},{"USER_ACC_ID":26850,"CHKN_SLT_HSH":"db2cf6ea34b07ae3a7f5dc712f0f1a531b8d8f5c","USER_TYPE":2,"LOCKED":null,"NAMEID":571227,"FIRSTNAME":"John","MIDNAME":null,"LASTNAME":"Smith","SEXCD":null,"BIRTHDT":"\/Date(173833200000+0100)\/","NAMEPREFIX":"01","EMAILDATA":"153729noreply@aegon.co.uk","ACTIVE":1,"STATIC_RESPONSE_GROUP_ID":9,"USER_ACC_DEMO_ID":502,"DESCRIPT":"Demo for Fitch Ratings","ADDROTHERID":153729,"GROUPTOTAL":1},{"USER_ACC_ID":27282,"CHKN_SLT_HSH":"db2cf6ea34b07ae3a7f5dc712f0f1a531b8d8f5c","USER_TYPE":2,"LOCKED":null,"NAMEID":571937,"FIRSTNAME":"John","MIDNAME":null,"LASTNAME":"Smith","SEXCD":null,"BIRTHDT":"\/Date(173833200000+0100)\/","NAMEPREFIX":"01","EMAILDATA":"154443noreply@aegon.co.uk","ACTIVE":1,"STATIC_RESPONSE_GROUP_ID":9,"USER_ACC_DEMO_ID":525,"DESCRIPT":"Demo for Northern Gas Network","ADDROTHERID":154443,"GROUPTOTAL":1},{"USER_ACC_ID":28041,"CHKN_SLT_HSH":"db2cf6ea34b07ae3a7f5dc712f0f1a531b8d8f5c","USER_TYPE":2,"LOCKED":null,"NAMEID":573291,"FIRSTNAME":"John","MIDNAME":null,"LASTNAME":"Smith","SEXCD":null,"BIRTHDT":"\/Date(173833200000+0100)\/","NAMEPREFIX":"01","EMAILDATA":"155928noreply@aegon.co.uk","ACTIVE":1,"STATIC_RESPONSE_GROUP_ID":9,"USER_ACC_DEMO_ID":581,"DESCRIPT":"Demo for Pennon","ADDROTHERID":155928,"GROUPTOTAL":1},{"USER_ACC_ID":28042,"CHKN_SLT_HSH":"db2cf6ea34b07ae3a7f5dc712f0f1a531b8d8f5c","USER_TYPE":2,"LOCKED":null,"NAMEID":573292,"FIRSTNAME":"John","MIDNAME":null,"LASTNAME":"Smith","SEXCD":null,"BIRTHDT":"\/Date(173833200000+0100)\/","NAMEPREFIX":"01","EMAILDATA":"155929noreply@aegon.co.uk","ACTIVE":1,"STATIC_RESPONSE_GROUP_ID":9,"USER_ACC_DEMO_ID":582,"DESCRIPT":"Demo for ACCA","ADDROTHERID":155929,"GROUPTOTAL":1},{"USER_ACC_ID":28044,"CHKN_SLT_HSH":"db2cf6ea34b07ae3a7f5dc712f0f1a531b8d8f5c","USER_TYPE":2,"LOCKED":null,"NAMEID":573294,"FIRSTNAME":"John","MIDNAME":null,"LASTNAME":"Smith","SEXCD":null,"BIRTHDT":"\/Date(173833200000+0100)\/","NAMEPREFIX":"01","EMAILDATA":"155930noreply@aegon.co.uk","ACTIVE":1,"STATIC_RESPONSE_GROUP_ID":9,"USER_ACC_DEMO_ID":583,"DESCRIPT":"Demo for Buildbase","ADDROTHERID":155930,"GROUPTOTAL":1},{"USER_ACC_ID":28045,"CHKN_SLT_HSH":"db2cf6ea34b07ae3a7f5dc712f0f1a531b8d8f5c","USER_TYPE":2,"LOCKED":null,"NAMEID":573295,"FIRSTNAME":"John","MIDNAME":null,"LASTNAME":"Smith","SEXCD":null,"BIRTHDT":"\/Date(173833200000+0100)\/","NAMEPREFIX":"01","EMAILDATA":"155931noreply@aegon.co.uk","ACTIVE":1,"STATIC_RESPONSE_GROUP_ID":9,"USER_ACC_DEMO_ID":584,"DESCRIPT":"Demo for Selco Builders","ADDROTHERID":155931,"GROUPTOTAL":1},{"USER_ACC_ID":28046,"CHKN_SLT_HSH":"db2cf6ea34b07ae3a7f5dc712f0f1a531b8d8f5c","USER_TYPE":2,"LOCKED":null,"NAMEID":573296,"FIRSTNAME":"John","MIDNAME":null,"LASTNAME":"Smith","SEXCD":null,"BIRTHDT":"\/Date(173833200000+0100)\/","NAMEPREFIX":"01","EMAILDATA":"155932noreply@aegon.co.uk","ACTIVE":1,"STATIC_RESPONSE_GROUP_ID":9,"USER_ACC_DEMO_ID":585,"DESCRIPT":"Demo for T Rowe Price","ADDROTHERID":155932,"GROUPTOTAL":1},{"USER_ACC_ID":28047,"CHKN_SLT_HSH":"db2cf6ea34b07ae3a7f5dc712f0f1a531b8d8f5c","USER_TYPE":2,"LOCKED":null,"NAMEID":573297,"FIRSTNAME":"John","MIDNAME":null,"LASTNAME":"Smith","SEXCD":null,"BIRTHDT":"\/Date(173833200000+0100)\/","NAMEPREFIX":"01","EMAILDATA":"155933noreply@aegon.co.uk","ACTIVE":1,"STATIC_RESPONSE_GROUP_ID":9,"USER_ACC_DEMO_ID":586,"DESCRIPT":"Demo for Bayer","ADDROTHERID":155933,"GROUPTOTAL":1},{"USER_ACC_ID":28049,"CHKN_SLT_HSH":"4418275e3515d0c30e66b8c3e5b9369b0922e066","USER_TYPE":2,"LOCKED":null,"NAMEID":573299,"FIRSTNAME":"John","MIDNAME":null,"LASTNAME":"Smith","SEXCD":null,"BIRTHDT":"\/Date(173833200000+0100)\/","NAMEPREFIX":"01","EMAILDATA":"155934noreply@aegon.co.uk","ACTIVE":1,"STATIC_RESPONSE_GROUP_ID":9,"USER_ACC_DEMO_ID":587,"DESCRIPT":"Demo for Project Sparkle","ADDROTHERID":155934,"GROUPTOTAL":1},{"USER_ACC_ID":28050,"CHKN_SLT_HSH":"db2cf6ea34b07ae3a7f5dc712f0f1a531b8d8f5c","USER_TYPE":2,"LOCKED":null,"NAMEID":573300,"FIRSTNAME":"John","MIDNAME":null,"LASTNAME":"Smith","SEXCD":null,"BIRTHDT":"\/Date(173833200000+0100)\/","NAMEPREFIX":"01","EMAILDATA":"155935noreply@aegon.co.uk","ACTIVE":1,"STATIC_RESPONSE_GROUP_ID":9,"USER_ACC_DEMO_ID":588,"DESCRIPT":"Demo for Mobius - Caparo","ADDROTHERID":155935,"GROUPTOTAL":1},{"USER_ACC_ID":28051,"CHKN_SLT_HSH":"db2cf6ea34b07ae3a7f5dc712f0f1a531b8d8f5c","USER_TYPE":2,"LOCKED":null,"NAMEID":573301,"FIRSTNAME":"John","MIDNAME":null,"LASTNAME":"Smith","SEXCD":null,"BIRTHDT":"\/Date(173833200000+0100)\/","NAMEPREFIX":"01","EMAILDATA":"155936noreply@aegon.co.uk","ACTIVE":1,"STATIC_RESPONSE_GROUP_ID":9,"USER_ACC_DEMO_ID":589,"DESCRIPT":"Demo for Drax","ADDROTHERID":155936,"GROUPTOTAL":1},{"USER_ACC_ID":28052,"CHKN_SLT_HSH":"db2cf6ea34b07ae3a7f5dc712f0f1a531b8d8f5c","USER_TYPE":2,"LOCKED":null,"NAMEID":573302,"FIRSTNAME":"John","MIDNAME":null,"LASTNAME":"Smith","SEXCD":null,"BIRTHDT":"\/Date(173833200000+0100)\/","NAMEPREFIX":"01","EMAILDATA":"155937noreply@aegon.co.uk","ACTIVE":1,"STATIC_RESPONSE_GROUP_ID":9,"USER_ACC_DEMO_ID":590,"DESCRIPT":"Demo for Muller","ADDROTHERID":155937,"GROUPTOTAL":1},{"USER_ACC_ID":29530,"CHKN_SLT_HSH":"4418275e3515d0c30e66b8c3e5b9369b0922e066","USER_TYPE":2,"LOCKED":null,"NAMEID":578607,"FIRSTNAME":"Drew","MIDNAME":null,"LASTNAME":"Hansford","SEXCD":null,"BIRTHDT":"\/Date(612226800000+0100)\/","NAMEPREFIX":"01","EMAILDATA":"159073noreply@aegon.co.uk","ACTIVE":1,"STATIC_RESPONSE_GROUP_ID":1,"USER_ACC_DEMO_ID":601,"DESCRIPT":null,"ADDROTHERID":159073,"GROUPTOTAL":2},{"USER_ACC_ID":30144,"CHKN_SLT_HSH":"0952b2e80d856be411f52953f21d8bdf5cbb78d9","USER_TYPE":2,"LOCKED":null,"NAMEID":581545,"FIRSTNAME":"John","MIDNAME":null,"LASTNAME":"Smith","SEXCD":null,"BIRTHDT":"\/Date(-631152000000+0000)\/","NAMEPREFIX":"01","EMAILDATA":"160218noreply@aegon.co.uk","ACTIVE":1,"STATIC_RESPONSE_GROUP_ID":9,"USER_ACC_DEMO_ID":621,"DESCRIPT":"Demo Scenario 1 for BBT Demo","ADDROTHERID":160218,"GROUPTOTAL":1},{"USER_ACC_ID":30172,"CHKN_SLT_HSH":"db2cf6ea34b07ae3a7f5dc712f0f1a531b8d8f5c","USER_TYPE":2,"LOCKED":null,"NAMEID":581575,"FIRSTNAME":"John","MIDNAME":null,"LASTNAME":"Smith","SEXCD":null,"BIRTHDT":"\/Date(473817600000+0000)\/","NAMEPREFIX":"01","EMAILDATA":"160254noreply@aegon.co.uk","ACTIVE":1,"STATIC_RESPONSE_GROUP_ID":29,"USER_ACC_DEMO_ID":622,"DESCRIPT":"Bigblue Touch Demo 1 - New Starter","ADDROTHERID":160254,"GROUPTOTAL":2},{"USER_ACC_ID":30175,"CHKN_SLT_HSH":"db2cf6ea34b07ae3a7f5dc712f0f1a531b8d8f5c","USER_TYPE":2,"LOCKED":null,"NAMEID":581577,"FIRSTNAME":"John","MIDNAME":null,"LASTNAME":"Smith","SEXCD":null,"BIRTHDT":"\/Date(-315619200000+0000)\/","NAMEPREFIX":"01","EMAILDATA":"160260noreply@aegon.co.uk","ACTIVE":1,"STATIC_RESPONSE_GROUP_ID":29,"USER_ACC_DEMO_ID":623,"DESCRIPT":"Bigblue Touch Demo 2 - Mid Career","ADDROTHERID":160260,"GROUPTOTAL":2},{"USER_ACC_ID":30176,"CHKN_SLT_HSH":"4418275e3515d0c30e66b8c3e5b9369b0922e066","USER_TYPE":2,"LOCKED":null,"NAMEID":581578,"FIRSTNAME":"John","MIDNAME":null,"LASTNAME":"Smith","SEXCD":null,"BIRTHDT":"\/Date(-631152000000+0000)\/","NAMEPREFIX":"01","EMAILDATA":"160261noreply@aegon.co.uk","ACTIVE":1,"STATIC_RESPONSE_GROUP_ID":29,"USER_ACC_DEMO_ID":624,"DESCRIPT":"Bigblue Touch Demo 3","ADDROTHERID":160261,"GROUPTOTAL":2},{"USER_ACC_ID":30177,"CHKN_SLT_HSH":"db2cf6ea34b07ae3a7f5dc712f0f1a531b8d8f5c","USER_TYPE":2,"LOCKED":null,"NAMEID":581582,"FIRSTNAME":"John","MIDNAME":null,"LASTNAME":"Smith","SEXCD":null,"BIRTHDT":"\/Date(-662688000000+0000)\/","NAMEPREFIX":"01","EMAILDATA":"160263noreply@aegon.co.uk","ACTIVE":1,"STATIC_RESPONSE_GROUP_ID":29,"USER_ACC_DEMO_ID":625,"DESCRIPT":"Bigblue Touch Demo 4 - Post Drawdown Retirement","ADDROTHERID":160263,"GROUPTOTAL":1},{"USER_ACC_ID":34962,"CHKN_SLT_HSH":"db2cf6ea34b07ae3a7f5dc712f0f1a531b8d8f5c","USER_TYPE":2,"LOCKED":null,"NAMEID":606142,"FIRSTNAME":"John","MIDNAME":null,"LASTNAME":"Smith","SEXCD":null,"BIRTHDT":"\/Date(173833200000+0100)\/","NAMEPREFIX":"01","EMAILDATA":"171844noreply@aegon.co.uk","ACTIVE":1,"STATIC_RESPONSE_GROUP_ID":9,"USER_ACC_DEMO_ID":661,"DESCRIPT":null,"ADDROTHERID":171844,"GROUPTOTAL":1},{"USER_ACC_ID":37973,"CHKN_SLT_HSH":"db2cf6ea34b07ae3a7f5dc712f0f1a531b8d8f5c","USER_TYPE":2,"LOCKED":null,"NAMEID":612000,"FIRSTNAME":"Lisa","MIDNAME":null,"LASTNAME":"Battams","SEXCD":null,"BIRTHDT":"\/Date(36979200000+0000)\/","NAMEPREFIX":"02","EMAILDATA":"175711noreply@aegon.co.uk","ACTIVE":1,"STATIC_RESPONSE_GROUP_ID":29,"USER_ACC_DEMO_ID":681,"DESCRIPT":"Test Demo Set Up","ADDROTHERID":175711,"GROUPTOTAL":1},{"USER_ACC_ID":37994,"CHKN_SLT_HSH":"8db799ebeae7096f11faa39a6f22510d4e5ac0eb","USER_TYPE":2,"LOCKED":null,"NAMEID":612006,"FIRSTNAME":"Lisa","MIDNAME":null,"LASTNAME":"Battams","SEXCD":null,"BIRTHDT":"\/Date(36979200000+0000)\/","NAMEPREFIX":"02","EMAILDATA":"175765noreply@aegon.co.uk","ACTIVE":1,"STATIC_RESPONSE_GROUP_ID":29,"USER_ACC_DEMO_ID":682,"DESCRIPT":"Test set up","ADDROTHERID":175765,"GROUPTOTAL":1},{"USER_ACC_ID":38286,"CHKN_SLT_HSH":"9328f44ba3f5afa7707db4cd2b78ddd5d230086d","USER_TYPE":2,"LOCKED":null,"NAMEID":613552,"FIRSTNAME":"Emily","MIDNAME":null,"LASTNAME":"Carter","SEXCD":null,"BIRTHDT":"\/Date(-62135596800000+0000)\/","NAMEPREFIX":"03","EMAILDATA":"176451noreply@aegon.co.uk","ACTIVE":1,"STATIC_RESPONSE_GROUP_ID":9,"USER_ACC_DEMO_ID":701,"DESCRIPT":null,"ADDROTHERID":176451,"GROUPTOTAL":1},{"USER_ACC_ID":44351,"CHKN_SLT_HSH":"4418275e3515d0c30e66b8c3e5b9369b0922e066","USER_TYPE":2,"LOCKED":null,"NAMEID":621757,"FIRSTNAME":"John","MIDNAME":null,"LASTNAME":"Smith","SEXCD":null,"BIRTHDT":"\/Date(173833200000+0100)\/","NAMEPREFIX":"01","EMAILDATA":"184322noreply@aegon.co.uk","ACTIVE":1,"STATIC_RESPONSE_GROUP_ID":9,"USER_ACC_DEMO_ID":721,"DESCRIPT":"Invalie Demo","ADDROTHERID":184322,"GROUPTOTAL":1},{"USER_ACC_ID":44357,"CHKN_SLT_HSH":"0952b2e80d856be411f52953f21d8bdf5cbb78d9","USER_TYPE":2,"LOCKED":null,"NAMEID":621760,"FIRSTNAME":"John","MIDNAME":null,"LASTNAME":"Smith","SEXCD":null,"BIRTHDT":"\/Date(173833200000+0100)\/","NAMEPREFIX":"01","EMAILDATA":"184331noreply@aegon.co.uk","ACTIVE":1,"STATIC_RESPONSE_GROUP_ID":29,"USER_ACC_DEMO_ID":722,"DESCRIPT":"AONBBTDemo1","ADDROTHERID":184331,"GROUPTOTAL":2},{"USER_ACC_ID":44359,"CHKN_SLT_HSH":"4418275e3515d0c30e66b8c3e5b9369b0922e066","USER_TYPE":2,"LOCKED":null,"NAMEID":621761,"FIRSTNAME":"John","MIDNAME":null,"LASTNAME":"Smith","SEXCD":null,"BIRTHDT":"\/Date(173833200000+0100)\/","NAMEPREFIX":"01","EMAILDATA":"184333noreply@aegon.co.uk","ACTIVE":1,"STATIC_RESPONSE_GROUP_ID":29,"USER_ACC_DEMO_ID":723,"DESCRIPT":"AONBBTDemo2","ADDROTHERID":184333,"GROUPTOTAL":2},{"USER_ACC_ID":44360,"CHKN_SLT_HSH":"4418275e3515d0c30e66b8c3e5b9369b0922e066","USER_TYPE":2,"LOCKED":null,"NAMEID":621762,"FIRSTNAME":"John","MIDNAME":null,"LASTNAME":"Smith","SEXCD":null,"BIRTHDT":"\/Date(173833200000+0100)\/","NAMEPREFIX":"01","EMAILDATA":"184334noreply@aegon.co.uk","ACTIVE":1,"STATIC_RESPONSE_GROUP_ID":29,"USER_ACC_DEMO_ID":724,"DESCRIPT":"AONBBTDemo3","ADDROTHERID":184334,"GROUPTOTAL":2},{"USER_ACC_ID":44361,"CHKN_SLT_HSH":"4418275e3515d0c30e66b8c3e5b9369b0922e066","USER_TYPE":2,"LOCKED":null,"NAMEID":621763,"FIRSTNAME":"John","MIDNAME":null,"LASTNAME":"Smith","SEXCD":null,"BIRTHDT":"\/Date(173833200000+0100)\/","NAMEPREFIX":"01","EMAILDATA":"184335noreply@aegon.co.uk","ACTIVE":1,"STATIC_RESPONSE_GROUP_ID":29,"USER_ACC_DEMO_ID":725,"DESCRIPT":"AONBBTDemo4","ADDROTHERID":184335,"GROUPTOTAL":2},{"USER_ACC_ID":44362,"CHKN_SLT_HSH":"4418275e3515d0c30e66b8c3e5b9369b0922e066","USER_TYPE":2,"LOCKED":null,"NAMEID":621764,"FIRSTNAME":"John","MIDNAME":null,"LASTNAME":"Smith","SEXCD":null,"BIRTHDT":"\/Date(173833200000+0100)\/","NAMEPREFIX":"01","EMAILDATA":"184336noreply@aegon.co.uk","ACTIVE":1,"STATIC_RESPONSE_GROUP_ID":29,"USER_ACC_DEMO_ID":726,"DESCRIPT":"AONBBTDemo5","ADDROTHERID":184336,"GROUPTOTAL":2},{"USER_ACC_ID":44363,"CHKN_SLT_HSH":"4418275e3515d0c30e66b8c3e5b9369b0922e066","USER_TYPE":2,"LOCKED":null,"NAMEID":621765,"FIRSTNAME":"John","MIDNAME":null,"LASTNAME":"Smith","SEXCD":null,"BIRTHDT":"\/Date(173833200000+0100)\/","NAMEPREFIX":"01","EMAILDATA":"184337noreply@aegon.co.uk","ACTIVE":1,"STATIC_RESPONSE_GROUP_ID":29,"USER_ACC_DEMO_ID":727,"DESCRIPT":"AONBBTDemo6","ADDROTHERID":184337,"GROUPTOTAL":2},{"USER_ACC_ID":44364,"CHKN_SLT_HSH":"4418275e3515d0c30e66b8c3e5b9369b0922e066","USER_TYPE":2,"LOCKED":null,"NAMEID":621766,"FIRSTNAME":"John","MIDNAME":null,"LASTNAME":"Smith","SEXCD":null,"BIRTHDT":"\/Date(173833200000+0100)\/","NAMEPREFIX":"01","EMAILDATA":"184338noreply@aegon.co.uk","ACTIVE":1,"STATIC_RESPONSE_GROUP_ID":29,"USER_ACC_DEMO_ID":728,"DESCRIPT":"AONBBTDemo7","ADDROTHERID":184338,"GROUPTOTAL":2},{"USER_ACC_ID":44365,"CHKN_SLT_HSH":"4418275e3515d0c30e66b8c3e5b9369b0922e066","USER_TYPE":2,"LOCKED":null,"NAMEID":621767,"FIRSTNAME":"John","MIDNAME":null,"LASTNAME":"Smith","SEXCD":null,"BIRTHDT":"\/Date(173833200000+0100)\/","NAMEPREFIX":"01","EMAILDATA":"184339noreply@aegon.co.uk","ACTIVE":1,"STATIC_RESPONSE_GROUP_ID":29,"USER_ACC_DEMO_ID":729,"DESCRIPT":"AONBBTDemo8","ADDROTHERID":184339,"GROUPTOTAL":2},{"USER_ACC_ID":44366,"CHKN_SLT_HSH":"4418275e3515d0c30e66b8c3e5b9369b0922e066","USER_TYPE":2,"LOCKED":null,"NAMEID":621768,"FIRSTNAME":"John","MIDNAME":null,"LASTNAME":"Smith","SEXCD":null,"BIRTHDT":"\/Date(173833200000+0100)\/","NAMEPREFIX":"01","EMAILDATA":"184340noreply@aegon.co.uk","ACTIVE":1,"STATIC_RESPONSE_GROUP_ID":29,"USER_ACC_DEMO_ID":730,"DESCRIPT":"AONBBTDemo9","ADDROTHERID":184340,"GROUPTOTAL":2},{"USER_ACC_ID":44368,"CHKN_SLT_HSH":"4418275e3515d0c30e66b8c3e5b9369b0922e066","USER_TYPE":2,"LOCKED":null,"NAMEID":621770,"FIRSTNAME":"John","MIDNAME":null,"LASTNAME":"Smith","SEXCD":null,"BIRTHDT":"\/Date(173833200000+0100)\/","NAMEPREFIX":"01","EMAILDATA":"184342noreply@aegon.co.uk","ACTIVE":1,"STATIC_RESPONSE_GROUP_ID":29,"USER_ACC_DEMO_ID":732,"DESCRIPT":"AONBBTDemo11","ADDROTHERID":184342,"GROUPTOTAL":2},{"USER_ACC_ID":44369,"CHKN_SLT_HSH":"4418275e3515d0c30e66b8c3e5b9369b0922e066","USER_TYPE":2,"LOCKED":null,"NAMEID":621771,"FIRSTNAME":"John","MIDNAME":null,"LASTNAME":"Smith","SEXCD":null,"BIRTHDT":"\/Date(173833200000+0100)\/","NAMEPREFIX":"01","EMAILDATA":"184343noreply@aegon.co.uk","ACTIVE":1,"STATIC_RESPONSE_GROUP_ID":29,"USER_ACC_DEMO_ID":733,"DESCRIPT":"AONBBTDemo12","ADDROTHERID":184343,"GROUPTOTAL":2},{"USER_ACC_ID":44371,"CHKN_SLT_HSH":"4418275e3515d0c30e66b8c3e5b9369b0922e066","USER_TYPE":2,"LOCKED":null,"NAMEID":621772,"FIRSTNAME":"John","MIDNAME":null,"LASTNAME":"Smith","SEXCD":null,"BIRTHDT":"\/Date(173833200000+0100)\/","NAMEPREFIX":"01","EMAILDATA":"184345noreply@aegon.co.uk","ACTIVE":1,"STATIC_RESPONSE_GROUP_ID":29,"USER_ACC_DEMO_ID":734,"DESCRIPT":"AONBBTDemo13","ADDROTHERID":184345,"GROUPTOTAL":2},{"USER_ACC_ID":44372,"CHKN_SLT_HSH":"4418275e3515d0c30e66b8c3e5b9369b0922e066","USER_TYPE":2,"LOCKED":null,"NAMEID":621774,"FIRSTNAME":"John","MIDNAME":null,"LASTNAME":"Smith","SEXCD":null,"BIRTHDT":"\/Date(173833200000+0100)\/","NAMEPREFIX":"01","EMAILDATA":"184346noreply@aegon.co.uk","ACTIVE":1,"STATIC_RESPONSE_GROUP_ID":29,"USER_ACC_DEMO_ID":735,"DESCRIPT":"AONBBTDemo14","ADDROTHERID":184346,"GROUPTOTAL":2},{"USER_ACC_ID":44373,"CHKN_SLT_HSH":"4418275e3515d0c30e66b8c3e5b9369b0922e066","USER_TYPE":2,"LOCKED":null,"NAMEID":621775,"FIRSTNAME":"John","MIDNAME":null,"LASTNAME":"Smith","SEXCD":null,"BIRTHDT":"\/Date(173833200000+0100)\/","NAMEPREFIX":"01","EMAILDATA":"184347noreply@aegon.co.uk","ACTIVE":1,"STATIC_RESPONSE_GROUP_ID":29,"USER_ACC_DEMO_ID":736,"DESCRIPT":"AONBBTDemo15","ADDROTHERID":184347,"GROUPTOTAL":2},{"USER_ACC_ID":44374,"CHKN_SLT_HSH":"4418275e3515d0c30e66b8c3e5b9369b0922e066","USER_TYPE":2,"LOCKED":null,"NAMEID":621776,"FIRSTNAME":"John","MIDNAME":null,"LASTNAME":"Smith","SEXCD":null,"BIRTHDT":"\/Date(173833200000+0100)\/","NAMEPREFIX":"01","EMAILDATA":"184349noreply@aegon.co.uk","ACTIVE":1,"STATIC_RESPONSE_GROUP_ID":29,"USER_ACC_DEMO_ID":737,"DESCRIPT":"AONBBTDemo16","ADDROTHERID":184349,"GROUPTOTAL":2},{"USER_ACC_ID":44375,"CHKN_SLT_HSH":"4418275e3515d0c30e66b8c3e5b9369b0922e066","USER_TYPE":2,"LOCKED":null,"NAMEID":621777,"FIRSTNAME":"John","MIDNAME":null,"LASTNAME":"Smith","SEXCD":null,"BIRTHDT":"\/Date(173833200000+0100)\/","NAMEPREFIX":"01","EMAILDATA":"184350noreply@aegon.co.uk","ACTIVE":1,"STATIC_RESPONSE_GROUP_ID":29,"USER_ACC_DEMO_ID":738,"DESCRIPT":"AONBBTDemo17","ADDROTHERID":184350,"GROUPTOTAL":2},{"USER_ACC_ID":44377,"CHKN_SLT_HSH":"4418275e3515d0c30e66b8c3e5b9369b0922e066","USER_TYPE":2,"LOCKED":null,"NAMEID":621778,"FIRSTNAME":"John","MIDNAME":null,"LASTNAME":"Smith","SEXCD":null,"BIRTHDT":"\/Date(173833200000+0100)\/","NAMEPREFIX":"01","EMAILDATA":"184352noreply@aegon.co.uk","ACTIVE":1,"STATIC_RESPONSE_GROUP_ID":29,"USER_ACC_DEMO_ID":739,"DESCRIPT":"AONBBTDemo18","ADDROTHERID":184352,"GROUPTOTAL":2},{"USER_ACC_ID":44378,"CHKN_SLT_HSH":"4418275e3515d0c30e66b8c3e5b9369b0922e066","USER_TYPE":2,"LOCKED":null,"NAMEID":621779,"FIRSTNAME":"John","MIDNAME":null,"LASTNAME":"Smith","SEXCD":null,"BIRTHDT":"\/Date(173833200000+0100)\/","NAMEPREFIX":"01","EMAILDATA":"184353noreply@aegon.co.uk","ACTIVE":1,"STATIC_RESPONSE_GROUP_ID":29,"USER_ACC_DEMO_ID":740,"DESCRIPT":"AONBBTDemo19","ADDROTHERID":184353,"GROUPTOTAL":2},{"USER_ACC_ID":44379,"CHKN_SLT_HSH":"4418275e3515d0c30e66b8c3e5b9369b0922e066","USER_TYPE":2,"LOCKED":null,"NAMEID":621780,"FIRSTNAME":"John","MIDNAME":null,"LASTNAME":"Smith","SEXCD":null,"BIRTHDT":"\/Date(173833200000+0100)\/","NAMEPREFIX":"01","EMAILDATA":"184354noreply@aegon.co.uk","ACTIVE":1,"STATIC_RESPONSE_GROUP_ID":29,"USER_ACC_DEMO_ID":741,"DESCRIPT":"AONBBTDemo20","ADDROTHERID":184354,"GROUPTOTAL":2},{"USER_ACC_ID":44380,"CHKN_SLT_HSH":"4418275e3515d0c30e66b8c3e5b9369b0922e066","USER_TYPE":2,"LOCKED":null,"NAMEID":621781,"FIRSTNAME":"John","MIDNAME":null,"LASTNAME":"Smith","SEXCD":null,"BIRTHDT":"\/Date(173833200000+0100)\/","NAMEPREFIX":"01","EMAILDATA":"184355noreply@aegon.co.uk","ACTIVE":1,"STATIC_RESPONSE_GROUP_ID":29,"USER_ACC_DEMO_ID":742,"DESCRIPT":"AONBBTDemo21","ADDROTHERID":184355,"GROUPTOTAL":2},{"USER_ACC_ID":44381,"CHKN_SLT_HSH":"4418275e3515d0c30e66b8c3e5b9369b0922e066","USER_TYPE":2,"LOCKED":null,"NAMEID":621782,"FIRSTNAME":"John","MIDNAME":null,"LASTNAME":"Smith","SEXCD":null,"BIRTHDT":"\/Date(173833200000+0100)\/","NAMEPREFIX":"01","EMAILDATA":"184356noreply@aegon.co.uk","ACTIVE":1,"STATIC_RESPONSE_GROUP_ID":29,"USER_ACC_DEMO_ID":743,"DESCRIPT":"AONBBTDemo22","ADDROTHERID":184356,"GROUPTOTAL":2},{"USER_ACC_ID":44382,"CHKN_SLT_HSH":"4418275e3515d0c30e66b8c3e5b9369b0922e066","USER_TYPE":2,"LOCKED":null,"NAMEID":621783,"FIRSTNAME":"John","MIDNAME":null,"LASTNAME":"Smith","SEXCD":null,"BIRTHDT":"\/Date(173833200000+0100)\/","NAMEPREFIX":"01","EMAILDATA":"184357noreply@aegon.co.uk","ACTIVE":1,"STATIC_RESPONSE_GROUP_ID":29,"USER_ACC_DEMO_ID":744,"DESCRIPT":"AONBBTDemo23","ADDROTHERID":184357,"GROUPTOTAL":2},{"USER_ACC_ID":44383,"CHKN_SLT_HSH":"4418275e3515d0c30e66b8c3e5b9369b0922e066","USER_TYPE":2,"LOCKED":null,"NAMEID":621784,"FIRSTNAME":"John","MIDNAME":null,"LASTNAME":"Smith","SEXCD":null,"BIRTHDT":"\/Date(173833200000+0100)\/","NAMEPREFIX":"01","EMAILDATA":"184358noreply@aegon.co.uk","ACTIVE":1,"STATIC_RESPONSE_GROUP_ID":29,"USER_ACC_DEMO_ID":745,"DESCRIPT":"AONBBTDemo24","ADDROTHERID":184358,"GROUPTOTAL":2},{"USER_ACC_ID":44384,"CHKN_SLT_HSH":"4418275e3515d0c30e66b8c3e5b9369b0922e066","USER_TYPE":2,"LOCKED":null,"NAMEID":621785,"FIRSTNAME":"John","MIDNAME":null,"LASTNAME":"Smith","SEXCD":null,"BIRTHDT":"\/Date(173833200000+0100)\/","NAMEPREFIX":"01","EMAILDATA":"184359noreply@aegon.co.uk","ACTIVE":1,"STATIC_RESPONSE_GROUP_ID":29,"USER_ACC_DEMO_ID":746,"DESCRIPT":"AONBBTDemo25","ADDROTHERID":184359,"GROUPTOTAL":2},{"USER_ACC_ID":44385,"CHKN_SLT_HSH":"4418275e3515d0c30e66b8c3e5b9369b0922e066","USER_TYPE":2,"LOCKED":null,"NAMEID":621787,"FIRSTNAME":"John","MIDNAME":null,"LASTNAME":"Smith","SEXCD":null,"BIRTHDT":"\/Date(173833200000+0100)\/","NAMEPREFIX":"01","EMAILDATA":"184360noreply@aegon.co.uk","ACTIVE":1,"STATIC_RESPONSE_GROUP_ID":29,"USER_ACC_DEMO_ID":747,"DESCRIPT":"AONBBTDemo26","ADDROTHERID":184360,"GROUPTOTAL":2},{"USER_ACC_ID":44386,"CHKN_SLT_HSH":"4418275e3515d0c30e66b8c3e5b9369b0922e066","USER_TYPE":2,"LOCKED":null,"NAMEID":621788,"FIRSTNAME":"John","MIDNAME":null,"LASTNAME":"Smith","SEXCD":null,"BIRTHDT":"\/Date(173833200000+0100)\/","NAMEPREFIX":"01","EMAILDATA":"184361noreply@aegon.co.uk","ACTIVE":1,"STATIC_RESPONSE_GROUP_ID":29,"USER_ACC_DEMO_ID":748,"DESCRIPT":"AONBBTDemo27","ADDROTHERID":184361,"GROUPTOTAL":2},{"USER_ACC_ID":44387,"CHKN_SLT_HSH":"4418275e3515d0c30e66b8c3e5b9369b0922e066","USER_TYPE":2,"LOCKED":null,"NAMEID":621789,"FIRSTNAME":"John","MIDNAME":null,"LASTNAME":"Smith","SEXCD":null,"BIRTHDT":"\/Date(173833200000+0100)\/","NAMEPREFIX":"01","EMAILDATA":"184362noreply@aegon.co.uk","ACTIVE":1,"STATIC_RESPONSE_GROUP_ID":29,"USER_ACC_DEMO_ID":749,"DESCRIPT":"AONBBTDemo28","ADDROTHERID":184362,"GROUPTOTAL":2},{"USER_ACC_ID":44388,"CHKN_SLT_HSH":"4418275e3515d0c30e66b8c3e5b9369b0922e066","USER_TYPE":2,"LOCKED":null,"NAMEID":621790,"FIRSTNAME":"John","MIDNAME":null,"LASTNAME":"Smith","SEXCD":null,"BIRTHDT":"\/Date(173833200000+0100)\/","NAMEPREFIX":"01","EMAILDATA":"184363noreply@aegon.co.uk","ACTIVE":1,"STATIC_RESPONSE_GROUP_ID":29,"USER_ACC_DEMO_ID":750,"DESCRIPT":"AONBBTDemo29","ADDROTHERID":184363,"GROUPTOTAL":2},{"USER_ACC_ID":44389,"CHKN_SLT_HSH":"4418275e3515d0c30e66b8c3e5b9369b0922e066","USER_TYPE":2,"LOCKED":null,"NAMEID":621791,"FIRSTNAME":"John","MIDNAME":null,"LASTNAME":"Smith","SEXCD":null,"BIRTHDT":"\/Date(173833200000+0100)\/","NAMEPREFIX":"01","EMAILDATA":"184364noreply@aegon.co.uk","ACTIVE":1,"STATIC_RESPONSE_GROUP_ID":29,"USER_ACC_DEMO_ID":751,"DESCRIPT":"AONBBTDemo30","ADDROTHERID":184364,"GROUPTOTAL":2},{"USER_ACC_ID":44390,"CHKN_SLT_HSH":"4418275e3515d0c30e66b8c3e5b9369b0922e066","USER_TYPE":2,"LOCKED":null,"NAMEID":621792,"FIRSTNAME":"John","MIDNAME":null,"LASTNAME":"Smith","SEXCD":null,"BIRTHDT":"\/Date(173833200000+0100)\/","NAMEPREFIX":"01","EMAILDATA":"184365noreply@aegon.co.uk","ACTIVE":1,"STATIC_RESPONSE_GROUP_ID":29,"USER_ACC_DEMO_ID":752,"DESCRIPT":"AONBBTDemo31","ADDROTHERID":184365,"GROUPTOTAL":2},{"USER_ACC_ID":44391,"CHKN_SLT_HSH":"4418275e3515d0c30e66b8c3e5b9369b0922e066","USER_TYPE":2,"LOCKED":null,"NAMEID":621793,"FIRSTNAME":"John","MIDNAME":null,"LASTNAME":"Smith","SEXCD":null,"BIRTHDT":"\/Date(173833200000+0100)\/","NAMEPREFIX":"01","EMAILDATA":"184366noreply@aegon.co.uk","ACTIVE":1,"STATIC_RESPONSE_GROUP_ID":29,"USER_ACC_DEMO_ID":753,"DESCRIPT":"AONBBTDemo32","ADDROTHERID":184366,"GROUPTOTAL":2},{"USER_ACC_ID":44392,"CHKN_SLT_HSH":"4418275e3515d0c30e66b8c3e5b9369b0922e066","USER_TYPE":2,"LOCKED":null,"NAMEID":621794,"FIRSTNAME":"John","MIDNAME":null,"LASTNAME":"Smith","SEXCD":null,"BIRTHDT":"\/Date(173833200000+0100)\/","NAMEPREFIX":"01","EMAILDATA":"184367noreply@aegon.co.uk","ACTIVE":1,"STATIC_RESPONSE_GROUP_ID":29,"USER_ACC_DEMO_ID":754,"DESCRIPT":"AONBBTDemo33","ADDROTHERID":184367,"GROUPTOTAL":2},{"USER_ACC_ID":44393,"CHKN_SLT_HSH":"4418275e3515d0c30e66b8c3e5b9369b0922e066","USER_TYPE":2,"LOCKED":null,"NAMEID":621795,"FIRSTNAME":"John","MIDNAME":null,"LASTNAME":"Smith","SEXCD":null,"BIRTHDT":"\/Date(173833200000+0100)\/","NAMEPREFIX":"01","EMAILDATA":"184368noreply@aegon.co.uk","ACTIVE":1,"STATIC_RESPONSE_GROUP_ID":29,"USER_ACC_DEMO_ID":755,"DESCRIPT":"AONBBTDemo34","ADDROTHERID":184368,"GROUPTOTAL":2},{"USER_ACC_ID":44394,"CHKN_SLT_HSH":"4418275e3515d0c30e66b8c3e5b9369b0922e066","USER_TYPE":2,"LOCKED":null,"NAMEID":621796,"FIRSTNAME":"John","MIDNAME":null,"LASTNAME":"Smith","SEXCD":null,"BIRTHDT":"\/Date(173833200000+0100)\/","NAMEPREFIX":"01","EMAILDATA":"184369noreply@aegon.co.uk","ACTIVE":1,"STATIC_RESPONSE_GROUP_ID":29,"USER_ACC_DEMO_ID":756,"DESCRIPT":"AONBBTDemo35","ADDROTHERID":184369,"GROUPTOTAL":2},{"USER_ACC_ID":44395,"CHKN_SLT_HSH":"4418275e3515d0c30e66b8c3e5b9369b0922e066","USER_TYPE":2,"LOCKED":null,"NAMEID":621797,"FIRSTNAME":"John","MIDNAME":null,"LASTNAME":"Smith","SEXCD":null,"BIRTHDT":"\/Date(173833200000+0100)\/","NAMEPREFIX":"01","EMAILDATA":"184370noreply@aegon.co.uk","ACTIVE":1,"STATIC_RESPONSE_GROUP_ID":29,"USER_ACC_DEMO_ID":757,"DESCRIPT":"AONBBTDemo36","ADDROTHERID":184370,"GROUPTOTAL":2},{"USER_ACC_ID":44396,"CHKN_SLT_HSH":"4418275e3515d0c30e66b8c3e5b9369b0922e066","USER_TYPE":2,"LOCKED":null,"NAMEID":621798,"FIRSTNAME":"John","MIDNAME":null,"LASTNAME":"Smith","SEXCD":null,"BIRTHDT":"\/Date(173833200000+0100)\/","NAMEPREFIX":"01","EMAILDATA":"184371noreply@aegon.co.uk","ACTIVE":1,"STATIC_RESPONSE_GROUP_ID":29,"USER_ACC_DEMO_ID":758,"DESCRIPT":"AONBBTDemo37","ADDROTHERID":184371,"GROUPTOTAL":2},{"USER_ACC_ID":44397,"CHKN_SLT_HSH":"4418275e3515d0c30e66b8c3e5b9369b0922e066","USER_TYPE":2,"LOCKED":null,"NAMEID":621799,"FIRSTNAME":"John","MIDNAME":null,"LASTNAME":"Smith","SEXCD":null,"BIRTHDT":"\/Date(173833200000+0100)\/","NAMEPREFIX":"01","EMAILDATA":"184372noreply@aegon.co.uk","ACTIVE":1,"STATIC_RESPONSE_GROUP_ID":29,"USER_ACC_DEMO_ID":759,"DESCRIPT":"AONBBTDemo38","ADDROTHERID":184372,"GROUPTOTAL":2},{"USER_ACC_ID":44398,"CHKN_SLT_HSH":"4418275e3515d0c30e66b8c3e5b9369b0922e066","USER_TYPE":2,"LOCKED":null,"NAMEID":621800,"FIRSTNAME":"John","MIDNAME":null,"LASTNAME":"Smith","SEXCD":null,"BIRTHDT":"\/Date(173833200000+0100)\/","NAMEPREFIX":"01","EMAILDATA":"184373noreply@aegon.co.uk","ACTIVE":1,"STATIC_RESPONSE_GROUP_ID":29,"USER_ACC_DEMO_ID":760,"DESCRIPT":"AONBBTDemo39","ADDROTHERID":184373,"GROUPTOTAL":2},{"USER_ACC_ID":44399,"CHKN_SLT_HSH":"4418275e3515d0c30e66b8c3e5b9369b0922e066","USER_TYPE":2,"LOCKED":null,"NAMEID":621801,"FIRSTNAME":"John","MIDNAME":null,"LASTNAME":"Smith","SEXCD":null,"BIRTHDT":"\/Date(173833200000+0100)\/","NAMEPREFIX":"01","EMAILDATA":"184374noreply@aegon.co.uk","ACTIVE":1,"STATIC_RESPONSE_GROUP_ID":29,"USER_ACC_DEMO_ID":761,"DESCRIPT":"AONBBTDemo40","ADDROTHERID":184374,"GROUPTOTAL":2},{"USER_ACC_ID":46130,"CHKN_SLT_HSH":"4418275e3515d0c30e66b8c3e5b9369b0922e066","USER_TYPE":2,"LOCKED":null,"NAMEID":625456,"FIRSTNAME":"John","MIDNAME":null,"LASTNAME":"Smith","SEXCD":null,"BIRTHDT":"\/Date(-62135596800000+0000)\/","NAMEPREFIX":"01","EMAILDATA":"187688noreply@aegon.co.uk","ACTIVE":1,"STATIC_RESPONSE_GROUP_ID":9,"USER_ACC_DEMO_ID":781,"DESCRIPT":"Demo for Easyjet","ADDROTHERID":187688,"GROUPTOTAL":2},{"USER_ACC_ID":46550,"CHKN_SLT_HSH":"4418275e3515d0c30e66b8c3e5b9369b0922e066","USER_TYPE":2,"LOCKED":null,"NAMEID":626128,"FIRSTNAME":"Demo","MIDNAME":null,"LASTNAME":"Example","SEXCD":null,"BIRTHDT":"\/Date(-473385600000+0000)\/","NAMEPREFIX":"01","EMAILDATA":"188632noreply@aegon.co.uk","ACTIVE":1,"STATIC_RESPONSE_GROUP_ID":29,"USER_ACC_DEMO_ID":801,"DESCRIPT":"Aon Mastertrust Demo","ADDROTHERID":188632,"GROUPTOTAL":2},{"USER_ACC_ID":49415,"CHKN_SLT_HSH":"4418275e3515d0c30e66b8c3e5b9369b0922e066","USER_TYPE":2,"LOCKED":null,"NAMEID":634123,"FIRSTNAME":"John","MIDNAME":null,"LASTNAME":"Smith","SEXCD":null,"BIRTHDT":"\/Date(173833200000+0100)\/","NAMEPREFIX":"01","EMAILDATA":"194499noreply@aegon.co.uk","ACTIVE":1,"STATIC_RESPONSE_GROUP_ID":9,"USER_ACC_DEMO_ID":821,"DESCRIPT":"Demo for Fluor","ADDROTHERID":194499,"GROUPTOTAL":1},{"USER_ACC_ID":49429,"CHKN_SLT_HSH":"4418275e3515d0c30e66b8c3e5b9369b0922e066","USER_TYPE":2,"LOCKED":null,"NAMEID":634178,"FIRSTNAME":"John","MIDNAME":null,"LASTNAME":"Smith","SEXCD":null,"BIRTHDT":"\/Date(173833200000+0100)\/","NAMEPREFIX":"01","EMAILDATA":"194542noreply@aegon.co.uk","ACTIVE":1,"STATIC_RESPONSE_GROUP_ID":29,"USER_ACC_DEMO_ID":841,"DESCRIPT":"AONBBTMASTERTRUSTdemo1","ADDROTHERID":194542,"GROUPTOTAL":2},{"USER_ACC_ID":49431,"CHKN_SLT_HSH":"4418275e3515d0c30e66b8c3e5b9369b0922e066","USER_TYPE":2,"LOCKED":null,"NAMEID":634182,"FIRSTNAME":"John","MIDNAME":null,"LASTNAME":"Smith","SEXCD":null,"BIRTHDT":"\/Date(173833200000+0100)\/","NAMEPREFIX":"01","EMAILDATA":"194545noreply@aegon.co.uk","ACTIVE":1,"STATIC_RESPONSE_GROUP_ID":9,"USER_ACC_DEMO_ID":842,"DESCRIPT":"Demo for Tullis Russell","ADDROTHERID":194545,"GROUPTOTAL":2},{"USER_ACC_ID":49433,"CHKN_SLT_HSH":"4418275e3515d0c30e66b8c3e5b9369b0922e066","USER_TYPE":2,"LOCKED":null,"NAMEID":634189,"FIRSTNAME":"John","MIDNAME":null,"LASTNAME":"Smith","SEXCD":null,"BIRTHDT":"\/Date(173833200000+0100)\/","NAMEPREFIX":"01","EMAILDATA":"194549noreply@aegon.co.uk","ACTIVE":1,"STATIC_RESPONSE_GROUP_ID":29,"USER_ACC_DEMO_ID":843,"DESCRIPT":"AONBBTMASTERTRUSTdemo2","ADDROTHERID":194549,"GROUPTOTAL":2},{"USER_ACC_ID":49446,"CHKN_SLT_HSH":"4418275e3515d0c30e66b8c3e5b9369b0922e066","USER_TYPE":2,"LOCKED":null,"NAMEID":634202,"FIRSTNAME":"John","MIDNAME":null,"LASTNAME":"Smith","SEXCD":null,"BIRTHDT":"\/Date(173833200000+0100)\/","NAMEPREFIX":"01","EMAILDATA":"194564noreply@aegon.co.uk","ACTIVE":1,"STATIC_RESPONSE_GROUP_ID":29,"USER_ACC_DEMO_ID":844,"DESCRIPT":"AONBBTMASTERTRUSTdemo3","ADDROTHERID":194564,"GROUPTOTAL":2},{"USER_ACC_ID":49452,"CHKN_SLT_HSH":"4418275e3515d0c30e66b8c3e5b9369b0922e066","USER_TYPE":2,"LOCKED":null,"NAMEID":634209,"FIRSTNAME":"John","MIDNAME":null,"LASTNAME":"Smith","SEXCD":null,"BIRTHDT":"\/Date(173833200000+0100)\/","NAMEPREFIX":"01","EMAILDATA":"194571noreply@aegon.co.uk","ACTIVE":1,"STATIC_RESPONSE_GROUP_ID":29,"USER_ACC_DEMO_ID":845,"DESCRIPT":"AONBBTMASTERTRUSTdemo4","ADDROTHERID":194571,"GROUPTOTAL":2},{"USER_ACC_ID":49455,"CHKN_SLT_HSH":"4418275e3515d0c30e66b8c3e5b9369b0922e066","USER_TYPE":2,"LOCKED":null,"NAMEID":634211,"FIRSTNAME":"John","MIDNAME":null,"LASTNAME":"Smith","SEXCD":null,"BIRTHDT":"\/Date(173833200000+0100)\/","NAMEPREFIX":"01","EMAILDATA":"194575noreply@aegon.co.uk","ACTIVE":1,"STATIC_RESPONSE_GROUP_ID":29,"USER_ACC_DEMO_ID":846,"DESCRIPT":"AONBBTMASTERTRUSTdemo5","ADDROTHERID":194575,"GROUPTOTAL":2},{"USER_ACC_ID":49457,"CHKN_SLT_HSH":"4418275e3515d0c30e66b8c3e5b9369b0922e066","USER_TYPE":2,"LOCKED":null,"NAMEID":634213,"FIRSTNAME":"John","MIDNAME":null,"LASTNAME":"Smith","SEXCD":null,"BIRTHDT":"\/Date(173833200000+0100)\/","NAMEPREFIX":"01","EMAILDATA":"194577noreply@aegon.co.uk","ACTIVE":1,"STATIC_RESPONSE_GROUP_ID":29,"USER_ACC_DEMO_ID":847,"DESCRIPT":"AONBBTMASTERTRUSTdemo6","ADDROTHERID":194577,"GROUPTOTAL":2},{"USER_ACC_ID":49459,"CHKN_SLT_HSH":"4418275e3515d0c30e66b8c3e5b9369b0922e066","USER_TYPE":2,"LOCKED":null,"NAMEID":634216,"FIRSTNAME":"John","MIDNAME":null,"LASTNAME":"Smith","SEXCD":null,"BIRTHDT":"\/Date(173833200000+0100)\/","NAMEPREFIX":"01","EMAILDATA":"194580noreply@aegon.co.uk","ACTIVE":1,"STATIC_RESPONSE_GROUP_ID":29,"USER_ACC_DEMO_ID":848,"DESCRIPT":"AONBBTMASTERTRUSTdemo7","ADDROTHERID":194580,"GROUPTOTAL":2},{"USER_ACC_ID":49460,"CHKN_SLT_HSH":"4418275e3515d0c30e66b8c3e5b9369b0922e066","USER_TYPE":2,"LOCKED":null,"NAMEID":634218,"FIRSTNAME":"John","MIDNAME":null,"LASTNAME":"Smith","SEXCD":null,"BIRTHDT":"\/Date(173833200000+0100)\/","NAMEPREFIX":"01","EMAILDATA":"194581noreply@aegon.co.uk","ACTIVE":1,"STATIC_RESPONSE_GROUP_ID":29,"USER_ACC_DEMO_ID":849,"DESCRIPT":"AONBBTMASTERTRUSTdemo8","ADDROTHERID":194581,"GROUPTOTAL":2},{"USER_ACC_ID":49462,"CHKN_SLT_HSH":"4418275e3515d0c30e66b8c3e5b9369b0922e066","USER_TYPE":2,"LOCKED":null,"NAMEID":634219,"FIRSTNAME":"John","MIDNAME":null,"LASTNAME":"Smith","SEXCD":null,"BIRTHDT":"\/Date(173833200000+0100)\/","NAMEPREFIX":"01","EMAILDATA":"194584noreply@aegon.co.uk","ACTIVE":1,"STATIC_RESPONSE_GROUP_ID":29,"USER_ACC_DEMO_ID":850,"DESCRIPT":"AONBBTMASTERTRUSTdemo9","ADDROTHERID":194584,"GROUPTOTAL":2},{"USER_ACC_ID":49465,"CHKN_SLT_HSH":"4418275e3515d0c30e66b8c3e5b9369b0922e066","USER_TYPE":2,"LOCKED":null,"NAMEID":634221,"FIRSTNAME":"John","MIDNAME":null,"LASTNAME":"Smith","SEXCD":null,"BIRTHDT":"\/Date(173833200000+0100)\/","NAMEPREFIX":"01","EMAILDATA":"194589noreply@aegon.co.uk","ACTIVE":1,"STATIC_RESPONSE_GROUP_ID":29,"USER_ACC_DEMO_ID":852,"DESCRIPT":"AONBBTMASTERTRUSTdemo11","ADDROTHERID":194589,"GROUPTOTAL":2},{"USER_ACC_ID":49466,"CHKN_SLT_HSH":"4418275e3515d0c30e66b8c3e5b9369b0922e066","USER_TYPE":2,"LOCKED":null,"NAMEID":634222,"FIRSTNAME":"John","MIDNAME":null,"LASTNAME":"Smith","SEXCD":null,"BIRTHDT":"\/Date(173833200000+0100)\/","NAMEPREFIX":"01","EMAILDATA":"194590noreply@aegon.co.uk","ACTIVE":1,"STATIC_RESPONSE_GROUP_ID":29,"USER_ACC_DEMO_ID":853,"DESCRIPT":"AONBBTMASTERTRUSTdemo12","ADDROTHERID":194590,"GROUPTOTAL":2},{"USER_ACC_ID":49467,"CHKN_SLT_HSH":"4418275e3515d0c30e66b8c3e5b9369b0922e066","USER_TYPE":2,"LOCKED":null,"NAMEID":634224,"FIRSTNAME":"John","MIDNAME":null,"LASTNAME":"Smith","SEXCD":null,"BIRTHDT":"\/Date(173833200000+0100)\/","NAMEPREFIX":"01","EMAILDATA":"194592noreply@aegon.co.uk","ACTIVE":1,"STATIC_RESPONSE_GROUP_ID":29,"USER_ACC_DEMO_ID":854,"DESCRIPT":"AONBBTMASTERTRUSTdemo13","ADDROTHERID":194592,"GROUPTOTAL":2},{"USER_ACC_ID":49468,"CHKN_SLT_HSH":"4418275e3515d0c30e66b8c3e5b9369b0922e066","USER_TYPE":2,"LOCKED":null,"NAMEID":634225,"FIRSTNAME":"John","MIDNAME":null,"LASTNAME":"Smith","SEXCD":null,"BIRTHDT":"\/Date(173833200000+0100)\/","NAMEPREFIX":"01","EMAILDATA":"194593noreply@aegon.co.uk","ACTIVE":1,"STATIC_RESPONSE_GROUP_ID":29,"USER_ACC_DEMO_ID":855,"DESCRIPT":"AONBBTMASTERTRUSTdemo14","ADDROTHERID":194593,"GROUPTOTAL":2},{"USER_ACC_ID":49469,"CHKN_SLT_HSH":"4418275e3515d0c30e66b8c3e5b9369b0922e066","USER_TYPE":2,"LOCKED":null,"NAMEID":634226,"FIRSTNAME":"John","MIDNAME":null,"LASTNAME":"Smith","SEXCD":null,"BIRTHDT":"\/Date(173833200000+0100)\/","NAMEPREFIX":"01","EMAILDATA":"194594noreply@aegon.co.uk","ACTIVE":1,"STATIC_RESPONSE_GROUP_ID":29,"USER_ACC_DEMO_ID":856,"DESCRIPT":"AONBBTMASTERTRUSTdemo15","ADDROTHERID":194594,"GROUPTOTAL":2},{"USER_ACC_ID":49470,"CHKN_SLT_HSH":"4418275e3515d0c30e66b8c3e5b9369b0922e066","USER_TYPE":2,"LOCKED":null,"NAMEID":634227,"FIRSTNAME":"John","MIDNAME":null,"LASTNAME":"Smith","SEXCD":null,"BIRTHDT":"\/Date(173833200000+0100)\/","NAMEPREFIX":"01","EMAILDATA":"194596noreply@aegon.co.uk","ACTIVE":1,"STATIC_RESPONSE_GROUP_ID":29,"USER_ACC_DEMO_ID":857,"DESCRIPT":"AONBBTMASTERTRUSTdemo16","ADDROTHERID":194596,"GROUPTOTAL":2},{"USER_ACC_ID":49471,"CHKN_SLT_HSH":"4418275e3515d0c30e66b8c3e5b9369b0922e066","USER_TYPE":2,"LOCKED":null,"NAMEID":634228,"FIRSTNAME":"John","MIDNAME":null,"LASTNAME":"Smith","SEXCD":null,"BIRTHDT":"\/Date(173833200000+0100)\/","NAMEPREFIX":"01","EMAILDATA":"194597noreply@aegon.co.uk","ACTIVE":1,"STATIC_RESPONSE_GROUP_ID":29,"USER_ACC_DEMO_ID":858,"DESCRIPT":"AONBBTMASTERTRUSTdemo17","ADDROTHERID":194597,"GROUPTOTAL":2},{"USER_ACC_ID":49472,"CHKN_SLT_HSH":"4418275e3515d0c30e66b8c3e5b9369b0922e066","USER_TYPE":2,"LOCKED":null,"NAMEID":634229,"FIRSTNAME":"John","MIDNAME":null,"LASTNAME":"Smith","SEXCD":null,"BIRTHDT":"\/Date(173833200000+0100)\/","NAMEPREFIX":"01","EMAILDATA":"194599noreply@aegon.co.uk","ACTIVE":1,"STATIC_RESPONSE_GROUP_ID":29,"USER_ACC_DEMO_ID":859,"DESCRIPT":"AONBBTMASTERTRUSTdemo18","ADDROTHERID":194599,"GROUPTOTAL":2},{"USER_ACC_ID":49473,"CHKN_SLT_HSH":"4418275e3515d0c30e66b8c3e5b9369b0922e066","USER_TYPE":2,"LOCKED":null,"NAMEID":634230,"FIRSTNAME":"John","MIDNAME":null,"LASTNAME":"Smith","SEXCD":null,"BIRTHDT":"\/Date(173833200000+0100)\/","NAMEPREFIX":"01","EMAILDATA":"194600noreply@aegon.co.uk","ACTIVE":1,"STATIC_RESPONSE_GROUP_ID":29,"USER_ACC_DEMO_ID":860,"DESCRIPT":"AONBBTMASTERTRUSTdemo19","ADDROTHERID":194600,"GROUPTOTAL":2},{"USER_ACC_ID":49474,"CHKN_SLT_HSH":"4418275e3515d0c30e66b8c3e5b9369b0922e066","USER_TYPE":2,"LOCKED":null,"NAMEID":634231,"FIRSTNAME":"John","MIDNAME":null,"LASTNAME":"Smith","SEXCD":null,"BIRTHDT":"\/Date(173833200000+0100)\/","NAMEPREFIX":"01","EMAILDATA":"194601noreply@aegon.co.uk","ACTIVE":1,"STATIC_RESPONSE_GROUP_ID":29,"USER_ACC_DEMO_ID":861,"DESCRIPT":"AONBBTMASTERTRUSTdemo20","ADDROTHERID":194601,"GROUPTOTAL":2},{"USER_ACC_ID":49475,"CHKN_SLT_HSH":"4418275e3515d0c30e66b8c3e5b9369b0922e066","USER_TYPE":2,"LOCKED":null,"NAMEID":634232,"FIRSTNAME":"John","MIDNAME":null,"LASTNAME":"Smith","SEXCD":null,"BIRTHDT":"\/Date(173833200000+0100)\/","NAMEPREFIX":"01","EMAILDATA":"194603noreply@aegon.co.uk","ACTIVE":1,"STATIC_RESPONSE_GROUP_ID":29,"USER_ACC_DEMO_ID":862,"DESCRIPT":"AONBBTMASTERTRUSTdemo21","ADDROTHERID":194603,"GROUPTOTAL":2},{"USER_ACC_ID":49477,"CHKN_SLT_HSH":"4418275e3515d0c30e66b8c3e5b9369b0922e066","USER_TYPE":2,"LOCKED":null,"NAMEID":634233,"FIRSTNAME":"John","MIDNAME":null,"LASTNAME":"Smith","SEXCD":null,"BIRTHDT":"\/Date(173833200000+0100)\/","NAMEPREFIX":"01","EMAILDATA":"194607noreply@aegon.co.uk","ACTIVE":1,"STATIC_RESPONSE_GROUP_ID":29,"USER_ACC_DEMO_ID":863,"DESCRIPT":"AONBBTMASTERTRUSTdemo22","ADDROTHERID":194607,"GROUPTOTAL":2},{"USER_ACC_ID":49480,"CHKN_SLT_HSH":"4418275e3515d0c30e66b8c3e5b9369b0922e066","USER_TYPE":2,"LOCKED":null,"NAMEID":634234,"FIRSTNAME":"John","MIDNAME":null,"LASTNAME":"Smith","SEXCD":null,"BIRTHDT":"\/Date(173833200000+0100)\/","NAMEPREFIX":"01","EMAILDATA":"194610noreply@aegon.co.uk","ACTIVE":1,"STATIC_RESPONSE_GROUP_ID":29,"USER_ACC_DEMO_ID":864,"DESCRIPT":"AONBBTMASTERTRUSTdemo23","ADDROTHERID":194610,"GROUPTOTAL":2},{"USER_ACC_ID":49481,"CHKN_SLT_HSH":"4418275e3515d0c30e66b8c3e5b9369b0922e066","USER_TYPE":2,"LOCKED":null,"NAMEID":634235,"FIRSTNAME":"John","MIDNAME":null,"LASTNAME":"Smith","SEXCD":null,"BIRTHDT":"\/Date(173833200000+0100)\/","NAMEPREFIX":"01","EMAILDATA":"194611noreply@aegon.co.uk","ACTIVE":1,"STATIC_RESPONSE_GROUP_ID":29,"USER_ACC_DEMO_ID":865,"DESCRIPT":"AONBBTMASTERTRUSTdemo24","ADDROTHERID":194611,"GROUPTOTAL":2},{"USER_ACC_ID":49482,"CHKN_SLT_HSH":"4418275e3515d0c30e66b8c3e5b9369b0922e066","USER_TYPE":2,"LOCKED":null,"NAMEID":634236,"FIRSTNAME":"John","MIDNAME":null,"LASTNAME":"Smith","SEXCD":null,"BIRTHDT":"\/Date(173833200000+0100)\/","NAMEPREFIX":"01","EMAILDATA":"194612noreply@aegon.co.uk","ACTIVE":1,"STATIC_RESPONSE_GROUP_ID":29,"USER_ACC_DEMO_ID":866,"DESCRIPT":"AONBBTMASTERTRUSTdemo25","ADDROTHERID":194612,"GROUPTOTAL":2},{"USER_ACC_ID":49487,"CHKN_SLT_HSH":"4418275e3515d0c30e66b8c3e5b9369b0922e066","USER_TYPE":2,"LOCKED":null,"NAMEID":634238,"FIRSTNAME":"John","MIDNAME":null,"LASTNAME":"Smith","SEXCD":null,"BIRTHDT":"\/Date(173833200000+0100)\/","NAMEPREFIX":"01","EMAILDATA":"194618noreply@aegon.co.uk","ACTIVE":1,"STATIC_RESPONSE_GROUP_ID":29,"USER_ACC_DEMO_ID":867,"DESCRIPT":"AONBBTMASTERTRUSTdemo26","ADDROTHERID":194618,"GROUPTOTAL":2},{"USER_ACC_ID":49488,"CHKN_SLT_HSH":"4418275e3515d0c30e66b8c3e5b9369b0922e066","USER_TYPE":2,"LOCKED":null,"NAMEID":634239,"FIRSTNAME":"John","MIDNAME":null,"LASTNAME":"Smith","SEXCD":null,"BIRTHDT":"\/Date(173833200000+0100)\/","NAMEPREFIX":"01","EMAILDATA":"194619noreply@aegon.co.uk","ACTIVE":1,"STATIC_RESPONSE_GROUP_ID":29,"USER_ACC_DEMO_ID":868,"DESCRIPT":"AONBBTMASTERTRUSTdemo27","ADDROTHERID":194619,"GROUPTOTAL":2},{"USER_ACC_ID":49489,"CHKN_SLT_HSH":"4418275e3515d0c30e66b8c3e5b9369b0922e066","USER_TYPE":2,"LOCKED":null,"NAMEID":634240,"FIRSTNAME":"John","MIDNAME":null,"LASTNAME":"Smith","SEXCD":null,"BIRTHDT":"\/Date(173833200000+0100)\/","NAMEPREFIX":"01","EMAILDATA":"194620noreply@aegon.co.uk","ACTIVE":1,"STATIC_RESPONSE_GROUP_ID":29,"USER_ACC_DEMO_ID":869,"DESCRIPT":"AONBBTMASTERTRUSTdemo28","ADDROTHERID":194620,"GROUPTOTAL":2},{"USER_ACC_ID":49490,"CHKN_SLT_HSH":"4418275e3515d0c30e66b8c3e5b9369b0922e066","USER_TYPE":2,"LOCKED":null,"NAMEID":634241,"FIRSTNAME":"John","MIDNAME":null,"LASTNAME":"Smith","SEXCD":null,"BIRTHDT":"\/Date(173833200000+0100)\/","NAMEPREFIX":"01","EMAILDATA":"194621noreply@aegon.co.uk","ACTIVE":1,"STATIC_RESPONSE_GROUP_ID":29,"USER_ACC_DEMO_ID":870,"DESCRIPT":"AONBBTMASTERTRUSTdemo29","ADDROTHERID":194621,"GROUPTOTAL":2},{"USER_ACC_ID":49491,"CHKN_SLT_HSH":"4418275e3515d0c30e66b8c3e5b9369b0922e066","USER_TYPE":2,"LOCKED":null,"NAMEID":634242,"FIRSTNAME":"John","MIDNAME":null,"LASTNAME":"Smith","SEXCD":null,"BIRTHDT":"\/Date(173833200000+0100)\/","NAMEPREFIX":"01","EMAILDATA":"194622noreply@aegon.co.uk","ACTIVE":1,"STATIC_RESPONSE_GROUP_ID":29,"USER_ACC_DEMO_ID":871,"DESCRIPT":"AONBBTMASTERTRUSTdemo30","ADDROTHERID":194622,"GROUPTOTAL":2},{"USER_ACC_ID":49492,"CHKN_SLT_HSH":"4418275e3515d0c30e66b8c3e5b9369b0922e066","USER_TYPE":2,"LOCKED":null,"NAMEID":634243,"FIRSTNAME":"John","MIDNAME":null,"LASTNAME":"Smith","SEXCD":null,"BIRTHDT":"\/Date(173833200000+0100)\/","NAMEPREFIX":"01","EMAILDATA":"194624noreply@aegon.co.uk","ACTIVE":1,"STATIC_RESPONSE_GROUP_ID":29,"USER_ACC_DEMO_ID":872,"DESCRIPT":"AONBBTMASTERTRUSTdemo31","ADDROTHERID":194624,"GROUPTOTAL":2},{"USER_ACC_ID":49493,"CHKN_SLT_HSH":"4418275e3515d0c30e66b8c3e5b9369b0922e066","USER_TYPE":2,"LOCKED":null,"NAMEID":634246,"FIRSTNAME":"John","MIDNAME":null,"LASTNAME":"Smith","SEXCD":null,"BIRTHDT":"\/Date(173833200000+0100)\/","NAMEPREFIX":"01","EMAILDATA":"194625noreply@aegon.co.uk","ACTIVE":1,"STATIC_RESPONSE_GROUP_ID":29,"USER_ACC_DEMO_ID":873,"DESCRIPT":"AONBBTMASTERTRUSTdemo32","ADDROTHERID":194625,"GROUPTOTAL":2},{"USER_ACC_ID":49494,"CHKN_SLT_HSH":"4418275e3515d0c30e66b8c3e5b9369b0922e066","USER_TYPE":2,"LOCKED":null,"NAMEID":634247,"FIRSTNAME":"John","MIDNAME":null,"LASTNAME":"Smith","SEXCD":null,"BIRTHDT":"\/Date(173833200000+0100)\/","NAMEPREFIX":"01","EMAILDATA":"194626noreply@aegon.co.uk","ACTIVE":1,"STATIC_RESPONSE_GROUP_ID":29,"USER_ACC_DEMO_ID":874,"DESCRIPT":"AONBBTMASTERTRUSTdemo33","ADDROTHERID":194626,"GROUPTOTAL":2},{"USER_ACC_ID":49495,"CHKN_SLT_HSH":"4418275e3515d0c30e66b8c3e5b9369b0922e066","USER_TYPE":2,"LOCKED":null,"NAMEID":634249,"FIRSTNAME":"John","MIDNAME":null,"LASTNAME":"Smith","SEXCD":null,"BIRTHDT":"\/Date(173833200000+0100)\/","NAMEPREFIX":"01","EMAILDATA":"194627noreply@aegon.co.uk","ACTIVE":1,"STATIC_RESPONSE_GROUP_ID":29,"USER_ACC_DEMO_ID":875,"DESCRIPT":"AONBBTMASTERTRUSTdemo34","ADDROTHERID":194627,"GROUPTOTAL":2},{"USER_ACC_ID":49496,"CHKN_SLT_HSH":"4418275e3515d0c30e66b8c3e5b9369b0922e066","USER_TYPE":2,"LOCKED":null,"NAMEID":634250,"FIRSTNAME":"John","MIDNAME":null,"LASTNAME":"Smith","SEXCD":null,"BIRTHDT":"\/Date(173833200000+0100)\/","NAMEPREFIX":"01","EMAILDATA":"194628noreply@aegon.co.uk","ACTIVE":1,"STATIC_RESPONSE_GROUP_ID":29,"USER_ACC_DEMO_ID":876,"DESCRIPT":"AONBBTMASTERTRUSTdemo35","ADDROTHERID":194628,"GROUPTOTAL":2},{"USER_ACC_ID":49497,"CHKN_SLT_HSH":"4418275e3515d0c30e66b8c3e5b9369b0922e066","USER_TYPE":2,"LOCKED":null,"NAMEID":634252,"FIRSTNAME":"John","MIDNAME":null,"LASTNAME":"Smith","SEXCD":null,"BIRTHDT":"\/Date(173833200000+0100)\/","NAMEPREFIX":"01","EMAILDATA":"194629noreply@aegon.co.uk","ACTIVE":1,"STATIC_RESPONSE_GROUP_ID":29,"USER_ACC_DEMO_ID":877,"DESCRIPT":"AONBBTMASTERTRUSTdemo36","ADDROTHERID":194629,"GROUPTOTAL":2},{"USER_ACC_ID":49501,"CHKN_SLT_HSH":"4418275e3515d0c30e66b8c3e5b9369b0922e066","USER_TYPE":2,"LOCKED":null,"NAMEID":634253,"FIRSTNAME":"John","MIDNAME":null,"LASTNAME":"Smith","SEXCD":null,"BIRTHDT":"\/Date(173833200000+0100)\/","NAMEPREFIX":"01","EMAILDATA":"194633noreply@aegon.co.uk","ACTIVE":1,"STATIC_RESPONSE_GROUP_ID":29,"USER_ACC_DEMO_ID":878,"DESCRIPT":"AONBBTMASTERTRUSTdemo37","ADDROTHERID":194633,"GROUPTOTAL":2},{"USER_ACC_ID":49502,"CHKN_SLT_HSH":"4418275e3515d0c30e66b8c3e5b9369b0922e066","USER_TYPE":2,"LOCKED":null,"NAMEID":634254,"FIRSTNAME":"John","MIDNAME":null,"LASTNAME":"Smith","SEXCD":null,"BIRTHDT":"\/Date(173833200000+0100)\/","NAMEPREFIX":"01","EMAILDATA":"194634noreply@aegon.co.uk","ACTIVE":1,"STATIC_RESPONSE_GROUP_ID":29,"USER_ACC_DEMO_ID":879,"DESCRIPT":"AONBBTMASTERTRUSTdemo38","ADDROTHERID":194634,"GROUPTOTAL":2},{"USER_ACC_ID":49503,"CHKN_SLT_HSH":"4418275e3515d0c30e66b8c3e5b9369b0922e066","USER_TYPE":2,"LOCKED":null,"NAMEID":634256,"FIRSTNAME":"John","MIDNAME":null,"LASTNAME":"Smith","SEXCD":null,"BIRTHDT":"\/Date(173833200000+0100)\/","NAMEPREFIX":"01","EMAILDATA":"194635noreply@aegon.co.uk","ACTIVE":1,"STATIC_RESPONSE_GROUP_ID":29,"USER_ACC_DEMO_ID":880,"DESCRIPT":"AONBBTMASTERTRUSTdemo39","ADDROTHERID":194635,"GROUPTOTAL":2},{"USER_ACC_ID":49504,"CHKN_SLT_HSH":"4418275e3515d0c30e66b8c3e5b9369b0922e066","USER_TYPE":2,"LOCKED":null,"NAMEID":634257,"FIRSTNAME":"John","MIDNAME":null,"LASTNAME":"Smith","SEXCD":null,"BIRTHDT":"\/Date(173833200000+0100)\/","NAMEPREFIX":"01","EMAILDATA":"194638noreply@aegon.co.uk","ACTIVE":1,"STATIC_RESPONSE_GROUP_ID":29,"USER_ACC_DEMO_ID":881,"DESCRIPT":"AONBBTMASTERTRUSTdemo40","ADDROTHERID":194638,"GROUPTOTAL":2},{"USER_ACC_ID":49506,"CHKN_SLT_HSH":"4418275e3515d0c30e66b8c3e5b9369b0922e066","USER_TYPE":2,"LOCKED":null,"NAMEID":634259,"FIRSTNAME":"John","MIDNAME":null,"LASTNAME":"Smith","SEXCD":null,"BIRTHDT":"\/Date(173833200000+0100)\/","NAMEPREFIX":"01","EMAILDATA":"194641noreply@aegon.co.uk","ACTIVE":1,"STATIC_RESPONSE_GROUP_ID":9,"USER_ACC_DEMO_ID":882,"DESCRIPT":"DummyAccount2OCCTeam","ADDROTHERID":194641,"GROUPTOTAL":2},{"USER_ACC_ID":49508,"CHKN_SLT_HSH":"4418275e3515d0c30e66b8c3e5b9369b0922e066","USER_TYPE":2,"LOCKED":null,"NAMEID":634260,"FIRSTNAME":"John","MIDNAME":null,"LASTNAME":"Smith","SEXCD":null,"BIRTHDT":"\/Date(173833200000+0100)\/","NAMEPREFIX":"01","EMAILDATA":"194643noreply@aegon.co.uk","ACTIVE":1,"STATIC_RESPONSE_GROUP_ID":9,"USER_ACC_DEMO_ID":883,"DESCRIPT":"DummyAccount3OCCTeam","ADDROTHERID":194643,"GROUPTOTAL":2},{"USER_ACC_ID":49510,"CHKN_SLT_HSH":"4418275e3515d0c30e66b8c3e5b9369b0922e066","USER_TYPE":2,"LOCKED":null,"NAMEID":634261,"FIRSTNAME":"John","MIDNAME":null,"LASTNAME":"Smith","SEXCD":null,"BIRTHDT":"\/Date(173833200000+0100)\/","NAMEPREFIX":"01","EMAILDATA":"194645noreply@aegon.co.uk","ACTIVE":1,"STATIC_RESPONSE_GROUP_ID":9,"USER_ACC_DEMO_ID":884,"DESCRIPT":"DummyAccount4OCCTeam","ADDROTHERID":194645,"GROUPTOTAL":2},{"USER_ACC_ID":49511,"CHKN_SLT_HSH":"e034feeaeb5baafdef93a6078daae824c353d1d9","USER_TYPE":2,"LOCKED":null,"NAMEID":634262,"FIRSTNAME":"John","MIDNAME":null,"LASTNAME":"Smith","SEXCD":null,"BIRTHDT":"\/Date(173833200000+0100)\/","NAMEPREFIX":"01","EMAILDATA":"194646noreply@aegon.co.uk","ACTIVE":1,"STATIC_RESPONSE_GROUP_ID":9,"USER_ACC_DEMO_ID":885,"DESCRIPT":"DummyAccount5OCCTeam","ADDROTHERID":194646,"GROUPTOTAL":2},{"USER_ACC_ID":52715,"CHKN_SLT_HSH":"4418275e3515d0c30e66b8c3e5b9369b0922e066","USER_TYPE":2,"LOCKED":null,"NAMEID":640766,"FIRSTNAME":"John","MIDNAME":null,"LASTNAME":"Smith","SEXCD":null,"BIRTHDT":"\/Date(173833200000+0100)\/","NAMEPREFIX":"01","EMAILDATA":"201973noreply@aegon.co.uk","ACTIVE":1,"STATIC_RESPONSE_GROUP_ID":9,"USER_ACC_DEMO_ID":921,"DESCRIPT":"Demo for Honda","ADDROTHERID":201973,"GROUPTOTAL":1},{"USER_ACC_ID":55074,"CHKN_SLT_HSH":"4418275e3515d0c30e66b8c3e5b9369b0922e066","USER_TYPE":2,"LOCKED":null,"NAMEID":650260,"FIRSTNAME":"John","MIDNAME":null,"LASTNAME":"Smith","SEXCD":null,"BIRTHDT":"\/Date(173833200000+0100)\/","NAMEPREFIX":"01","EMAILDATA":"206769noreply@aegon.co.uk","ACTIVE":1,"STATIC_RESPONSE_GROUP_ID":9,"USER_ACC_DEMO_ID":941,"DESCRIPT":"Demo for Hachette UK","ADDROTHERID":206769,"GROUPTOTAL":1},{"USER_ACC_ID":55117,"CHKN_SLT_HSH":"4418275e3515d0c30e66b8c3e5b9369b0922e066","USER_TYPE":2,"LOCKED":null,"NAMEID":650292,"FIRSTNAME":"John","MIDNAME":null,"LASTNAME":"Smith","SEXCD":null,"BIRTHDT":"\/Date(-152323200000+0000)\/","NAMEPREFIX":"01","EMAILDATA":"206845noreply@aegon.co.uk","ACTIVE":1,"STATIC_RESPONSE_GROUP_ID":null,"USER_ACC_DEMO_ID":981,"DESCRIPT":"Demo for Aon Bundled","ADDROTHERID":206845,"GROUPTOTAL":1},{"USER_ACC_ID":55240,"CHKN_SLT_HSH":"4418275e3515d0c30e66b8c3e5b9369b0922e066","USER_TYPE":2,"LOCKED":null,"NAMEID":650438,"FIRSTNAME":"John","MIDNAME":null,"LASTNAME":"Smith","SEXCD":null,"BIRTHDT":"\/Date(173833200000+0100)\/","NAMEPREFIX":"01","EMAILDATA":"207042noreply@aegon.co.uk","ACTIVE":1,"STATIC_RESPONSE_GROUP_ID":null,"USER_ACC_DEMO_ID":1001,"DESCRIPT":"Demo for Schrader","ADDROTHERID":207042,"GROUPTOTAL":1},{"USER_ACC_ID":55241,"CHKN_SLT_HSH":"4418275e3515d0c30e66b8c3e5b9369b0922e066","USER_TYPE":2,"LOCKED":null,"NAMEID":650439,"FIRSTNAME":"John","MIDNAME":null,"LASTNAME":"Smith","SEXCD":null,"BIRTHDT":"\/Date(173833200000+0100)\/","NAMEPREFIX":"01","EMAILDATA":"207043noreply@aegon.co.uk","ACTIVE":1,"STATIC_RESPONSE_GROUP_ID":null,"USER_ACC_DEMO_ID":1002,"DESCRIPT":"Demo for Cromwell","ADDROTHERID":207043,"GROUPTOTAL":1},{"USER_ACC_ID":55328,"CHKN_SLT_HSH":"4418275e3515d0c30e66b8c3e5b9369b0922e066","USER_TYPE":2,"LOCKED":null,"NAMEID":650513,"FIRSTNAME":"John","MIDNAME":null,"LASTNAME":"Smith","SEXCD":null,"BIRTHDT":"\/Date(173833200000+0100)\/","NAMEPREFIX":"01","EMAILDATA":"207239noreply@aegon.co.uk","ACTIVE":1,"STATIC_RESPONSE_GROUP_ID":null,"USER_ACC_DEMO_ID":1021,"DESCRIPT":"Demo for Oxford Instruments","ADDROTHERID":207239,"GROUPTOTAL":1},{"USER_ACC_ID":55548,"CHKN_SLT_HSH":"4418275e3515d0c30e66b8c3e5b9369b0922e066","USER_TYPE":2,"LOCKED":null,"NAMEID":656805,"FIRSTNAME":"John","MIDNAME":null,"LASTNAME":"Smith","SEXCD":null,"BIRTHDT":"\/Date(173833200000+0100)\/","NAMEPREFIX":"01","EMAILDATA":"207749noreply@aegon.co.uk","ACTIVE":1,"STATIC_RESPONSE_GROUP_ID":null,"USER_ACC_DEMO_ID":1041,"DESCRIPT":"Demo for CA UK","ADDROTHERID":207749,"GROUPTOTAL":1},{"USER_ACC_ID":55674,"CHKN_SLT_HSH":"4418275e3515d0c30e66b8c3e5b9369b0922e066","USER_TYPE":2,"LOCKED":null,"NAMEID":659163,"FIRSTNAME":"John","MIDNAME":null,"LASTNAME":"Smith","SEXCD":null,"BIRTHDT":"\/Date(173833200000+0100)\/","NAMEPREFIX":"01","EMAILDATA":"208223noreply@aegon.co.uk","ACTIVE":1,"STATIC_RESPONSE_GROUP_ID":null,"USER_ACC_DEMO_ID":1061,"DESCRIPT":"Demo for Brit Insurance","ADDROTHERID":208223,"GROUPTOTAL":1},{"USER_ACC_ID":57570,"CHKN_SLT_HSH":"4418275e3515d0c30e66b8c3e5b9369b0922e066","USER_TYPE":2,"LOCKED":null,"NAMEID":668678,"FIRSTNAME":"John","MIDNAME":null,"LASTNAME":"Smith","SEXCD":null,"BIRTHDT":"\/Date(173833200000+0100)\/","NAMEPREFIX":"01","EMAILDATA":"214193noreply@aegon.co.uk","ACTIVE":1,"STATIC_RESPONSE_GROUP_ID":null,"USER_ACC_DEMO_ID":1101,"DESCRIPT":null,"ADDROTHERID":214193,"GROUPTOTAL":null},{"USER_ACC_ID":59211,"CHKN_SLT_HSH":"4418275e3515d0c30e66b8c3e5b9369b0922e066","USER_TYPE":2,"LOCKED":null,"NAMEID":671976,"FIRSTNAME":"John","MIDNAME":null,"LASTNAME":"Smith","SEXCD":null,"BIRTHDT":"\/Date(173833200000+0100)\/","NAMEPREFIX":"01","EMAILDATA":"218363noreply@aegon.co.uk","ACTIVE":1,"STATIC_RESPONSE_GROUP_ID":null,"USER_ACC_DEMO_ID":1121,"DESCRIPT":"Demo for Citrix","ADDROTHERID":218363,"GROUPTOTAL":1},{"USER_ACC_ID":59990,"CHKN_SLT_HSH":"4418275e3515d0c30e66b8c3e5b9369b0922e066","USER_TYPE":2,"LOCKED":null,"NAMEID":672850,"FIRSTNAME":"John","MIDNAME":null,"LASTNAME":"Smith","SEXCD":null,"BIRTHDT":"\/Date(363222000000+0100)\/","NAMEPREFIX":"01","EMAILDATA":"219801noreply@aegon.co.uk","ACTIVE":1,"STATIC_RESPONSE_GROUP_ID":null,"USER_ACC_DEMO_ID":1141,"DESCRIPT":"Demo for Royal Mail","ADDROTHERID":219801,"GROUPTOTAL":1},{"USER_ACC_ID":59994,"CHKN_SLT_HSH":"4418275e3515d0c30e66b8c3e5b9369b0922e066","USER_TYPE":2,"LOCKED":null,"NAMEID":672854,"FIRSTNAME":"John","MIDNAME":null,"LASTNAME":"Smith","SEXCD":null,"BIRTHDT":"\/Date(173833200000+0100)\/","NAMEPREFIX":"01","EMAILDATA":"219806noreply@aegon.co.uk","ACTIVE":1,"STATIC_RESPONSE_GROUP_ID":null,"USER_ACC_DEMO_ID":1142,"DESCRIPT":"Demo for Project Tango","ADDROTHERID":219806,"GROUPTOTAL":1},{"USER_ACC_ID":62487,"CHKN_SLT_HSH":"4418275e3515d0c30e66b8c3e5b9369b0922e066","USER_TYPE":2,"LOCKED":null,"NAMEID":678124,"FIRSTNAME":"John","MIDNAME":null,"LASTNAME":"Smith","SEXCD":null,"BIRTHDT":"\/Date(173833200000+0100)\/","NAMEPREFIX":"01","EMAILDATA":"225004noreply@aegon.co.uk","ACTIVE":1,"STATIC_RESPONSE_GROUP_ID":null,"USER_ACC_DEMO_ID":1161,"DESCRIPT":"Demo for MSD UK","ADDROTHERID":225004,"GROUPTOTAL":1},{"USER_ACC_ID":63473,"CHKN_SLT_HSH":"4418275e3515d0c30e66b8c3e5b9369b0922e066","USER_TYPE":2,"LOCKED":null,"NAMEID":681937,"FIRSTNAME":"John","MIDNAME":null,"LASTNAME":"Smith","SEXCD":null,"BIRTHDT":"\/Date(173833200000+0100)\/","NAMEPREFIX":"01","EMAILDATA":"227440noreply@aegon.co.uk","ACTIVE":1,"STATIC_RESPONSE_GROUP_ID":null,"USER_ACC_DEMO_ID":1181,"DESCRIPT":"Demo for Johnson Wax","ADDROTHERID":227440,"GROUPTOTAL":1},{"USER_ACC_ID":63557,"CHKN_SLT_HSH":"4418275e3515d0c30e66b8c3e5b9369b0922e066","USER_TYPE":2,"LOCKED":null,"NAMEID":682055,"FIRSTNAME":"John","MIDNAME":null,"LASTNAME":"Smith","SEXCD":null,"BIRTHDT":"\/Date(173833200000+0100)\/","NAMEPREFIX":"01","EMAILDATA":"227627noreply@aegon.co.uk","ACTIVE":1,"STATIC_RESPONSE_GROUP_ID":null,"USER_ACC_DEMO_ID":1182,"DESCRIPT":"Demo for Mercedes Benz","ADDROTHERID":227627,"GROUPTOTAL":1},{"USER_ACC_ID":64135,"CHKN_SLT_HSH":"4418275e3515d0c30e66b8c3e5b9369b0922e066","USER_TYPE":2,"LOCKED":null,"NAMEID":683346,"FIRSTNAME":"John","MIDNAME":null,"LASTNAME":"Smith","SEXCD":null,"BIRTHDT":"\/Date(173833200000+0100)\/","NAMEPREFIX":"01","EMAILDATA":"229004noreply@aegon.co.uk","ACTIVE":1,"STATIC_RESPONSE_GROUP_ID":null,"USER_ACC_DEMO_ID":1201,"DESCRIPT":"Demo for BorgWarner","ADDROTHERID":229004,"GROUPTOTAL":1},{"USER_ACC_ID":64550,"CHKN_SLT_HSH":"4418275e3515d0c30e66b8c3e5b9369b0922e066","USER_TYPE":2,"LOCKED":null,"NAMEID":684110,"FIRSTNAME":"John","MIDNAME":null,"LASTNAME":"Smith","SEXCD":null,"BIRTHDT":"\/Date(173833200000+0100)\/","NAMEPREFIX":"01","EMAILDATA":"229979noreply@aegon.co.uk","ACTIVE":1,"STATIC_RESPONSE_GROUP_ID":null,"USER_ACC_DEMO_ID":1221,"DESCRIPT":"Demo for TLT Solicitors","ADDROTHERID":229979,"GROUPTOTAL":1},{"USER_ACC_ID":64788,"CHKN_SLT_HSH":"4418275e3515d0c30e66b8c3e5b9369b0922e066","USER_TYPE":2,"LOCKED":null,"NAMEID":684389,"FIRSTNAME":"John","MIDNAME":null,"LASTNAME":"Smith","SEXCD":null,"BIRTHDT":"\/Date(173833200000+0100)\/","NAMEPREFIX":"01","EMAILDATA":"230335noreply@aegon.co.uk","ACTIVE":1,"STATIC_RESPONSE_GROUP_ID":null,"USER_ACC_DEMO_ID":1222,"DESCRIPT":"Demo for Guardian Media Group","ADDROTHERID":230335,"GROUPTOTAL":1},{"USER_ACC_ID":65622,"CHKN_SLT_HSH":"4418275e3515d0c30e66b8c3e5b9369b0922e066","USER_TYPE":2,"LOCKED":null,"NAMEID":687570,"FIRSTNAME":"John","MIDNAME":null,"LASTNAME":"Smith","SEXCD":null,"BIRTHDT":"\/Date(173833200000+0100)\/","NAMEPREFIX":"01","EMAILDATA":"233469noreply@aegon.co.uk","ACTIVE":1,"STATIC_RESPONSE_GROUP_ID":null,"USER_ACC_DEMO_ID":1241,"DESCRIPT":"Demo for Agriphar","ADDROTHERID":233469,"GROUPTOTAL":1},{"USER_ACC_ID":67925,"CHKN_SLT_HSH":"4418275e3515d0c30e66b8c3e5b9369b0922e066","USER_TYPE":2,"LOCKED":null,"NAMEID":704024,"FIRSTNAME":"John","MIDNAME":null,"LASTNAME":"Smith","SEXCD":null,"BIRTHDT":"\/Date(-152323200000+0000)\/","NAMEPREFIX":"01","EMAILDATA":"244571noreply@aegon.co.uk","ACTIVE":1,"STATIC_RESPONSE_GROUP_ID":null,"USER_ACC_DEMO_ID":1261,"DESCRIPT":"Demo for Aon Bundled1","ADDROTHERID":244571,"GROUPTOTAL":1},{"USER_ACC_ID":69625,"CHKN_SLT_HSH":"4418275e3515d0c30e66b8c3e5b9369b0922e066","USER_TYPE":2,"LOCKED":null,"NAMEID":706855,"FIRSTNAME":"John","MIDNAME":null,"LASTNAME":"Smith","SEXCD":null,"BIRTHDT":"\/Date(173833200000+0100)\/","NAMEPREFIX":"01","EMAILDATA":"252187noreply@aegon.co.uk","ACTIVE":1,"STATIC_RESPONSE_GROUP_ID":null,"USER_ACC_DEMO_ID":1281,"DESCRIPT":"Demo for Ramsay Health Care","ADDROTHERID":252187,"GROUPTOTAL":1},{"USER_ACC_ID":69784,"CHKN_SLT_HSH":"4418275e3515d0c30e66b8c3e5b9369b0922e066","USER_TYPE":2,"LOCKED":null,"NAMEID":706914,"FIRSTNAME":"John","MIDNAME":null,"LASTNAME":"Smith","SEXCD":null,"BIRTHDT":"\/Date(173833200000+0100)\/","NAMEPREFIX":"01","EMAILDATA":"252477noreply@aegon.co.uk","ACTIVE":1,"STATIC_RESPONSE_GROUP_ID":null,"USER_ACC_DEMO_ID":1301,"DESCRIPT":"Demo for Brammer","ADDROTHERID":252477,"GROUPTOTAL":1},{"USER_ACC_ID":69809,"CHKN_SLT_HSH":"0952b2e80d856be411f52953f21d8bdf5cbb78d9","USER_TYPE":2,"LOCKED":null,"NAMEID":707001,"FIRSTNAME":"Demo","MIDNAME":null,"LASTNAME":"Example","SEXCD":null,"BIRTHDT":"\/Date(946684800000+0000)\/","NAMEPREFIX":"01","EMAILDATA":"252530noreply@aegon.co.uk","ACTIVE":1,"STATIC_RESPONSE_GROUP_ID":null,"USER_ACC_DEMO_ID":1321,"DESCRIPT":"Demo Test","ADDROTHERID":252530,"GROUPTOTAL":1},{"USER_ACC_ID":70742,"CHKN_SLT_HSH":"4418275e3515d0c30e66b8c3e5b9369b0922e066","USER_TYPE":2,"LOCKED":null,"NAMEID":709484,"FIRSTNAME":"John","MIDNAME":null,"LASTNAME":"Smith","SEXCD":null,"BIRTHDT":"\/Date(173833200000+0100)\/","NAMEPREFIX":"01","EMAILDATA":"255285noreply@aegon.co.uk","ACTIVE":1,"STATIC_RESPONSE_GROUP_ID":null,"USER_ACC_DEMO_ID":1341,"DESCRIPT":"Demo for Hunting Plc","ADDROTHERID":255285,"GROUPTOTAL":1},{"USER_ACC_ID":73606,"CHKN_SLT_HSH":"2286e2ee79f4394e1a676f87709bf87eab94a8b2","USER_TYPE":2,"LOCKED":null,"NAMEID":715985,"FIRSTNAME":"John","MIDNAME":null,"LASTNAME":"Smith","SEXCD":null,"BIRTHDT":"\/Date(173833200000+0100)\/","NAMEPREFIX":"01","EMAILDATA":"261333noreply@aegon.co.uk","ACTIVE":1,"STATIC_RESPONSE_GROUP_ID":null,"USER_ACC_DEMO_ID":1361,"DESCRIPT":"Demo for Pentair","ADDROTHERID":261333,"GROUPTOTAL":1},{"USER_ACC_ID":73915,"CHKN_SLT_HSH":"4418275e3515d0c30e66b8c3e5b9369b0922e066","USER_TYPE":2,"LOCKED":null,"NAMEID":716494,"FIRSTNAME":"John","MIDNAME":null,"LASTNAME":"Smith","SEXCD":null,"BIRTHDT":"\/Date(173833200000+0100)\/","NAMEPREFIX":"01","EMAILDATA":"261916noreply@aegon.co.uk","ACTIVE":1,"STATIC_RESPONSE_GROUP_ID":null,"USER_ACC_DEMO_ID":1381,"DESCRIPT":"Demo for Baker Hughes","ADDROTHERID":261916,"GROUPTOTAL":1},{"USER_ACC_ID":74132,"CHKN_SLT_HSH":"4418275e3515d0c30e66b8c3e5b9369b0922e066","USER_TYPE":2,"LOCKED":null,"NAMEID":716705,"FIRSTNAME":"John","MIDNAME":null,"LASTNAME":"Smith","SEXCD":null,"BIRTHDT":"\/Date(173833200000+0100)\/","NAMEPREFIX":"01","EMAILDATA":"262411noreply@aegon.co.uk","ACTIVE":1,"STATIC_RESPONSE_GROUP_ID":null,"USER_ACC_DEMO_ID":1401,"DESCRIPT":"Demo for British Airways Retirement Plan","ADDROTHERID":262411,"GROUPTOTAL":1},{"USER_ACC_ID":74503,"CHKN_SLT_HSH":"4418275e3515d0c30e66b8c3e5b9369b0922e066","USER_TYPE":2,"LOCKED":null,"NAMEID":717254,"FIRSTNAME":"John","MIDNAME":null,"LASTNAME":"Smith","SEXCD":null,"BIRTHDT":"\/Date(173833200000+0100)\/","NAMEPREFIX":"01","EMAILDATA":"263130noreply@aegon.co.uk","ACTIVE":1,"STATIC_RESPONSE_GROUP_ID":null,"USER_ACC_DEMO_ID":1421,"DESCRIPT":"Demo for Marshalls","ADDROTHERID":263130,"GROUPTOTAL":1},{"USER_ACC_ID":75398,"CHKN_SLT_HSH":"4418275e3515d0c30e66b8c3e5b9369b0922e066","USER_TYPE":2,"LOCKED":null,"NAMEID":720044,"FIRSTNAME":"John","MIDNAME":null,"LASTNAME":"Smith","SEXCD":null,"BIRTHDT":"\/Date(173833200000+0100)\/","NAMEPREFIX":"01","EMAILDATA":"265557noreply@aegon.co.uk","ACTIVE":1,"STATIC_RESPONSE_GROUP_ID":null,"USER_ACC_DEMO_ID":1441,"DESCRIPT":"Demo RNLI","ADDROTHERID":265557,"GROUPTOTAL":1},{"USER_ACC_ID":76393,"CHKN_SLT_HSH":"4418275e3515d0c30e66b8c3e5b9369b0922e066","USER_TYPE":2,"LOCKED":null,"NAMEID":722508,"FIRSTNAME":"John","MIDNAME":null,"LASTNAME":"Smith","SEXCD":null,"BIRTHDT":"\/Date(173833200000+0100)\/","NAMEPREFIX":"01","EMAILDATA":"267838noreply@aegon.co.uk","ACTIVE":1,"STATIC_RESPONSE_GROUP_ID":null,"USER_ACC_DEMO_ID":1461,"DESCRIPT":"Demo for BBC","ADDROTHERID":267838,"GROUPTOTAL":1},{"USER_ACC_ID":76399,"CHKN_SLT_HSH":"4418275e3515d0c30e66b8c3e5b9369b0922e066","USER_TYPE":2,"LOCKED":null,"NAMEID":722510,"FIRSTNAME":"John","MIDNAME":null,"LASTNAME":"Smith","SEXCD":null,"BIRTHDT":"\/Date(173833200000+0100)\/","NAMEPREFIX":"01","EMAILDATA":"267849noreply@aegon.co.uk","ACTIVE":1,"STATIC_RESPONSE_GROUP_ID":null,"USER_ACC_DEMO_ID":1462,"DESCRIPT":"Demo for Mitchells & Butler","ADDROTHERID":267849,"GROUPTOTAL":1},{"USER_ACC_ID":77642,"CHKN_SLT_HSH":"2286e2ee79f4394e1a676f87709bf87eab94a8b2","USER_TYPE":2,"LOCKED":null,"NAMEID":727997,"FIRSTNAME":"John","MIDNAME":null,"LASTNAME":"Smith","SEXCD":null,"BIRTHDT":"\/Date(173833200000+0100)\/","NAMEPREFIX":"01","EMAILDATA":"270338noreply@aegon.co.uk","ACTIVE":1,"STATIC_RESPONSE_GROUP_ID":null,"USER_ACC_DEMO_ID":1481,"DESCRIPT":"Demo for RWE","ADDROTHERID":270338,"GROUPTOTAL":1},{"USER_ACC_ID":79085,"CHKN_SLT_HSH":"2286e2ee79f4394e1a676f87709bf87eab94a8b2","USER_TYPE":2,"LOCKED":null,"NAMEID":730358,"FIRSTNAME":"John","MIDNAME":null,"LASTNAME":"Smith","SEXCD":null,"BIRTHDT":"\/Date(173833200000+0100)\/","NAMEPREFIX":"01","EMAILDATA":"272880noreply@aegon.co.uk","ACTIVE":1,"STATIC_RESPONSE_GROUP_ID":null,"USER_ACC_DEMO_ID":1501,"DESCRIPT":"Demo for BBC1","ADDROTHERID":272880,"GROUPTOTAL":1},{"USER_ACC_ID":79087,"CHKN_SLT_HSH":"2286e2ee79f4394e1a676f87709bf87eab94a8b2","USER_TYPE":2,"LOCKED":null,"NAMEID":730360,"FIRSTNAME":"John","MIDNAME":null,"LASTNAME":"Smith","SEXCD":null,"BIRTHDT":"\/Date(173833200000+0100)\/","NAMEPREFIX":"01","EMAILDATA":"272883noreply@aegon.co.uk","ACTIVE":1,"STATIC_RESPONSE_GROUP_ID":null,"USER_ACC_DEMO_ID":1502,"DESCRIPT":"Demo for BBC2","ADDROTHERID":272883,"GROUPTOTAL":1},{"USER_ACC_ID":79113,"CHKN_SLT_HSH":"2286e2ee79f4394e1a676f87709bf87eab94a8b2","USER_TYPE":2,"LOCKED":null,"NAMEID":730374,"FIRSTNAME":"John","MIDNAME":null,"LASTNAME":"Smith","SEXCD":null,"BIRTHDT":"\/Date(173833200000+0100)\/","NAMEPREFIX":"01","EMAILDATA":"272922noreply@aegon.co.uk","ACTIVE":1,"STATIC_RESPONSE_GROUP_ID":null,"USER_ACC_DEMO_ID":1521,"DESCRIPT":"demo for BBC3","ADDROTHERID":272922,"GROUPTOTAL":1},{"USER_ACC_ID":79329,"CHKN_SLT_HSH":"2286e2ee79f4394e1a676f87709bf87eab94a8b2","USER_TYPE":2,"LOCKED":null,"NAMEID":730941,"FIRSTNAME":"John","MIDNAME":null,"LASTNAME":"Smith","SEXCD":null,"BIRTHDT":"\/Date(173833200000+0100)\/","NAMEPREFIX":"01","EMAILDATA":"273421noreply@aegon.co.uk","ACTIVE":1,"STATIC_RESPONSE_GROUP_ID":null,"USER_ACC_DEMO_ID":1541,"DESCRIPT":"Demo for Civil Service","ADDROTHERID":273421,"GROUPTOTAL":1},{"USER_ACC_ID":79334,"CHKN_SLT_HSH":"2286e2ee79f4394e1a676f87709bf87eab94a8b2","USER_TYPE":2,"LOCKED":null,"NAMEID":730942,"FIRSTNAME":"John","MIDNAME":null,"LASTNAME":"Smith","SEXCD":null,"BIRTHDT":"\/Date(173833200000+0100)\/","NAMEPREFIX":"01","EMAILDATA":"273427noreply@aegon.co.uk","ACTIVE":1,"STATIC_RESPONSE_GROUP_ID":null,"USER_ACC_DEMO_ID":1561,"DESCRIPT":"Demo for Civil Service 1","ADDROTHERID":273427,"GROUPTOTAL":1},{"USER_ACC_ID":79503,"CHKN_SLT_HSH":"2286e2ee79f4394e1a676f87709bf87eab94a8b2","USER_TYPE":2,"LOCKED":null,"NAMEID":731166,"FIRSTNAME":"John","MIDNAME":null,"LASTNAME":"Smith","SEXCD":null,"BIRTHDT":"\/Date(173833200000+0100)\/","NAMEPREFIX":"01","EMAILDATA":"273835noreply@aegon.co.uk","ACTIVE":1,"STATIC_RESPONSE_GROUP_ID":null,"USER_ACC_DEMO_ID":1581,"DESCRIPT":"Demo for Borg Warner 1","ADDROTHERID":273835,"GROUPTOTAL":1},{"USER_ACC_ID":80408,"CHKN_SLT_HSH":"2286e2ee79f4394e1a676f87709bf87eab94a8b2","USER_TYPE":2,"LOCKED":null,"NAMEID":732654,"FIRSTNAME":"John","MIDNAME":null,"LASTNAME":"Smith","SEXCD":null,"BIRTHDT":"\/Date(173833200000+0100)\/","NAMEPREFIX":"01","EMAILDATA":"275499noreply@aegon.co.uk","ACTIVE":1,"STATIC_RESPONSE_GROUP_ID":null,"USER_ACC_DEMO_ID":1601,"DESCRIPT":"Demo for Thomas Cook","ADDROTHERID":275499,"GROUPTOTAL":1},{"USER_ACC_ID":80414,"CHKN_SLT_HSH":"2286e2ee79f4394e1a676f87709bf87eab94a8b2","USER_TYPE":2,"LOCKED":null,"NAMEID":732655,"FIRSTNAME":"John","MIDNAME":null,"LASTNAME":"Smith","SEXCD":null,"BIRTHDT":"\/Date(173833200000+0100)\/","NAMEPREFIX":"01","EMAILDATA":"275508noreply@aegon.co.uk","ACTIVE":1,"STATIC_RESPONSE_GROUP_ID":null,"USER_ACC_DEMO_ID":1602,"DESCRIPT":"Demo for Thomas Cook1","ADDROTHERID":275508,"GROUPTOTAL":1},{"USER_ACC_ID":80861,"CHKN_SLT_HSH":"0952b2e80d856be411f52953f21d8bdf5cbb78d9","USER_TYPE":2,"LOCKED":null,"NAMEID":733185,"FIRSTNAME":"PlanManager","MIDNAME":"Aon MT Demo","LASTNAME":"Demo","SEXCD":null,"BIRTHDT":"\/Date(-157766400000+0000)\/","NAMEPREFIX":"01","EMAILDATA":"276246noreply@aegon.co.uk","ACTIVE":1,"STATIC_RESPONSE_GROUP_ID":41,"USER_ACC_DEMO_ID":1621,"DESCRIPT":"PM Demo for Aon MasterTrust","ADDROTHERID":276246,"GROUPTOTAL":1},{"USER_ACC_ID":80925,"CHKN_SLT_HSH":"2286e2ee79f4394e1a676f87709bf87eab94a8b2","USER_TYPE":2,"LOCKED":null,"NAMEID":733389,"FIRSTNAME":"John","MIDNAME":null,"LASTNAME":"Smith","SEXCD":null,"BIRTHDT":"\/Date(173833200000+0100)\/","NAMEPREFIX":"01","EMAILDATA":"276375noreply@aegon.co.uk","ACTIVE":1,"STATIC_RESPONSE_GROUP_ID":null,"USER_ACC_DEMO_ID":1641,"DESCRIPT":"Demo for Russell Investments","ADDROTHERID":276375,"GROUPTOTAL":1},{"USER_ACC_ID":80927,"CHKN_SLT_HSH":"2286e2ee79f4394e1a676f87709bf87eab94a8b2","USER_TYPE":2,"LOCKED":null,"NAMEID":733392,"FIRSTNAME":"John","MIDNAME":null,"LASTNAME":"Smith","SEXCD":null,"BIRTHDT":"\/Date(173833200000+0100)\/","NAMEPREFIX":"01","EMAILDATA":"276380noreply@aegon.co.uk","ACTIVE":1,"STATIC_RESPONSE_GROUP_ID":null,"USER_ACC_DEMO_ID":1642,"DESCRIPT":"Demo for Russell Investments 1","ADDROTHERID":276380,"GROUPTOTAL":1},{"USER_ACC_ID":82945,"CHKN_SLT_HSH":"2286e2ee79f4394e1a676f87709bf87eab94a8b2","USER_TYPE":2,"LOCKED":null,"NAMEID":737214,"FIRSTNAME":"John","MIDNAME":null,"LASTNAME":"Smith","SEXCD":null,"BIRTHDT":"\/Date(173833200000+0100)\/","NAMEPREFIX":"01","EMAILDATA":"280251noreply@aegon.co.uk","ACTIVE":1,"STATIC_RESPONSE_GROUP_ID":null,"USER_ACC_DEMO_ID":1661,"DESCRIPT":"Demo for Stena Line","ADDROTHERID":280251,"GROUPTOTAL":1},{"USER_ACC_ID":82979,"CHKN_SLT_HSH":"2286e2ee79f4394e1a676f87709bf87eab94a8b2","USER_TYPE":2,"LOCKED":null,"NAMEID":737215,"FIRSTNAME":"John","MIDNAME":null,"LASTNAME":"Smith","SEXCD":null,"BIRTHDT":"\/Date(173833200000+0100)\/","NAMEPREFIX":"01","EMAILDATA":"280298noreply@aegon.co.uk","ACTIVE":1,"STATIC_RESPONSE_GROUP_ID":null,"USER_ACC_DEMO_ID":1681,"DESCRIPT":"Demo for British American Tobacco","ADDROTHERID":280298,"GROUPTOTAL":1},{"USER_ACC_ID":83084,"CHKN_SLT_HSH":"2286e2ee79f4394e1a676f87709bf87eab94a8b2","USER_TYPE":2,"LOCKED":null,"NAMEID":738451,"FIRSTNAME":"John","MIDNAME":null,"LASTNAME":"Smith","SEXCD":null,"BIRTHDT":"\/Date(173833200000+0100)\/","NAMEPREFIX":"01","EMAILDATA":"280480noreply@aegon.co.uk","ACTIVE":1,"STATIC_RESPONSE_GROUP_ID":null,"USER_ACC_DEMO_ID":1701,"DESCRIPT":"Demo for WHSmith","ADDROTHERID":280480,"GROUPTOTAL":1},{"USER_ACC_ID":83243,"CHKN_SLT_HSH":"2286e2ee79f4394e1a676f87709bf87eab94a8b2","USER_TYPE":2,"LOCKED":null,"NAMEID":742945,"FIRSTNAME":"John","MIDNAME":null,"LASTNAME":"Smith","SEXCD":null,"BIRTHDT":"\/Date(173833200000+0100)\/","NAMEPREFIX":"01","EMAILDATA":"280934noreply@aegon.co.uk","ACTIVE":1,"STATIC_RESPONSE_GROUP_ID":null,"USER_ACC_DEMO_ID":1721,"DESCRIPT":"Demo for BBT","ADDROTHERID":280934,"GROUPTOTAL":2},{"USER_ACC_ID":83288,"CHKN_SLT_HSH":"2286e2ee79f4394e1a676f87709bf87eab94a8b2","USER_TYPE":2,"LOCKED":0,"NAMEID":742964,"FIRSTNAME":"John","MIDNAME":null,"LASTNAME":"Smith","SEXCD":null,"BIRTHDT":"\/Date(-410227200000+0000)\/","NAMEPREFIX":"01","EMAILDATA":"281054noreply@aegon.co.uk","ACTIVE":1,"STATIC_RESPONSE_GROUP_ID":null,"USER_ACC_DEMO_ID":1741,"DESCRIPT":"Internal - Aon BBT - Over 55","ADDROTHERID":281054,"GROUPTOTAL":2},{"USER_ACC_ID":83289,"CHKN_SLT_HSH":"2286e2ee79f4394e1a676f87709bf87eab94a8b2","USER_TYPE":2,"LOCKED":0,"NAMEID":742965,"FIRSTNAME":"John","MIDNAME":null,"LASTNAME":"Smith","SEXCD":null,"BIRTHDT":"\/Date(63072000000+0000)\/","NAMEPREFIX":"01","EMAILDATA":"281056noreply@aegon.co.uk","ACTIVE":1,"STATIC_RESPONSE_GROUP_ID":null,"USER_ACC_DEMO_ID":1742,"DESCRIPT":"Internal - Aon BBT - Under 55","ADDROTHERID":281056,"GROUPTOTAL":2},{"USER_ACC_ID":83291,"CHKN_SLT_HSH":"2286e2ee79f4394e1a676f87709bf87eab94a8b2","USER_TYPE":2,"LOCKED":0,"NAMEID":742966,"FIRSTNAME":"John","MIDNAME":null,"LASTNAME":"Smith","SEXCD":null,"BIRTHDT":"\/Date(63072000000+0000)\/","NAMEPREFIX":"01","EMAILDATA":"281058noreply@aegon.co.uk","ACTIVE":1,"STATIC_RESPONSE_GROUP_ID":null,"USER_ACC_DEMO_ID":1743,"DESCRIPT":"Internal - Aon BBT MT - Under 55","ADDROTHERID":281058,"GROUPTOTAL":2},{"USER_ACC_ID":83292,"CHKN_SLT_HSH":"2286e2ee79f4394e1a676f87709bf87eab94a8b2","USER_TYPE":2,"LOCKED":0,"NAMEID":742967,"FIRSTNAME":"John","MIDNAME":null,"LASTNAME":"Smith","SEXCD":null,"BIRTHDT":"\/Date(-410227200000+0000)\/","NAMEPREFIX":"01","EMAILDATA":"281059noreply@aegon.co.uk","ACTIVE":1,"STATIC_RESPONSE_GROUP_ID":null,"USER_ACC_DEMO_ID":1744,"DESCRIPT":"Internal - Aon BBT MT - Over 55","ADDROTHERID":281059,"GROUPTOTAL":2},{"USER_ACC_ID":85396,"CHKN_SLT_HSH":"2286e2ee79f4394e1a676f87709bf87eab94a8b2","USER_TYPE":2,"LOCKED":null,"NAMEID":745071,"FIRSTNAME":"John","MIDNAME":null,"LASTNAME":"Smith","SEXCD":null,"BIRTHDT":"\/Date(173833200000+0100)\/","NAMEPREFIX":"01","EMAILDATA":"284617noreply@aegon.co.uk","ACTIVE":1,"STATIC_RESPONSE_GROUP_ID":null,"USER_ACC_DEMO_ID":1761,"DESCRIPT":"Demo for Cubic","ADDROTHERID":284617,"GROUPTOTAL":1},{"USER_ACC_ID":86716,"CHKN_SLT_HSH":"2286e2ee79f4394e1a676f87709bf87eab94a8b2","USER_TYPE":2,"LOCKED":null,"NAMEID":751757,"FIRSTNAME":"Neil","MIDNAME":"Christopher","LASTNAME":"Palmer","SEXCD":null,"BIRTHDT":"\/Date(-283824000000+0000)\/","NAMEPREFIX":"01","EMAILDATA":"292050noreply@aegon.co.uk","ACTIVE":1,"STATIC_RESPONSE_GROUP_ID":null,"USER_ACC_DEMO_ID":1781,"DESCRIPT":"Demo for Blackrock","ADDROTHERID":292050,"GROUPTOTAL":1},{"USER_ACC_ID":86718,"CHKN_SLT_HSH":"2286e2ee79f4394e1a676f87709bf87eab94a8b2","USER_TYPE":2,"LOCKED":null,"NAMEID":751773,"FIRSTNAME":"Denise","MIDNAME":"Mary","LASTNAME":"Jackson","SEXCD":null,"BIRTHDT":"\/Date(-273978000000+0100)\/","NAMEPREFIX":"02","EMAILDATA":"292052noreply@aegon.co.uk","ACTIVE":1,"STATIC_RESPONSE_GROUP_ID":null,"USER_ACC_DEMO_ID":1782,"DESCRIPT":"Demo for Blackrock 1 ","ADDROTHERID":292052,"GROUPTOTAL":1},{"USER_ACC_ID":89232,"CHKN_SLT_HSH":"2286e2ee79f4394e1a676f87709bf87eab94a8b2","USER_TYPE":2,"LOCKED":null,"NAMEID":756433,"FIRSTNAME":"John","MIDNAME":null,"LASTNAME":"Smith","SEXCD":null,"BIRTHDT":"\/Date(173833200000+0100)\/","NAMEPREFIX":"01","EMAILDATA":"296731noreply@aegon.co.uk","ACTIVE":1,"STATIC_RESPONSE_GROUP_ID":null,"USER_ACC_DEMO_ID":1801,"DESCRIPT":"Demo for Nissan","ADDROTHERID":296731,"GROUPTOTAL":1},{"USER_ACC_ID":89667,"CHKN_SLT_HSH":"2286e2ee79f4394e1a676f87709bf87eab94a8b2","USER_TYPE":2,"LOCKED":null,"NAMEID":757264,"FIRSTNAME":"John","MIDNAME":null,"LASTNAME":"Smith","SEXCD":null,"BIRTHDT":"\/Date(173833200000+0100)\/","NAMEPREFIX":"01","EMAILDATA":"297458noreply@aegon.co.uk","ACTIVE":1,"STATIC_RESPONSE_GROUP_ID":null,"USER_ACC_DEMO_ID":1821,"DESCRIPT":"Demo for Homeserve","ADDROTHERID":297458,"GROUPTOTAL":1},{"USER_ACC_ID":89674,"CHKN_SLT_HSH":"2286e2ee79f4394e1a676f87709bf87eab94a8b2","USER_TYPE":2,"LOCKED":0,"NAMEID":757268,"FIRSTNAME":"John","MIDNAME":null,"LASTNAME":"Smith","SEXCD":null,"BIRTHDT":"\/Date(173833200000+0100)\/","NAMEPREFIX":"01","EMAILDATA":"297466noreply@aegon.co.uk","ACTIVE":1,"STATIC_RESPONSE_GROUP_ID":null,"USER_ACC_DEMO_ID":1841,"DESCRIPT":"Demo for CNPP","ADDROTHERID":297466,"GROUPTOTAL":1},{"USER_ACC_ID":95000,"CHKN_SLT_HSH":"2286e2ee79f4394e1a676f87709bf87eab94a8b2","USER_TYPE":2,"LOCKED":0,"NAMEID":768284,"FIRSTNAME":"John","MIDNAME":null,"LASTNAME":"Smith","SEXCD":null,"BIRTHDT":"\/Date(173833200000+0100)\/","NAMEPREFIX":"01","EMAILDATA":"307879noreply@aegon.co.uk","ACTIVE":1,"STATIC_RESPONSE_GROUP_ID":null,"USER_ACC_DEMO_ID":1881,"DESCRIPT":"Demo for Lloyd's Register","ADDROTHERID":307879,"GROUPTOTAL":1},{"USER_ACC_ID":95779,"CHKN_SLT_HSH":"2286e2ee79f4394e1a676f87709bf87eab94a8b2","USER_TYPE":2,"LOCKED":null,"NAMEID":769708,"FIRSTNAME":"John","MIDNAME":null,"LASTNAME":"Smith","SEXCD":null,"BIRTHDT":"\/Date(173833200000+0100)\/","NAMEPREFIX":"01","EMAILDATA":"309425noreply@aegon.co.uk","ACTIVE":1,"STATIC_RESPONSE_GROUP_ID":null,"USER_ACC_DEMO_ID":1901,"DESCRIPT":"Demo for Ecolab","ADDROTHERID":309425,"GROUPTOTAL":1},{"USER_ACC_ID":97086,"CHKN_SLT_HSH":"b906105c7b649cf4245bf22a080afd8001804601","USER_TYPE":2,"LOCKED":0,"NAMEID":771707,"FIRSTNAME":"John","MIDNAME":null,"LASTNAME":"Smith","SEXCD":null,"BIRTHDT":"\/Date(-410227200000+0000)\/","NAMEPREFIX":"01","EMAILDATA":"311820noreply@aegon.co.uk","ACTIVE":1,"STATIC_RESPONSE_GROUP_ID":null,"USER_ACC_DEMO_ID":1921,"DESCRIPT":"Internal - Aon Master Trust Decum Demo","ADDROTHERID":311820,"GROUPTOTAL":1},{"USER_ACC_ID":97088,"CHKN_SLT_HSH":"b906105c7b649cf4245bf22a080afd8001804601","USER_TYPE":2,"LOCKED":0,"NAMEID":771708,"FIRSTNAME":"John","MIDNAME":null,"LASTNAME":"Smith","SEXCD":null,"BIRTHDT":"\/Date(-410227200000+0000)\/","NAMEPREFIX":"01","EMAILDATA":"311823noreply@aegon.co.uk","ACTIVE":1,"STATIC_RESPONSE_GROUP_ID":null,"USER_ACC_DEMO_ID":1922,"DESCRIPT":"Internal - Aon BBT4 Life Decum Demo","ADDROTHERID":311823,"GROUPTOTAL":1},{"USER_ACC_ID":98562,"CHKN_SLT_HSH":"2286e2ee79f4394e1a676f87709bf87eab94a8b2","USER_TYPE":2,"LOCKED":null,"NAMEID":774524,"FIRSTNAME":"John","MIDNAME":null,"LASTNAME":"Smith","SEXCD":null,"BIRTHDT":"\/Date(173833200000+0100)\/","NAMEPREFIX":"01","EMAILDATA":"314578noreply@aegon.co.uk","ACTIVE":1,"STATIC_RESPONSE_GROUP_ID":null,"USER_ACC_DEMO_ID":1941,"DESCRIPT":"Demo for CEVA Logistics","ADDROTHERID":314578,"GROUPTOTAL":1},{"USER_ACC_ID":22783,"CHKN_SLT_HSH":"0952b2e80d856be411f52953f21d8bdf5cbb78d9","USER_TYPE":2,"LOCKED":null,"NAMEID":560377,"FIRSTNAME":"Accum","MIDNAME":null,"LASTNAME":"Decum","SEXCD":null,"BIRTHDT":"\/Date(-473385600000+0000)\/","NAMEPREFIX":"01","EMAILDATA":"acumdecum@blk.com","ACTIVE":1,"STATIC_RESPONSE_GROUP_ID":9,"USER_ACC_DEMO_ID":341,"DESCRIPT":"Demo user to show acum and decum scenario","ADDROTHERID":146350,"GROUPTOTAL":2},{"USER_ACC_ID":44367,"CHKN_SLT_HSH":"0952b2e80d856be411f52953f21d8bdf5cbb78d9","USER_TYPE":2,"LOCKED":0,"NAMEID":621769,"FIRSTNAME":"John","MIDNAME":null,"LASTNAME":"Smith","SEXCD":null,"BIRTHDT":"\/Date(173833200000+0100)\/","NAMEPREFIX":"01","EMAILDATA":"aonbbtdemo10@aon.com","ACTIVE":1,"STATIC_RESPONSE_GROUP_ID":29,"USER_ACC_DEMO_ID":731,"DESCRIPT":"AONBBTDemo10","ADDROTHERID":184341,"GROUPTOTAL":2},{"USER_ACC_ID":49464,"CHKN_SLT_HSH":"0952b2e80d856be411f52953f21d8bdf5cbb78d9","USER_TYPE":2,"LOCKED":0,"NAMEID":634220,"FIRSTNAME":"John","MIDNAME":null,"LASTNAME":"Smith","SEXCD":null,"BIRTHDT":"\/Date(173833200000+0100)\/","NAMEPREFIX":"01","EMAILDATA":"aonbbtmtdemo10@aon.com","ACTIVE":1,"STATIC_RESPONSE_GROUP_ID":29,"USER_ACC_DEMO_ID":851,"DESCRIPT":"AONBBTMASTERTRUSTdemo10","ADDROTHERID":194586,"GROUPTOTAL":2},{"USER_ACC_ID":99601,"CHKN_SLT_HSH":"0952b2e80d856be411f52953f21d8bdf5cbb78d9","USER_TYPE":2,"LOCKED":null,"NAMEID":777887,"FIRSTNAME":"Bria","MIDNAME":null,"LASTNAME":"Decum","SEXCD":null,"BIRTHDT":"\/Date(-252460800000+0000)\/","NAMEPREFIX":"01","EMAILDATA":"briadecum@blk.com","ACTIVE":1,"STATIC_RESPONSE_GROUP_ID":null,"USER_ACC_DEMO_ID":1961,"DESCRIPT":"Demo user for BRIA Decum","ADDROTHERID":316557,"GROUPTOTAL":1},{"USER_ACC_ID":55093,"CHKN_SLT_HSH":"0952b2e80d856be411f52953f21d8bdf5cbb78d9","USER_TYPE":2,"LOCKED":0,"NAMEID":650271,"FIRSTNAME":"PlanManager","MIDNAME":null,"LASTNAME":"Demo","SEXCD":null,"BIRTHDT":"\/Date(-157766400000+0000)\/","NAMEPREFIX":"01","EMAILDATA":"pmdemo@aegon.co.uk","ACTIVE":1,"STATIC_RESPONSE_GROUP_ID":41,"USER_ACC_DEMO_ID":962,"DESCRIPT":"Scenario 16 - Plan Manager Demo Account","ADDROTHERID":206803,"GROUPTOTAL":1}]