[{"DOMAIN_NAME":"DATA_AUDIT_IDENTIFIER_TYPES","DESCRIPT":"Member Group","DISABLE_CD":"0","REF_CD":"MG","LINE_NO":"0","LONG_DESC":null,"INTF_DESC":null},{"DOMAIN_NAME":"DATA_AUDIT_IDENTIFIER_TYPES","DESCRIPT":"Member","DISABLE_CD":"0","REF_CD":"ME","LINE_NO":"0","LONG_DESC":null,"INTF_DESC":null},{"DOMAIN_NAME":"DATA_AUDIT_IDENTIFIER_TYPES","DESCRIPT":"Table Sequence Id","DISABLE_CD":"0","REF_CD":"TS","LINE_NO":"0","LONG_DESC":null,"INTF_DESC":null},{"DOMAIN_NAME":"DATA_AUDIT_IDENTIFIER_TYPES","DESCRIPT":"Scheme","DISABLE_CD":"0","REF_CD":"SC","LINE_NO":"0","LONG_DESC":null,"INTF_DESC":null},{"DOMAIN_NAME":"ESSC_APP_NAMES","DESCRIPT":"PDI","DISABLE_CD":"0","REF_CD":"PD","LINE_NO":"0","LONG_DESC":null,"INTF_DESC":null},{"DOMAIN_NAME":"ESSC_APP_NAMES","DESCRIPT":"TARGETPLAN","DISABLE_CD":"0","REF_CD":"TP","LINE_NO":"0","LONG_DESC":null,"INTF_DESC":null},{"DOMAIN_NAME":"ESSC_APP_NAMES","DESCRIPT":"DCORUM","DISABLE_CD":"0","REF_CD":"DC","LINE_NO":"0","LONG_DESC":null,"INTF_DESC":null},{"DOMAIN_NAME":"PDI_SCREEN_OPRN_TYPES","DESCRIPT":"Insert","DISABLE_CD":"0","REF_CD":"I","LINE_NO":"0","LONG_DESC":null,"INTF_DESC":null},{"DOMAIN_NAME":"PDI_SCREEN_OPRN_TYPES","DESCRIPT":"Update","DISABLE_CD":"0","REF_CD":"U","LINE_NO":"0","LONG_DESC":null,"INTF_DESC":null},{"DOMAIN_NAME":"PDI_SCREEN_OPRN_TYPES","DESCRIPT":"Delete","DISABLE_CD":"0","REF_CD":"D","LINE_NO":"0","LONG_DESC":null,"INTF_DESC":null},{"DOMAIN_NAME":"PDI_SCREEN_OPRN_TYPES","DESCRIPT":"Query","DISABLE_CD":"0","REF_CD":"Q","LINE_NO":"0","LONG_DESC":null,"INTF_DESC":null},{"DOMAIN_NAME":"SW_APP_COMPONENTS","DESCRIPT":"Dcorum Impersonate","DISABLE_CD":"0","REF_CD":"IM","LINE_NO":"0","LONG_DESC":null,"INTF_DESC":null},{"DOMAIN_NAME":"SW_APP_COMPONENTS","DESCRIPT":"Dcorum GuestUsers","DISABLE_CD":"0","REF_CD":"GU","LINE_NO":"0","LONG_DESC":null,"INTF_DESC":null},{"DOMAIN_NAME":"SW_APP_COMPONENTS","DESCRIPT":"Dcorum  PDI Roles","DISABLE_CD":"0","REF_CD":"PR","LINE_NO":"0","LONG_DESC":null,"INTF_DESC":null},{"DOMAIN_NAME":"SW_APP_COMPONENTS","DESCRIPT":"Dcorum SSO Config","DISABLE_CD":"0","REF_CD":"SS","LINE_NO":"0","LONG_DESC":null,"INTF_DESC":null},{"DOMAIN_NAME":"SW_APP_COMPONENTS","DESCRIPT":"Dcorum Money Types","DISABLE_CD":"0","REF_CD":"MT","LINE_NO":"0","LONG_DESC":null,"INTF_DESC":null},{"DOMAIN_NAME":"SW_APP_COMPONENTS","DESCRIPT":"Dcorum Fund Class screen","DISABLE_CD":"0","REF_CD":"FC","LINE_NO":"0","LONG_DESC":null,"INTF_DESC":null},{"DOMAIN_NAME":"SW_APP_COMPONENTS","DESCRIPT":"Dcorum Asset Class Growth Rate Screen","DISABLE_CD":"0","REF_CD":"AR","LINE_NO":"0","LONG_DESC":null,"INTF_DESC":null},{"DOMAIN_NAME":"SW_APP_COMPONENTS","DESCRIPT":"Dcorum Billing Group","DISABLE_CD":"0","REF_CD":"BG","LINE_NO":"0","LONG_DESC":null,"INTF_DESC":null},{"DOMAIN_NAME":"SW_APP_COMPONENTS","DESCRIPT":"Dcorum OCP Options","DISABLE_CD":"0","REF_CD":"OO","LINE_NO":"0","LONG_DESC":null,"INTF_DESC":null},{"DOMAIN_NAME":"SW_APP_COMPONENTS","DESCRIPT":"Dcorum Retirement Benefits","DISABLE_CD":"0","REF_CD":"RB","LINE_NO":"0","LONG_DESC":null,"INTF_DESC":null},{"DOMAIN_NAME":"SW_APP_COMPONENTS","DESCRIPT":"Dcorum Retirement Risk Warning Questions","DISABLE_CD":"0","REF_CD":"WQ","LINE_NO":"0","LONG_DESC":null,"INTF_DESC":null},{"DOMAIN_NAME":"SW_APP_COMPONENTS","DESCRIPT":"Dcorum Validation Rules","DISABLE_CD":"0","REF_CD":"VR","LINE_NO":"0","LONG_DESC":null,"INTF_DESC":null},{"DOMAIN_NAME":"SW_APP_COMPONENTS","DESCRIPT":"Dcorum Maintenance Messages","DISABLE_CD":"0","REF_CD":"MM","LINE_NO":"0","LONG_DESC":null,"INTF_DESC":null},{"DOMAIN_NAME":"SW_APP_COMPONENTS","DESCRIPT":"Dcorum Content","DISABLE_CD":"0","REF_CD":"CT","LINE_NO":"0","LONG_DESC":null,"INTF_DESC":null},{"DOMAIN_NAME":"SW_APP_COMPONENTS","DESCRIPT":"Dcorum Schemes","DISABLE_CD":"0","REF_CD":"SH","LINE_NO":"0","LONG_DESC":null,"INTF_DESC":null},{"DOMAIN_NAME":"SW_APP_COMPONENTS","DESCRIPT":"Dcorum Member Group","DISABLE_CD":"0","REF_CD":"MG","LINE_NO":"0","LONG_DESC":null,"INTF_DESC":null},{"DOMAIN_NAME":"SW_APP_COMPONENTS","DESCRIPT":"Dcorum Retirement Risk Warning Question Headers","DISABLE_CD":"0","REF_CD":"QH","LINE_NO":"0","LONG_DESC":null,"INTF_DESC":null},{"DOMAIN_NAME":"SW_APP_COMPONENTS","DESCRIPT":"Dcorum Contrib Scale","DISABLE_CD":"0","REF_CD":"SC","LINE_NO":"0","LONG_DESC":null,"INTF_DESC":null},{"DOMAIN_NAME":"SW_APP_COMPONENTS","DESCRIPT":"Dcorum Contrib Struct","DISABLE_CD":"0","REF_CD":"ST","LINE_NO":"0","LONG_DESC":null,"INTF_DESC":null},{"DOMAIN_NAME":"SW_APP_COMPONENTS","DESCRIPT":"Dcorum PDIMessages","DISABLE_CD":"0","REF_CD":"PM","LINE_NO":"0","LONG_DESC":null,"INTF_DESC":null},{"DOMAIN_NAME":"SW_APP_COMPONENTS","DESCRIPT":"Dcorum LifePath","DISABLE_CD":"0","REF_CD":"LP","LINE_NO":"0","LONG_DESC":null,"INTF_DESC":null},{"DOMAIN_NAME":"SW_APP_COMPONENTS","DESCRIPT":"Dcorum Demo Params","DISABLE_CD":"0","REF_CD":"DP","LINE_NO":"0","LONG_DESC":null,"INTF_DESC":null},{"DOMAIN_NAME":"SW_APP_COMPONENTS","DESCRIPT":"Dcorum Underlying Fund Mix","DISABLE_CD":"0","REF_CD":"FM","LINE_NO":"0","LONG_DESC":null,"INTF_DESC":null}]