[{"ID":"0002","RESOURCE_ID":184,"PARENT_ID":"0000","MENU_NAME":"Home","TOOLTIP":"External web server member homepage","TARGET_FRAME":"Main","RESOURCE_ID1":184,"RESOURCE_CLASS_ID":"1","LOCKED":0,"AUDIT_TYPE_ID":"1","NAME":"membhome.asp","DESCRIPTION":"External Member home page"},{"ID":"0003","RESOURCE_ID":220,"PARENT_ID":"0000","MENU_NAME":"Home","TOOLTIP":"External web server employer homepage","TARGET_FRAME":"Main","RESOURCE_ID1":220,"RESOURCE_CLASS_ID":"1","LOCKED":0,"AUDIT_TYPE_ID":"1","NAME":"emphome.asp","DESCRIPTION":"External Employer home page"},{"ID":"0010","RESOURCE_ID":7,"PARENT_ID":"0000","MENU_NAME":"Start Call","TOOLTIP":"This is a tooltip for the Menu Option selected","TARGET_FRAME":"Main","RESOURCE_ID1":7,"RESOURCE_CLASS_ID":"1","LOCKED":0,"AUDIT_TYPE_ID":"1","NAME":"IdentifyPersonFrame.htm","DESCRIPTION":"IdentifyPersonFrame.htm"},{"ID":"1000","RESOURCE_ID":0,"PARENT_ID":"0000","MENU_NAME":"+Person","TOOLTIP":"This is a tooltip for the Menu Option selected","TARGET_FRAME":"Main","RESOURCE_ID1":null,"RESOURCE_CLASS_ID":null,"LOCKED":null,"AUDIT_TYPE_ID":null,"NAME":null,"DESCRIPTION":null},{"ID":"1010","RESOURCE_ID":16,"PARENT_ID":"1000","MENU_NAME":"Summary","TOOLTIP":"This is a tooltip for the Menu Option selected","TARGET_FRAME":"Main","RESOURCE_ID1":16,"RESOURCE_CLASS_ID":"1","LOCKED":0,"AUDIT_TYPE_ID":"1","NAME":"ReviewEditPerson.asp","DESCRIPTION":"ReviewEditPerson.asp"},{"ID":"1060","RESOURCE_ID":90,"PARENT_ID":"1000","MENU_NAME":"Oth Pen Plan","TOOLTIP":"This is a tooltip for the Menu Option selected","TARGET_FRAME":"Main","RESOURCE_ID1":90,"RESOURCE_CLASS_ID":"1","LOCKED":0,"AUDIT_TYPE_ID":"1","NAME":"ViewMbrOtherPensions.asp","DESCRIPTION":"ViewMbrOtherPensions.asp"},{"ID":"1070","RESOURCE_ID":109,"PARENT_ID":"1000","MENU_NAME":"Retained Ben","TOOLTIP":"This is a tooltip for the Menu Option selected","TARGET_FRAME":"Main","RESOURCE_ID1":109,"RESOURCE_CLASS_ID":"1","LOCKED":0,"AUDIT_TYPE_ID":"1","NAME":"ViewMbrRetainedBenefits.asp","DESCRIPTION":"ViewMbrRetainedBenefits.asp"},{"ID":"1080","RESOURCE_ID":141,"PARENT_ID":"1000","MENU_NAME":"Contact History","TOOLTIP":"This is a tooltip for the Menu Option selected","TARGET_FRAME":"Main","RESOURCE_ID1":141,"RESOURCE_CLASS_ID":"1","LOCKED":0,"AUDIT_TYPE_ID":"1","NAME":"ReviewContactHistoryFrame.asp","DESCRIPTION":"ReviewContactHistoryFrame.asp"},{"ID":"1100","RESOURCE_ID":154,"PARENT_ID":"1000","MENU_NAME":"CCB","TOOLTIP":"This is a tooltip for the Menu Option selected","TARGET_FRAME":"Main","RESOURCE_ID1":154,"RESOURCE_CLASS_ID":"1","LOCKED":0,"AUDIT_TYPE_ID":"1","NAME":"ViewCritCare.asp","DESCRIPTION":"ViewCritCare.asp"},{"ID":"1110","RESOURCE_ID":186,"PARENT_ID":"1100","MENU_NAME":"To Apply","TOOLTIP":"Apply to join the Scheme","TARGET_FRAME":"Main","RESOURCE_ID1":186,"RESOURCE_CLASS_ID":"1","LOCKED":0,"AUDIT_TYPE_ID":"1","NAME":"appentry.asp","DESCRIPTION":"Application introduction Page"},{"ID":"1120","RESOURCE_ID":187,"PARENT_ID":"1100","MENU_NAME":"Cancel application","TOOLTIP":"Cancel your application","TARGET_FRAME":"Main","RESOURCE_ID1":187,"RESOURCE_CLASS_ID":"1","LOCKED":0,"AUDIT_TYPE_ID":"1","NAME":"cancelapp.asp","DESCRIPTION":"Cancel Application"},{"ID":"1125","RESOURCE_ID":579,"PARENT_ID":"0000","MENU_NAME":"dc-Link News","TOOLTIP":"DC-Link News","TARGET_FRAME":"Main","RESOURCE_ID1":579,"RESOURCE_CLASS_ID":"1","LOCKED":0,"AUDIT_TYPE_ID":"1","NAME":"StaticPageNav.asp?pagename=dclinknews.htm","DESCRIPTION":"dc-Link News"},{"ID":"1126","RESOURCE_ID":581,"PARENT_ID":"0000","MENU_NAME":"Pensions News","TOOLTIP":"Pensions News","TARGET_FRAME":"Main","RESOURCE_ID1":581,"RESOURCE_CLASS_ID":"1","LOCKED":0,"AUDIT_TYPE_ID":"1","NAME":"StaticPageNav.asp?pagename=dclinknews.htm","DESCRIPTION":"M-Link News"},{"ID":"1130","RESOURCE_ID":188,"PARENT_ID":"0000","MENU_NAME":"Your Pension","TOOLTIP":"Your pension","TARGET_FRAME":"Main","RESOURCE_ID1":188,"RESOURCE_CLASS_ID":"1","LOCKED":0,"AUDIT_TYPE_ID":"1","NAME":"membhome.asp?sub=YourPension","DESCRIPTION":"Members Your Pensions Sub-Hompage"},{"ID":"1140","RESOURCE_ID":-1,"PARENT_ID":"1130","MENU_NAME":"Getting Started","TOOLTIP":"Getting started","TARGET_FRAME":"Main","RESOURCE_ID1":null,"RESOURCE_CLASS_ID":null,"LOCKED":null,"AUDIT_TYPE_ID":null,"NAME":null,"DESCRIPTION":null},{"ID":"1145","RESOURCE_ID":456,"PARENT_ID":"1130","MENU_NAME":"Overview","TOOLTIP":"Overview","TARGET_FRAME":"Main","RESOURCE_ID1":456,"RESOURCE_CLASS_ID":"1","LOCKED":0,"AUDIT_TYPE_ID":"1","NAME":"staticpagenav.asp?pagename=Overview.htm","DESCRIPTION":"staticpagenav.asp?pagename=Overview.htm"},{"ID":"1150","RESOURCE_ID":444,"PARENT_ID":"1130","MENU_NAME":"Your Contributions","TOOLTIP":"Making contributions to your account","TARGET_FRAME":"Main","RESOURCE_ID1":444,"RESOURCE_CLASS_ID":"1","LOCKED":0,"AUDIT_TYPE_ID":"1","NAME":"staticpagenav.asp?pagename=MakingContributions.htm","DESCRIPTION":"Your Contributions"},{"ID":"1160","RESOURCE_ID":445,"PARENT_ID":"1130","MENU_NAME":"Your Investments","TOOLTIP":"Investing your account","TARGET_FRAME":"Main","RESOURCE_ID1":445,"RESOURCE_CLASS_ID":"1","LOCKED":0,"AUDIT_TYPE_ID":"1","NAME":"staticpagenav.asp?pagename=Investing.htm","DESCRIPTION":"Your Investments"},{"ID":"1170","RESOURCE_ID":446,"PARENT_ID":"1130","MENU_NAME":"Receiving Benefits","TOOLTIP":"Receiving your benefits","TARGET_FRAME":"Main","RESOURCE_ID1":446,"RESOURCE_CLASS_ID":"1","LOCKED":0,"AUDIT_TYPE_ID":"1","NAME":"staticpagenav.asp?pagename=ReceivingBenefits.htm","DESCRIPTION":"Receiving Benefits"},{"ID":"1180","RESOURCE_ID":447,"PARENT_ID":"1130","MENU_NAME":"State Pensions","TOOLTIP":"You and State Pensions","TARGET_FRAME":"Main","RESOURCE_ID1":447,"RESOURCE_CLASS_ID":"1","LOCKED":0,"AUDIT_TYPE_ID":"1","NAME":"staticpagenav.asp?pagename=StatePensions.htm","DESCRIPTION":"State Pensions"},{"ID":"1190","RESOURCE_ID":-1,"PARENT_ID":"1130","MENU_NAME":"Key Features","TOOLTIP":"Your Key Features","TARGET_FRAME":"Main","RESOURCE_ID1":null,"RESOURCE_CLASS_ID":null,"LOCKED":null,"AUDIT_TYPE_ID":null,"NAME":null,"DESCRIPTION":null},{"ID":"1195","RESOURCE_ID":577,"PARENT_ID":"0000","MENU_NAME":"Your Plan","TOOLTIP":"Your Plan","TARGET_FRAME":"New","RESOURCE_ID1":577,"RESOURCE_CLASS_ID":"1","LOCKED":0,"AUDIT_TYPE_ID":"1","NAME":"StaticPageNav.asp?pagename=SchemeBooklet.pdf","DESCRIPTION":"Scheme booklet"},{"ID":"1196","RESOURCE_ID":631,"PARENT_ID":"0000","MENU_NAME":"Your Top Up Account","TOOLTIP":"Your Top Up Account","TARGET_FRAME":"Main","RESOURCE_ID1":631,"RESOURCE_CLASS_ID":"1","LOCKED":0,"AUDIT_TYPE_ID":"1","NAME":"membhome.asp?sub=YourTopUpAccount","DESCRIPTION":"Members Your Top Up Account Sub-Hompage"},{"ID":"1197","RESOURCE_ID":625,"PARENT_ID":"0000","MENU_NAME":"The Top Up Account","TOOLTIP":"The Top Up Account","TARGET_FRAME":"Main","RESOURCE_ID1":625,"RESOURCE_CLASS_ID":"1","LOCKED":0,"AUDIT_TYPE_ID":"1","NAME":"emphome.asp?sub=TheTopUpAccount","DESCRIPTION":"Employers The Top Up Account Sub-Hompage"},{"ID":"1199","RESOURCE_ID":768,"PARENT_ID":"0000","MENU_NAME":"Your Pension Calculator","TOOLTIP":"Your Pension Calculator","TARGET_FRAME":"Main","RESOURCE_ID1":768,"RESOURCE_CLASS_ID":"1","LOCKED":0,"AUDIT_TYPE_ID":"1","NAME":"SelectIllustration.asp","DESCRIPTION":"Member DCLink Illustrations"},{"ID":"1200","RESOURCE_ID":195,"PARENT_ID":"0000","MENU_NAME":"Your Account","TOOLTIP":"Your account details","TARGET_FRAME":"Main","RESOURCE_ID1":195,"RESOURCE_CLASS_ID":"1","LOCKED":0,"AUDIT_TYPE_ID":"1","NAME":"membhome.asp?sub=AccountDetails","DESCRIPTION":"Members Account Details Sub-Hompage"},{"ID":"1210","RESOURCE_ID":488,"PARENT_ID":"1200","MENU_NAME":"Balance","TOOLTIP":"Your current balance","TARGET_FRAME":"Main","RESOURCE_ID1":488,"RESOURCE_CLASS_ID":"1","LOCKED":0,"AUDIT_TYPE_ID":"1","NAME":"CurrentBalance.asp","DESCRIPTION":"CurrentBalance.asp"},{"ID":"1220","RESOURCE_ID":198,"PARENT_ID":"1200","MENU_NAME":"Statement","TOOLTIP":"Your benefit statement","TARGET_FRAME":"Main","RESOURCE_ID1":198,"RESOURCE_CLASS_ID":"1","LOCKED":0,"AUDIT_TYPE_ID":"1","NAME":"RequestBenStat.asp","DESCRIPTION":"view statement"},{"ID":"1247","RESOURCE_ID":1480,"PARENT_ID":"0000","MENU_NAME":"Pensions Modeller","TOOLTIP":"Pensions Modeller","TARGET_FRAME":"New","RESOURCE_ID1":1480,"RESOURCE_CLASS_ID":"1","LOCKED":0,"AUDIT_TYPE_ID":"1","NAME":"DetModellerProxy.asp","DESCRIPTION":"Member Deterministic Modeller"},{"ID":"1248","RESOURCE_ID":676,"PARENT_ID":"0000","MENU_NAME":"Target Plan","TOOLTIP":"Target Plan","TARGET_FRAME":"New","RESOURCE_ID1":676,"RESOURCE_CLASS_ID":"1","LOCKED":0,"AUDIT_TYPE_ID":"1","NAME":"MLModellerProxy.asp","DESCRIPTION":"Member ML Modeller"},{"ID":"1249","RESOURCE_ID":484,"PARENT_ID":"0000","MENU_NAME":"Pension Modelling","TOOLTIP":"Pension modelling","TARGET_FRAME":"Main","RESOURCE_ID1":484,"RESOURCE_CLASS_ID":"1","LOCKED":0,"AUDIT_TYPE_ID":"1","NAME":"EPatIntro.asp","DESCRIPTION":"Member Pension Calculator"},{"ID":"1250","RESOURCE_ID":199,"PARENT_ID":"0000","MENU_NAME":"Contributions","TOOLTIP":"Your contributions","TARGET_FRAME":"Main","RESOURCE_ID1":199,"RESOURCE_CLASS_ID":"1","LOCKED":0,"AUDIT_TYPE_ID":"1","NAME":"membhome.asp?sub=Contributions","DESCRIPTION":"Members Contributions Details Sub-Hompage"},{"ID":"1260","RESOURCE_ID":200,"PARENT_ID":"1250","MENU_NAME":"View Contributions","TOOLTIP":"View the current contributions to your account","TARGET_FRAME":"Main","RESOURCE_ID1":200,"RESOURCE_CLASS_ID":"1","LOCKED":0,"AUDIT_TYPE_ID":"1","NAME":"PaymentInformation.asp","DESCRIPTION":"view your current contributions"},{"ID":"1265","RESOURCE_ID":455,"PARENT_ID":"1250","MENU_NAME":"View Past Contributions","TOOLTIP":"View past contributions to your account","TARGET_FRAME":"Main","RESOURCE_ID1":455,"RESOURCE_CLASS_ID":"1","LOCKED":0,"AUDIT_TYPE_ID":"1","NAME":"membercontributions.asp","DESCRIPTION":"membercontributions.asp"},{"ID":"1267","RESOURCE_ID":480,"PARENT_ID":"1250","MENU_NAME":"Contribution Maximiser","TOOLTIP":"How much should you contribute","TARGET_FRAME":"Main","RESOURCE_ID1":480,"RESOURCE_CLASS_ID":"1","LOCKED":0,"AUDIT_TYPE_ID":"1","NAME":"NewIllustration.asp?FundingCheck=1","DESCRIPTION":"NewIllustration.asp?FundingCheck=1"},{"ID":"1270","RESOURCE_ID":201,"PARENT_ID":"1250","MENU_NAME":"Change Contributions","TOOLTIP":"Change how much you contribute each month and\/or your target retirement age","TARGET_FRAME":"Main","RESOURCE_ID1":201,"RESOURCE_CLASS_ID":"1","LOCKED":0,"AUDIT_TYPE_ID":"1","NAME":"ChangeContributionAndTra.asp","DESCRIPTION":"Change Current Contributions"},{"ID":"1280","RESOURCE_ID":202,"PARENT_ID":"1250","MENU_NAME":"Single Contribution","TOOLTIP":"Make a single contribution","TARGET_FRAME":"Main","RESOURCE_ID1":202,"RESOURCE_CLASS_ID":"1","LOCKED":0,"AUDIT_TYPE_ID":"1","NAME":"staticpagenav.asp?pagename=SingleContribution.htm","DESCRIPTION":"Make a single contribution"},{"ID":"1292","RESOURCE_ID":204,"PARENT_ID":"1250","MENU_NAME":"Basis Year","TOOLTIP":"Change your basis year","TARGET_FRAME":"Main","RESOURCE_ID1":204,"RESOURCE_CLASS_ID":"1","LOCKED":0,"AUDIT_TYPE_ID":"1","NAME":"ChangeBaseTaxYear.asp","DESCRIPTION":"Changing basis year"},{"ID":"1294","RESOURCE_ID":205,"PARENT_ID":"1250","MENU_NAME":"Qualifying Year","TOOLTIP":"Change your qualifying year","TARGET_FRAME":"Main","RESOURCE_ID1":205,"RESOURCE_CLASS_ID":"1","LOCKED":0,"AUDIT_TYPE_ID":"1","NAME":"ChangeQualTaxYear.asp","DESCRIPTION":"Change Qualifying Tax Year"},{"ID":"1300","RESOURCE_ID":206,"PARENT_ID":"0000","MENU_NAME":"Investments","TOOLTIP":"Your investments","TARGET_FRAME":"Main","RESOURCE_ID1":206,"RESOURCE_CLASS_ID":"1","LOCKED":0,"AUDIT_TYPE_ID":"1","NAME":"membhome.asp?sub=Investments","DESCRIPTION":"Members Investments Details Sub-Hompage"},{"ID":"1310","RESOURCE_ID":207,"PARENT_ID":"1300","MENU_NAME":"View Investments","TOOLTIP":"See how your account is invested","TARGET_FRAME":"Main","RESOURCE_ID1":207,"RESOURCE_CLASS_ID":"1","LOCKED":0,"AUDIT_TYPE_ID":"1","NAME":"CurrentElections.asp","DESCRIPTION":"Current Elections"},{"ID":"1320","RESOURCE_ID":208,"PARENT_ID":"1300","MENU_NAME":"Change Investments","TOOLTIP":"Change how your account is invested","TARGET_FRAME":"Main","RESOURCE_ID1":208,"RESOURCE_CLASS_ID":"1","LOCKED":0,"AUDIT_TYPE_ID":"1","NAME":"Switching.asp","DESCRIPTION":"Switching"},{"ID":"1325","RESOURCE_ID":562,"PARENT_ID":"1300","MENU_NAME":"Change Investment Style","TOOLTIP":"Change the investment style of your account","TARGET_FRAME":"Main","RESOURCE_ID1":562,"RESOURCE_CLASS_ID":"1","LOCKED":0,"AUDIT_TYPE_ID":"1","NAME":"ChangeInvestmentStyle.asp","DESCRIPTION":"ChangeInvestmentStyle.asp"},{"ID":"1330","RESOURCE_ID":209,"PARENT_ID":"1300","MENU_NAME":"Change Future Investments","TOOLTIP":"Change how your future contributions are invested","TARGET_FRAME":"Main","RESOURCE_ID1":209,"RESOURCE_CLASS_ID":"1","LOCKED":0,"AUDIT_TYPE_ID":"1","NAME":"Redirection.asp","DESCRIPTION":"redirection"},{"ID":"1335","RESOURCE_ID":245,"PARENT_ID":"1300","MENU_NAME":"Unit Prices","TOOLTIP":"View unit prices","TARGET_FRAME":"Main","RESOURCE_ID1":245,"RESOURCE_CLASS_ID":"1","LOCKED":0,"AUDIT_TYPE_ID":"1","NAME":"FundPrice.asp","DESCRIPTION":"FundPrice.asp"},{"ID":"1340","RESOURCE_ID":246,"PARENT_ID":"1300","MENU_NAME":"Fund Reports","TOOLTIP":"Your fund performance reports","TARGET_FRAME":"Main","RESOURCE_ID1":246,"RESOURCE_CLASS_ID":"1","LOCKED":0,"AUDIT_TYPE_ID":"1","NAME":"FundFacts.asp","DESCRIPTION":"Fundfacts.asp"},{"ID":"1342","RESOURCE_ID":762,"PARENT_ID":"1300","MENU_NAME":"SmartSavings","TOOLTIP":"Launch SmartSavings Interactive Modelling Tool","TARGET_FRAME":"New","RESOURCE_ID1":762,"RESOURCE_CLASS_ID":"1","LOCKED":0,"AUDIT_TYPE_ID":"1","NAME":"ModellingToolProxy.asp?ModellerId=1","DESCRIPTION":"Generic Modelling Tool Resource Launching SmartSavings Modeller"},{"ID":"1350","RESOURCE_ID":212,"PARENT_ID":"0000","MENU_NAME":"Leaving Options","TOOLTIP":"Leaving or thinking of retiring","TARGET_FRAME":"Main","RESOURCE_ID1":212,"RESOURCE_CLASS_ID":"1","LOCKED":0,"AUDIT_TYPE_ID":"1","NAME":"membhome.asp?sub=RetireTransfer","DESCRIPTION":"Members retring\/transferring Sub-Hompage"},{"ID":"1360","RESOURCE_ID":213,"PARENT_ID":"1350","MENU_NAME":"Retiring?","TOOLTIP":"Your retirement options","TARGET_FRAME":"Main","RESOURCE_ID1":213,"RESOURCE_CLASS_ID":"1","LOCKED":0,"AUDIT_TYPE_ID":"1","NAME":"ClaimsRetire.asp","DESCRIPTION":"Retirement Options"},{"ID":"1370","RESOURCE_ID":448,"PARENT_ID":"1350","MENU_NAME":"Transferring Schemes?","TOOLTIP":"Find out how to transfer schemes","TARGET_FRAME":"Main","RESOURCE_ID1":448,"RESOURCE_CLASS_ID":"1","LOCKED":0,"AUDIT_TYPE_ID":"1","NAME":"claimtransfer.asp","DESCRIPTION":"Transferring your Account"},{"ID":"1399","RESOURCE_ID":215,"PARENT_ID":"1350","MENU_NAME":"Leaving?","TOOLTIP":"If your're leaving your employer what are your options?","TARGET_FRAME":"Main","RESOURCE_ID1":215,"RESOURCE_CLASS_ID":"1","LOCKED":0,"AUDIT_TYPE_ID":"1","NAME":"staticpagenav.asp?pagename=leavers.htm","DESCRIPTION":"Leaving your employer"},{"ID":"1400","RESOURCE_ID":216,"PARENT_ID":"0000","MENU_NAME":"Your Details","TOOLTIP":"Your personal details","TARGET_FRAME":"Main","RESOURCE_ID1":216,"RESOURCE_CLASS_ID":"1","LOCKED":0,"AUDIT_TYPE_ID":"1","NAME":"membhome.asp?sub=PersonalDetails","DESCRIPTION":"Members Personal Details Sub-Hompage"},{"ID":"1410","RESOURCE_ID":217,"PARENT_ID":"1400","MENU_NAME":"Personal Details","TOOLTIP":"View or amend your personal details","TARGET_FRAME":"Main","RESOURCE_ID1":217,"RESOURCE_CLASS_ID":"1","LOCKED":0,"AUDIT_TYPE_ID":"1","NAME":"ChangePersonalDetails.asp","DESCRIPTION":"ChangePersonalDetails.asp"},{"ID":"1420","RESOURCE_ID":218,"PARENT_ID":"1400","MENU_NAME":"Contact Details","TOOLTIP":"View or amend your contact details","TARGET_FRAME":"Main","RESOURCE_ID1":218,"RESOURCE_CLASS_ID":"1","LOCKED":0,"AUDIT_TYPE_ID":"1","NAME":"ChangeContactDetails.asp","DESCRIPTION":"ChangeContactDetails.asp"},{"ID":"1425","RESOURCE_ID":260,"PARENT_ID":"1400","MENU_NAME":"Security Details","TOOLTIP":"View or amend your security details","TARGET_FRAME":"Main","RESOURCE_ID1":260,"RESOURCE_CLASS_ID":"1","LOCKED":0,"AUDIT_TYPE_ID":"1","NAME":"ChangeSecurityDetails.asp","DESCRIPTION":" ChangeSecurityDetails.asp"},{"ID":"1430","RESOURCE_ID":767,"PARENT_ID":"1400","MENU_NAME":"Change Retirement Age","TOOLTIP":"Change your target retirement age","TARGET_FRAME":"Main","RESOURCE_ID1":767,"RESOURCE_CLASS_ID":"1","LOCKED":0,"AUDIT_TYPE_ID":"1","NAME":"ChangeContributionAndTra.asp?altres=1","DESCRIPTION":"Change Target Retirement Age"},{"ID":"1530","RESOURCE_ID":221,"PARENT_ID":"0000","MENU_NAME":"Your Scheme","TOOLTIP":"Your scheme","TARGET_FRAME":"Main","RESOURCE_ID1":221,"RESOURCE_CLASS_ID":"1","LOCKED":0,"AUDIT_TYPE_ID":"1","NAME":"emphome.asp?sub=YourScheme","DESCRIPTION":"Employers Your Schemes Sub-Hompage"},{"ID":"1540","RESOURCE_ID":-1,"PARENT_ID":"1530","MENU_NAME":"Getting Started","TOOLTIP":"Getting started","TARGET_FRAME":"Main","RESOURCE_ID1":null,"RESOURCE_CLASS_ID":null,"LOCKED":null,"AUDIT_TYPE_ID":null,"NAME":null,"DESCRIPTION":null},{"ID":"1545","RESOURCE_ID":456,"PARENT_ID":"1530","MENU_NAME":"Overview","TOOLTIP":"Overview","TARGET_FRAME":"Main","RESOURCE_ID1":456,"RESOURCE_CLASS_ID":"1","LOCKED":0,"AUDIT_TYPE_ID":"1","NAME":"staticpagenav.asp?pagename=Overview.htm","DESCRIPTION":"staticpagenav.asp?pagename=Overview.htm"},{"ID":"1550","RESOURCE_ID":444,"PARENT_ID":"1530","MENU_NAME":"Your Contributions","TOOLTIP":"Making contributions to your account","TARGET_FRAME":"Main","RESOURCE_ID1":444,"RESOURCE_CLASS_ID":"1","LOCKED":0,"AUDIT_TYPE_ID":"1","NAME":"staticpagenav.asp?pagename=MakingContributions.htm","DESCRIPTION":"Your Contributions"},{"ID":"1560","RESOURCE_ID":445,"PARENT_ID":"1530","MENU_NAME":"Your Investments","TOOLTIP":"Investing your account","TARGET_FRAME":"Main","RESOURCE_ID1":445,"RESOURCE_CLASS_ID":"1","LOCKED":0,"AUDIT_TYPE_ID":"1","NAME":"staticpagenav.asp?pagename=Investing.htm","DESCRIPTION":"Your Investments"},{"ID":"1570","RESOURCE_ID":446,"PARENT_ID":"1530","MENU_NAME":"Receiving Benefits","TOOLTIP":"Receiving your benefits","TARGET_FRAME":"Main","RESOURCE_ID1":446,"RESOURCE_CLASS_ID":"1","LOCKED":0,"AUDIT_TYPE_ID":"1","NAME":"staticpagenav.asp?pagename=ReceivingBenefits.htm","DESCRIPTION":"Receiving Benefits"},{"ID":"1580","RESOURCE_ID":447,"PARENT_ID":"1530","MENU_NAME":"State Pensions","TOOLTIP":"You and State Pensions","TARGET_FRAME":"Main","RESOURCE_ID1":447,"RESOURCE_CLASS_ID":"1","LOCKED":0,"AUDIT_TYPE_ID":"1","NAME":"staticpagenav.asp?pagename=StatePensions.htm","DESCRIPTION":"State Pensions"},{"ID":"1590","RESOURCE_ID":-1,"PARENT_ID":"1530","MENU_NAME":"Key Features","TOOLTIP":"Your Key Features","TARGET_FRAME":"Main","RESOURCE_ID1":null,"RESOURCE_CLASS_ID":null,"LOCKED":null,"AUDIT_TYPE_ID":null,"NAME":null,"DESCRIPTION":null},{"ID":"1600","RESOURCE_ID":231,"PARENT_ID":"0000","MENU_NAME":"View Member Details","TOOLTIP":"View member details","TARGET_FRAME":"Main","RESOURCE_ID1":231,"RESOURCE_CLASS_ID":"1","LOCKED":0,"AUDIT_TYPE_ID":"1","NAME":"emphome.asp?sub=MemberDetails","DESCRIPTION":"Employers view member details"},{"ID":"1609","RESOURCE_ID":1481,"PARENT_ID":"1600","MENU_NAME":"Pensions Modeller","TOOLTIP":"Pensions Modeller","TARGET_FRAME":"New","RESOURCE_ID1":1481,"RESOURCE_CLASS_ID":"1","LOCKED":0,"AUDIT_TYPE_ID":"1","NAME":"DetModellerProxy.asp","DESCRIPTION":"Trustee Deterministic Modeller"},{"ID":"1610","RESOURCE_ID":575,"PARENT_ID":"1600","MENU_NAME":"Pension Modelling","TOOLTIP":"Pension modelling","TARGET_FRAME":"Main","RESOURCE_ID1":575,"RESOURCE_CLASS_ID":"1","LOCKED":0,"AUDIT_TYPE_ID":"1","NAME":"EPatIntro.asp","DESCRIPTION":"Trustee Pension Calculator"},{"ID":"1611","RESOURCE_ID":677,"PARENT_ID":"1600","MENU_NAME":"Pension Modelling","TOOLTIP":"Pension modelling","TARGET_FRAME":"New","RESOURCE_ID1":677,"RESOURCE_CLASS_ID":"1","LOCKED":0,"AUDIT_TYPE_ID":"1","NAME":"MLModellerProxy.asp","DESCRIPTION":"Trustee ML Modeller"},{"ID":"1612","RESOURCE_ID":769,"PARENT_ID":"1600","MENU_NAME":"Pension calculator","TOOLTIP":"Pension Calculator","TARGET_FRAME":"Main","RESOURCE_ID1":769,"RESOURCE_CLASS_ID":"1","LOCKED":0,"AUDIT_TYPE_ID":"1","NAME":"SelectIllustration.asp","DESCRIPTION":"Trustee DCLink Illustrations"},{"ID":"1620","RESOURCE_ID":488,"PARENT_ID":"1600","MENU_NAME":"Balance","TOOLTIP":"Account balance","TARGET_FRAME":"Main","RESOURCE_ID1":488,"RESOURCE_CLASS_ID":"1","LOCKED":0,"AUDIT_TYPE_ID":"1","NAME":"CurrentBalance.asp","DESCRIPTION":"CurrentBalance.asp"},{"ID":"1630","RESOURCE_ID":198,"PARENT_ID":"1600","MENU_NAME":"Statement","TOOLTIP":"Benefit statement","TARGET_FRAME":"Main","RESOURCE_ID1":198,"RESOURCE_CLASS_ID":"1","LOCKED":0,"AUDIT_TYPE_ID":"1","NAME":"RequestBenStat.asp","DESCRIPTION":"view statement"},{"ID":"1640","RESOURCE_ID":200,"PARENT_ID":"1600","MENU_NAME":"Current Contributions","TOOLTIP":"Current contributions","TARGET_FRAME":"Main","RESOURCE_ID1":200,"RESOURCE_CLASS_ID":"1","LOCKED":0,"AUDIT_TYPE_ID":"1","NAME":"PaymentInformation.asp","DESCRIPTION":"view your current contributions"},{"ID":"1650","RESOURCE_ID":218,"PARENT_ID":"1600","MENU_NAME":"Contact details","TOOLTIP":"Contact details","TARGET_FRAME":"Main","RESOURCE_ID1":218,"RESOURCE_CLASS_ID":"1","LOCKED":0,"AUDIT_TYPE_ID":"1","NAME":"ChangeContactDetails.asp","DESCRIPTION":"ChangeContactDetails.asp"},{"ID":"1660","RESOURCE_ID":217,"PARENT_ID":"1600","MENU_NAME":"Personal details","TOOLTIP":"Personal details","TARGET_FRAME":"Main","RESOURCE_ID1":217,"RESOURCE_CLASS_ID":"1","LOCKED":0,"AUDIT_TYPE_ID":"1","NAME":"ChangePersonalDetails.asp","DESCRIPTION":"ChangePersonalDetails.asp"},{"ID":"1670","RESOURCE_ID":232,"PARENT_ID":"1600","MENU_NAME":"Select member","TOOLTIP":"Select a new member","TARGET_FRAME":"Main","RESOURCE_ID1":232,"RESOURCE_CLASS_ID":"1","LOCKED":0,"AUDIT_TYPE_ID":"1","NAME":"IDAccountHolderFrameset.asp","DESCRIPTION":"select a scheme member"},{"ID":"1700","RESOURCE_ID":483,"PARENT_ID":"0000","MENU_NAME":"Manage Member Data","TOOLTIP":"Manage member data","TARGET_FRAME":"Main","RESOURCE_ID1":483,"RESOURCE_CLASS_ID":"1","LOCKED":0,"AUDIT_TYPE_ID":"1","NAME":"emphome.asp?sub=EmployeeDetails","DESCRIPTION":"Employers employees details Sub-Hompage"},{"ID":"1710","RESOURCE_ID":233,"PARENT_ID":"1700","MENU_NAME":"Salary Details","TOOLTIP":"Change a member's salary details","TARGET_FRAME":"Main","RESOURCE_ID1":233,"RESOURCE_CLASS_ID":"1","LOCKED":0,"AUDIT_TYPE_ID":"1","NAME":"EmployerMemberSalary.asp","DESCRIPTION":"EmployerMemberSalary.asp"},{"ID":"1720","RESOURCE_ID":235,"PARENT_ID":"1700","MENU_NAME":"Employment Status","TOOLTIP":"Change a member's employment status","TARGET_FRAME":"Main","RESOURCE_ID1":235,"RESOURCE_CLASS_ID":"1","LOCKED":0,"AUDIT_TYPE_ID":"1","NAME":"EmployerMemberStatus.asp","DESCRIPTION":"EmpMemStatus.asp"},{"ID":"1730","RESOURCE_ID":236,"PARENT_ID":"1700","MENU_NAME":"Leavers","TOOLTIP":"Notify us of a member leaving your employment","TARGET_FRAME":"Main","RESOURCE_ID1":236,"RESOURCE_CLASS_ID":"1","LOCKED":0,"AUDIT_TYPE_ID":"1","NAME":"EmployerMemberLeave.asp","DESCRIPTION":"EmployerMemberLeave.asp.asp"},{"ID":"1740","RESOURCE_ID":237,"PARENT_ID":"1700","MENU_NAME":"Claims","TOOLTIP":"Notify us of a member claimiing benefits","TARGET_FRAME":"Main","RESOURCE_ID1":237,"RESOURCE_CLASS_ID":"1","LOCKED":0,"AUDIT_TYPE_ID":"1","NAME":"EmployerMemberClaim.asp ","DESCRIPTION":"EmployerMemberClaim.asp "},{"ID":"1750","RESOURCE_ID":238,"PARENT_ID":"1700","MENU_NAME":"Contribution Group","TOOLTIP":"Change a member's contribution group","TARGET_FRAME":"Main","RESOURCE_ID1":238,"RESOURCE_CLASS_ID":"1","LOCKED":0,"AUDIT_TYPE_ID":"1","NAME":"EmployerMemberGroup.asp","DESCRIPTION":"EmpMemberGroups.asp"},{"ID":"1752","RESOURCE_ID":208,"PARENT_ID":"1700","MENU_NAME":"Change Investments","TOOLTIP":"Change how account is invested","TARGET_FRAME":"Main","RESOURCE_ID1":208,"RESOURCE_CLASS_ID":"1","LOCKED":0,"AUDIT_TYPE_ID":"1","NAME":"Switching.asp","DESCRIPTION":"Switching"},{"ID":"1754","RESOURCE_ID":209,"PARENT_ID":"1700","MENU_NAME":"Change Future Investments","TOOLTIP":"Change how future contributions are invested","TARGET_FRAME":"Main","RESOURCE_ID1":209,"RESOURCE_CLASS_ID":"1","LOCKED":0,"AUDIT_TYPE_ID":"1","NAME":"Redirection.asp","DESCRIPTION":"redirection"},{"ID":"1756","RESOURCE_ID":562,"PARENT_ID":"1700","MENU_NAME":"Change Investment Style","TOOLTIP":"Change the investment style of the account","TARGET_FRAME":"Main","RESOURCE_ID1":562,"RESOURCE_CLASS_ID":"1","LOCKED":0,"AUDIT_TYPE_ID":"1","NAME":"ChangeInvestmentStyle.asp","DESCRIPTION":"ChangeInvestmentStyle.asp"},{"ID":"1760","RESOURCE_ID":482,"PARENT_ID":"1700","MENU_NAME":"Receive data transfer reports","TOOLTIP":"View the history of DTM file uploads with transaction counts","TARGET_FRAME":"Main","RESOURCE_ID1":482,"RESOURCE_CLASS_ID":"1","LOCKED":0,"AUDIT_TYPE_ID":"1","NAME":"DTMViewReports.asp","DESCRIPTION":"DTMViewReports.asp"},{"ID":"1770","RESOURCE_ID":481,"PARENT_ID":"1700","MENU_NAME":"Send data transfer reports","TOOLTIP":"Upload a file of member changes via the Deferred Transaction Manager","TARGET_FRAME":"Main","RESOURCE_ID1":481,"RESOURCE_CLASS_ID":"1","LOCKED":0,"AUDIT_TYPE_ID":"1","NAME":"DTMUploadFile.asp","DESCRIPTION":"DTMUploadFile.asp"},{"ID":"1780","RESOURCE_ID":232,"PARENT_ID":"1700","MENU_NAME":"Select Member","TOOLTIP":"Select a new member","TARGET_FRAME":"Main","RESOURCE_ID1":232,"RESOURCE_CLASS_ID":"1","LOCKED":0,"AUDIT_TYPE_ID":"1","NAME":"IDAccountHolderFrameset.asp","DESCRIPTION":"select a scheme member"},{"ID":"1797","RESOURCE_ID":207,"PARENT_ID":"1700","MENU_NAME":"View Investments","TOOLTIP":"How member's account is invested","TARGET_FRAME":"Main","RESOURCE_ID1":207,"RESOURCE_CLASS_ID":"1","LOCKED":0,"AUDIT_TYPE_ID":"1","NAME":"CurrentElections.asp","DESCRIPTION":"Current Elections"},{"ID":"1800","RESOURCE_ID":239,"PARENT_ID":"0000","MENU_NAME":"Scheme Reports","TOOLTIP":"Your scheme reports","TARGET_FRAME":"Main","RESOURCE_ID1":239,"RESOURCE_CLASS_ID":"1","LOCKED":0,"AUDIT_TYPE_ID":"1","NAME":"emphome.asp?sub=SchemeReports","DESCRIPTION":"Employers scheme reports Sub-Hompage"},{"ID":"1810","RESOURCE_ID":240,"PARENT_ID":"1800","MENU_NAME":"Statement","TOOLTIP":"Scheme statement","TARGET_FRAME":"Main","RESOURCE_ID1":240,"RESOURCE_CLASS_ID":"1","LOCKED":0,"AUDIT_TYPE_ID":"1","NAME":"TransactionStatement.asp","DESCRIPTION":"schemestaterep.asp"},{"ID":"1820","RESOURCE_ID":241,"PARENT_ID":"1800","MENU_NAME":"Reconciliation Report","TOOLTIP":"Membership reconciliation report","TARGET_FRAME":"Main","RESOURCE_ID1":241,"RESOURCE_CLASS_ID":"1","LOCKED":0,"AUDIT_TYPE_ID":"1","NAME":"MemReconciliation.asp","DESCRIPTION":"MembStats.asp"},{"ID":"1830","RESOURCE_ID":242,"PARENT_ID":"1800","MENU_NAME":"Membership Statistics","TOOLTIP":"Membership statistics report","TARGET_FRAME":"Main","RESOURCE_ID1":242,"RESOURCE_CLASS_ID":"1","LOCKED":0,"AUDIT_TYPE_ID":"1","NAME":"memanalysis.asp","DESCRIPTION":"ServiceLevel.asp"},{"ID":"1850","RESOURCE_ID":244,"PARENT_ID":"0000","MENU_NAME":"Scheme Investments","TOOLTIP":"Your scheme investments","TARGET_FRAME":"Main","RESOURCE_ID1":244,"RESOURCE_CLASS_ID":"1","LOCKED":0,"AUDIT_TYPE_ID":"1","NAME":"emphome.asp?sub=SchemeInvest","DESCRIPTION":"Employers scheme reports Sub-Hompage"},{"ID":"1860","RESOURCE_ID":245,"PARENT_ID":"1850","MENU_NAME":"Fund Prices","TOOLTIP":"View fund prices","TARGET_FRAME":"Main","RESOURCE_ID1":245,"RESOURCE_CLASS_ID":"1","LOCKED":0,"AUDIT_TYPE_ID":"1","NAME":"FundPrice.asp","DESCRIPTION":"FundPrice.asp"},{"ID":"1870","RESOURCE_ID":246,"PARENT_ID":"1850","MENU_NAME":"Fund Performance","TOOLTIP":"View fund performance reports","TARGET_FRAME":"Main","RESOURCE_ID1":246,"RESOURCE_CLASS_ID":"1","LOCKED":0,"AUDIT_TYPE_ID":"1","NAME":"FundFacts.asp","DESCRIPTION":"Fundfacts.asp"},{"ID":"1900","RESOURCE_ID":247,"PARENT_ID":"0000","MENU_NAME":"Scheme Details","TOOLTIP":"Your scheme details","TARGET_FRAME":"Main","RESOURCE_ID1":247,"RESOURCE_CLASS_ID":"1","LOCKED":0,"AUDIT_TYPE_ID":"1","NAME":"emphome.asp?sub=SchemeDetails","DESCRIPTION":"Employers Scheme Details Sub-Hompage"},{"ID":"1910","RESOURCE_ID":248,"PARENT_ID":"1900","MENU_NAME":"Scheme Contact","TOOLTIP":"Change your scheme contact details","TARGET_FRAME":"Main","RESOURCE_ID1":null,"RESOURCE_CLASS_ID":null,"LOCKED":null,"AUDIT_TYPE_ID":null,"NAME":null,"DESCRIPTION":null},{"ID":"1920","RESOURCE_ID":249,"PARENT_ID":"1900","MENU_NAME":"Scheme Rules","TOOLTIP":"Change your scheme rules","TARGET_FRAME":"Main","RESOURCE_ID1":249,"RESOURCE_CLASS_ID":"1","LOCKED":0,"AUDIT_TYPE_ID":"1","NAME":"EditSchemeRules.asp","DESCRIPTION":"EditSchemeRules.asp"},{"ID":"1930","RESOURCE_ID":250,"PARENT_ID":"1900","MENU_NAME":"Scheme Name","TOOLTIP":"Change the name of your scheme","TARGET_FRAME":"Main","RESOURCE_ID1":250,"RESOURCE_CLASS_ID":"1","LOCKED":0,"AUDIT_TYPE_ID":"1","NAME":"EditSchemeName.asp","DESCRIPTION":"EditSchemeName.asp"},{"ID":"1940","RESOURCE_ID":471,"PARENT_ID":"1900","MENU_NAME":"Enrolment History","TOOLTIP":"View your employees enrolment histories","TARGET_FRAME":"Main","RESOURCE_ID1":471,"RESOURCE_CLASS_ID":"1","LOCKED":0,"AUDIT_TYPE_ID":"1","NAME":"EnrolFindListFrameset.asp","DESCRIPTION":"EnrolFindListFrameset.asp"},{"ID":"1950","RESOURCE_ID":251,"PARENT_ID":"0000","MENU_NAME":"Your Details","TOOLTIP":"Your contact details","TARGET_FRAME":"Main","RESOURCE_ID1":251,"RESOURCE_CLASS_ID":"1","LOCKED":0,"AUDIT_TYPE_ID":"1","NAME":"emphome.asp?sub=EmployerDetails","DESCRIPTION":"Employers employers details Sub-Hompage"},{"ID":"1960","RESOURCE_ID":252,"PARENT_ID":"1950","MENU_NAME":"Contact Details","TOOLTIP":"Change your contact details","TARGET_FRAME":"Main","RESOURCE_ID1":252,"RESOURCE_CLASS_ID":"1","LOCKED":0,"AUDIT_TYPE_ID":"1","NAME":"ViewEmployerName.asp","DESCRIPTION":"EmpContactChange.asp"},{"ID":"1965","RESOURCE_ID":1829,"PARENT_ID":"0000","MENU_NAME":"Workforce Manager","TOOLTIP":"Workforce Manager","TARGET_FRAME":"New","RESOURCE_ID1":1829,"RESOURCE_CLASS_ID":"1","LOCKED":0,"AUDIT_TYPE_ID":"1","NAME":"TrusteeRedirect.asp?URL=ae\/webforms\/aeprocessing.aspx","DESCRIPTION":"Trustee redirect to Workforce Manager"},{"ID":"1966","RESOURCE_ID":1830,"PARENT_ID":"1250","MENU_NAME":"Incentive Compensation","TOOLTIP":"Make an Incentive Compensation Contribution","TARGET_FRAME":"Main","RESOURCE_ID1":1830,"RESOURCE_CLASS_ID":"1","LOCKED":0,"AUDIT_TYPE_ID":"1","NAME":"SingleContribution.asp","DESCRIPTION":"Incentive Compensation Contribution"},{"ID":"1968","RESOURCE_ID":1845,"PARENT_ID":"0000","MENU_NAME":"ACP File Upload","TOOLTIP":"Load an ACP file","TARGET_FRAME":"New","RESOURCE_ID1":1845,"RESOURCE_CLASS_ID":"1","LOCKED":0,"AUDIT_TYPE_ID":"1","NAME":"TrusteeRedirect.asp?URL=ae\/webforms\/OCP.aspx","DESCRIPTION":"Trustee redirect to ACP file loader"},{"ID":"1970","RESOURCE_ID":567,"PARENT_ID":"0000","MENU_NAME":"Contribution Processing","TOOLTIP":"Online contribution processing","TARGET_FRAME":"main","RESOURCE_ID1":567,"RESOURCE_CLASS_ID":"1","LOCKED":0,"AUDIT_TYPE_ID":"1","NAME":"ABPDashboard.asp","DESCRIPTION":"OCP Dashboard"},{"ID":"1971","RESOURCE_ID":1905,"PARENT_ID":"0000","MENU_NAME":"Contribution Processing","TOOLTIP":"Online contribution processing","TARGET_FRAME":"new","RESOURCE_ID1":1905,"RESOURCE_CLASS_ID":"1","LOCKED":0,"AUDIT_TYPE_ID":"1","NAME":"TrusteeRedirect.asp?URL=ae\/webforms\/AbpContributions.aspx","DESCRIPTION":"Trustee redirect to new OCP Dashboard"},{"ID":"1980","RESOURCE_ID":254,"PARENT_ID":"0000","MENU_NAME":"Change Scheme","TOOLTIP":"Change scheme","TARGET_FRAME":"Main","RESOURCE_ID1":254,"RESOURCE_CLASS_ID":"1","LOCKED":0,"AUDIT_TYPE_ID":"1","NAME":"SelectAccountScheme.asp?Select=Scheme","DESCRIPTION":"select a scheme for a an employer"},{"ID":"1994","RESOURCE_ID":489,"PARENT_ID":"0000","MENU_NAME":"Apply Online","TOOLTIP":"Click here to apply for your pension online","TARGET_FRAME":"Main","RESOURCE_ID1":489,"RESOURCE_CLASS_ID":"1","LOCKED":0,"AUDIT_TYPE_ID":"1","NAME":"AppFormPreface.asp","DESCRIPTION":"AppFormPreface.asp"},{"ID":"1995","RESOURCE_ID":255,"PARENT_ID":"0000","MENU_NAME":"User Guide","TOOLTIP":"Employers User Guide","TARGET_FRAME":"Main","RESOURCE_ID1":255,"RESOURCE_CLASS_ID":"1","LOCKED":0,"AUDIT_TYPE_ID":"1","NAME":"StaticPageNav.asp?pagename=employeruserguide.htm","DESCRIPTION":"Employers user guide"},{"ID":"1996","RESOURCE_ID":219,"PARENT_ID":"0000","MENU_NAME":"User Guide","TOOLTIP":"Members User Guide","TARGET_FRAME":"Main","RESOURCE_ID1":219,"RESOURCE_CLASS_ID":"1","LOCKED":0,"AUDIT_TYPE_ID":"1","NAME":"StaticPageNav.asp?pagename=userguide.htm","DESCRIPTION":"Members user guide"},{"ID":"1997","RESOURCE_ID":423,"PARENT_ID":"0000","MENU_NAME":"Exit","TOOLTIP":"Log out of the system","TARGET_FRAME":"Main","RESOURCE_ID1":423,"RESOURCE_CLASS_ID":"1","LOCKED":0,"AUDIT_TYPE_ID":"1","NAME":"LogOff.asp","DESCRIPTION":"Log Off"},{"ID":"1998","RESOURCE_ID":436,"PARENT_ID":"0000","MENU_NAME":"Change Password","TOOLTIP":"Change your password","TARGET_FRAME":"Main","RESOURCE_ID1":436,"RESOURCE_CLASS_ID":"1","LOCKED":0,"AUDIT_TYPE_ID":"1","NAME":"ChangePassword.asp","DESCRIPTION":"Change user password"},{"ID":"1999","RESOURCE_ID":256,"PARENT_ID":"0000","MENU_NAME":"Contact Us","TOOLTIP":"Contact Us","TARGET_FRAME":"Main","RESOURCE_ID1":256,"RESOURCE_CLASS_ID":"1","LOCKED":0,"AUDIT_TYPE_ID":"1","NAME":"contactus.asp","DESCRIPTION":"contact us"},{"ID":"2000","RESOURCE_ID":0,"PARENT_ID":"0000","MENU_NAME":"+Account","TOOLTIP":"This is a tooltip for the Menu Option selected","TARGET_FRAME":"Main","RESOURCE_ID1":null,"RESOURCE_CLASS_ID":null,"LOCKED":null,"AUDIT_TYPE_ID":null,"NAME":null,"DESCRIPTION":null},{"ID":"2010","RESOURCE_ID":15,"PARENT_ID":"2000","MENU_NAME":"Summary","TOOLTIP":"This is a tooltip for the Menu Option selected","TARGET_FRAME":"Main","RESOURCE_ID1":15,"RESOURCE_CLASS_ID":"1","LOCKED":0,"AUDIT_TYPE_ID":"1","NAME":"ReviewEditAccount.asp","DESCRIPTION":"ReviewEditAccount.asp"},{"ID":"2020","RESOURCE_ID":34,"PARENT_ID":"2000","MENU_NAME":"Status","TOOLTIP":"This is a tooltip for the Menu Option selected","TARGET_FRAME":"Main","RESOURCE_ID1":34,"RESOURCE_CLASS_ID":"1","LOCKED":0,"AUDIT_TYPE_ID":"1","NAME":"ViewAccountStatusHistory.asp","DESCRIPTION":"ViewAccountStatusHistory.asp"},{"ID":"2030","RESOURCE_ID":44,"PARENT_ID":"2000","MENU_NAME":"Member Gp","TOOLTIP":"This is a tooltip for the Menu Option selected","TARGET_FRAME":"Main","RESOURCE_ID1":44,"RESOURCE_CLASS_ID":"1","LOCKED":0,"AUDIT_TYPE_ID":"1","NAME":"ViewMbrGrpHist.asp","DESCRIPTION":"ViewMbrGrpHist.asp"},{"ID":"2040","RESOURCE_ID":32,"PARENT_ID":"2000","MENU_NAME":"Salary","TOOLTIP":"This is a tooltip for the Menu Option selected","TARGET_FRAME":"Main","RESOURCE_ID1":32,"RESOURCE_CLASS_ID":"1","LOCKED":0,"AUDIT_TYPE_ID":"1","NAME":"ViewSalaryHistory.asp","DESCRIPTION":"ViewSalaryHistory.asp"},{"ID":"2050","RESOURCE_ID":54,"PARENT_ID":"2000","MENU_NAME":"Employer","TOOLTIP":"Employer","TARGET_FRAME":"Main","RESOURCE_ID1":54,"RESOURCE_CLASS_ID":"1","LOCKED":0,"AUDIT_TYPE_ID":"1","NAME":"ViewCaseMbrEmprHist.asp","DESCRIPTION":"ViewCaseMbrEmprHist.asp"},{"ID":"2055","RESOURCE_ID":548,"PARENT_ID":"2000","MENU_NAME":"Death Benefits","TOOLTIP":"View \/ Edit members death benefits","TARGET_FRAME":"main","RESOURCE_ID1":548,"RESOURCE_CLASS_ID":"1","LOCKED":0,"AUDIT_TYPE_ID":"1","NAME":"ViewMbrRiskBens.asp","DESCRIPTION":"ViewMbrRiskBens.asp"},{"ID":"2100","RESOURCE_ID":0,"PARENT_ID":"2000","MENU_NAME":"+Contributions","TOOLTIP":"This is a tooltip for the Menu Option selected","TARGET_FRAME":"Main","RESOURCE_ID1":null,"RESOURCE_CLASS_ID":null,"LOCKED":null,"AUDIT_TYPE_ID":null,"NAME":null,"DESCRIPTION":null},{"ID":"2140","RESOURCE_ID":116,"PARENT_ID":"2100","MENU_NAME":"IR Max","TOOLTIP":"This is a tooltip for the Menu Option selected","TARGET_FRAME":"Main","RESOURCE_ID1":116,"RESOURCE_CLASS_ID":"1","LOCKED":0,"AUDIT_TYPE_ID":"1","NAME":"IRMax.asp","DESCRIPTION":"IRMax.Asp"},{"ID":"2145","RESOURCE_ID":585,"PARENT_ID":"2100","MENU_NAME":"Annual Allowance","TOOLTIP":"Annual Allowance","TARGET_FRAME":"Main","RESOURCE_ID1":585,"RESOURCE_CLASS_ID":"1","LOCKED":0,"AUDIT_TYPE_ID":"1","NAME":"AnnualAllowance.asp","DESCRIPTION":"Run an ADay annual allowance check for the selected member"},{"ID":"2150","RESOURCE_ID":39,"PARENT_ID":"2100","MENU_NAME":"Billing Gp","TOOLTIP":"This is a tooltip for the Menu Option selected","TARGET_FRAME":"Main","RESOURCE_ID1":39,"RESOURCE_CLASS_ID":"1","LOCKED":0,"AUDIT_TYPE_ID":"1","NAME":"ViewBillingGroupHistory.asp","DESCRIPTION":"ViewBillingGroupHistory.asp"},{"ID":"2160","RESOURCE_ID":106,"PARENT_ID":"2100","MENU_NAME":"Freestyle Elections","TOOLTIP":"View and\/or update Freestyle Elections","TARGET_FRAME":"Main","RESOURCE_ID1":106,"RESOURCE_CLASS_ID":"1","LOCKED":0,"AUDIT_TYPE_ID":"1","NAME":"ViewMoneyTypeElections.asp","DESCRIPTION":"ViewMoneyTypeElections.asp"},{"ID":"2200","RESOURCE_ID":0,"PARENT_ID":"2000","MENU_NAME":"+Investments","TOOLTIP":"This is a tooltip for the Menu Option selected","TARGET_FRAME":"Main","RESOURCE_ID1":null,"RESOURCE_CLASS_ID":null,"LOCKED":null,"AUDIT_TYPE_ID":null,"NAME":null,"DESCRIPTION":null},{"ID":"2210","RESOURCE_ID":75,"PARENT_ID":"2200","MENU_NAME":"Query","TOOLTIP":"This is a tooltip for the Menu Option selected","TARGET_FRAME":"Main","RESOURCE_ID1":75,"RESOURCE_CLASS_ID":"1","LOCKED":0,"AUDIT_TYPE_ID":"1","NAME":"AccountInvestmentQueryFrame.asp","DESCRIPTION":"AccountInvestmentQueryFrame.asp"},{"ID":"2220","RESOURCE_ID":117,"PARENT_ID":"2200","MENU_NAME":"A\/C Charges","TOOLTIP":"This is a tooltip for the Menu Option selected","TARGET_FRAME":"Main","RESOURCE_ID1":117,"RESOURCE_CLASS_ID":"1","LOCKED":0,"AUDIT_TYPE_ID":"1","NAME":"AccountCharges.asp","DESCRIPTION":"AccountCharges.asp"},{"ID":"2410","RESOURCE_ID":131,"PARENT_ID":"2400","MENU_NAME":"New","TOOLTIP":"This is a tooltip for the Menu Option selected","TARGET_FRAME":"Main","RESOURCE_ID1":131,"RESOURCE_CLASS_ID":"1","LOCKED":0,"AUDIT_TYPE_ID":"1","NAME":"SelectIllustration.asp","DESCRIPTION":"Regular Illustration"},{"ID":"2510","RESOURCE_ID":46,"PARENT_ID":"2000","MENU_NAME":"Tax","TOOLTIP":"This is a tooltip for the Menu Option selected","TARGET_FRAME":"Main","RESOURCE_ID1":46,"RESOURCE_CLASS_ID":"1","LOCKED":0,"AUDIT_TYPE_ID":"1","NAME":"ViewTaxHistory.asp","DESCRIPTION":"ViewTaxHistory.asp"},{"ID":"2520","RESOURCE_ID":50,"PARENT_ID":"2000","MENU_NAME":"WOP","TOOLTIP":"This is a tooltip for the Menu Option selected","TARGET_FRAME":"Main","RESOURCE_ID1":50,"RESOURCE_CLASS_ID":"1","LOCKED":0,"AUDIT_TYPE_ID":"1","NAME":"ViewWOPHistory.asp","DESCRIPTION":"ViewWOPHistory.asp"},{"ID":"2530","RESOURCE_ID":124,"PARENT_ID":"2000","MENU_NAME":"Elig Status","TOOLTIP":"This is a tooltip for the Menu Option selected","TARGET_FRAME":"Main","RESOURCE_ID1":124,"RESOURCE_CLASS_ID":"1","LOCKED":0,"AUDIT_TYPE_ID":"1","NAME":"ViewEligabilityStatus.asp","DESCRIPTION":"ViewEligabilityStatus.asp"},{"ID":"2540","RESOURCE_ID":68,"PARENT_ID":"2000","MENU_NAME":"Payment Hist","TOOLTIP":"This is a tooltip for the Menu Option selected","TARGET_FRAME":"Main","RESOURCE_ID1":68,"RESOURCE_CLASS_ID":"1","LOCKED":0,"AUDIT_TYPE_ID":"1","NAME":"AccountPaymentHistoryQueryFrame.asp","DESCRIPTION":"AccountPaymentHistoryQueryFrame.asp"},{"ID":"2550","RESOURCE_ID":52,"PARENT_ID":"2000","MENU_NAME":"Send Letter","TOOLTIP":"This is a tooltip for the Menu Option selected","TARGET_FRAME":"New","RESOURCE_ID1":52,"RESOURCE_CLASS_ID":"1","LOCKED":0,"AUDIT_TYPE_ID":"1","NAME":"SelectLetterFrame.asp","DESCRIPTION":"SelectLetterFrame.asp"},{"ID":"2600","RESOURCE_ID":480,"PARENT_ID":"2000","MENU_NAME":"Funding check","TOOLTIP":"Individual funding check","TARGET_FRAME":"Main","RESOURCE_ID1":480,"RESOURCE_CLASS_ID":"1","LOCKED":0,"AUDIT_TYPE_ID":"1","NAME":"NewIllustration.asp?FundingCheck=1","DESCRIPTION":"NewIllustration.asp?FundingCheck=1"},{"ID":"2850","RESOURCE_ID":556,"PARENT_ID":"2000","MENU_NAME":"Contribution level","TOOLTIP":"View contributions","TARGET_FRAME":"main","RESOURCE_ID1":556,"RESOURCE_CLASS_ID":"1","LOCKED":0,"AUDIT_TYPE_ID":"1","NAME":"ViewMiscAmtValues.asp","DESCRIPTION":"ViewMiscAmtValues.asp"},{"ID":"2900","RESOURCE_ID":504,"PARENT_ID":"2000","MENU_NAME":"Beneficiaries","TOOLTIP":"View \/ Edit Beneficiaries","TARGET_FRAME":"Main","RESOURCE_ID1":504,"RESOURCE_CLASS_ID":"1","LOCKED":0,"AUDIT_TYPE_ID":"1","NAME":"ViewBeneficiaries.asp","DESCRIPTION":"ViewBeneficiaries.asp"},{"ID":"2910","RESOURCE_ID":511,"PARENT_ID":"2000","MENU_NAME":"Dependant Pension Beneficiaries","TOOLTIP":"View \/ Edit Dependant Pension Beneficiairies ","TARGET_FRAME":"Main","RESOURCE_ID1":511,"RESOURCE_CLASS_ID":"1","LOCKED":0,"AUDIT_TYPE_ID":"1","NAME":"ViewMPOSBeneficiaries.asp","DESCRIPTION":"ViewMPOSBeneficiaries.asp"},{"ID":"3000","RESOURCE_ID":0,"PARENT_ID":"0000","MENU_NAME":"+Scheme","TOOLTIP":"This is a tooltip for the Menu Option selected","TARGET_FRAME":"Main","RESOURCE_ID1":null,"RESOURCE_CLASS_ID":null,"LOCKED":null,"AUDIT_TYPE_ID":null,"NAME":null,"DESCRIPTION":null},{"ID":"3010","RESOURCE_ID":17,"PARENT_ID":"3000","MENU_NAME":"Summary","TOOLTIP":"This is a tooltip for the Menu Option selected","TARGET_FRAME":"Main","RESOURCE_ID1":17,"RESOURCE_CLASS_ID":"1","LOCKED":0,"AUDIT_TYPE_ID":"1","NAME":"ReviewEditScheme.asp","DESCRIPTION":"ReviewEditScheme.asp"},{"ID":"4000","RESOURCE_ID":0,"PARENT_ID":"0000","MENU_NAME":"+Misc","TOOLTIP":"This is a tooltip for the Menu Option selected","TARGET_FRAME":"Main","RESOURCE_ID1":null,"RESOURCE_CLASS_ID":null,"LOCKED":null,"AUDIT_TYPE_ID":null,"NAME":null,"DESCRIPTION":null},{"ID":"4080","RESOURCE_ID":62,"PARENT_ID":"4000","MENU_NAME":"QA Letters","TOOLTIP":"Review QA letter queue","TARGET_FRAME":"Main","RESOURCE_ID1":62,"RESOURCE_CLASS_ID":"1","LOCKED":0,"AUDIT_TYPE_ID":"1","NAME":"QALetterQueue.asp","DESCRIPTION":"QALetterQueue.asp"},{"ID":"4100","RESOURCE_ID":85,"PARENT_ID":"4000","MENU_NAME":"Pensions Regulator Config","TOOLTIP":"This is a tooltip for the Menu Option selected","TARGET_FRAME":"Main","RESOURCE_ID1":85,"RESOURCE_CLASS_ID":"1","LOCKED":0,"AUDIT_TYPE_ID":"1","NAME":"ReviewEditOPRAConfig.Asp","DESCRIPTION":"ReviewEditOPRAConfig.Asp"},{"ID":"4160","RESOURCE_ID":502,"PARENT_ID":"4000","MENU_NAME":"View Prod. Group","TOOLTIP":"View, and amend the Uext Product Group Details","TARGET_FRAME":"Main","RESOURCE_ID1":502,"RESOURCE_CLASS_ID":"1","LOCKED":0,"AUDIT_TYPE_ID":"1","NAME":"ViewProductGroup.asp","DESCRIPTION":"ViewProductGroup.asp"},{"ID":"4170","RESOURCE_ID":517,"PARENT_ID":"4000","MENU_NAME":"Contrib Reports","TOOLTIP":"View and Edit Contribution eport Definitions","TARGET_FRAME":"main","RESOURCE_ID1":517,"RESOURCE_CLASS_ID":"1","LOCKED":0,"AUDIT_TYPE_ID":"1","NAME":"ContRepRecipients.asp","DESCRIPTION":"ContRepRecipients.asp"},{"ID":"4180","RESOURCE_ID":519,"PARENT_ID":"4000","MENU_NAME":"Parameter Forms","TOOLTIP":"View and edit print parameter forms","TARGET_FRAME":"main","RESOURCE_ID1":519,"RESOURCE_CLASS_ID":"1","LOCKED":0,"AUDIT_TYPE_ID":"1","NAME":"ViewParamForm.asp","DESCRIPTION":"ViewParamForm.asp"},{"ID":"4190","RESOURCE_ID":524,"PARENT_ID":"4000","MENU_NAME":"Trans. Attributes","TOOLTIP":"View and edit transparency attributes","TARGET_FRAME":"main","RESOURCE_ID1":524,"RESOURCE_CLASS_ID":"1","LOCKED":0,"AUDIT_TYPE_ID":"1","NAME":"ViewTransAttr.asp","DESCRIPTION":"ViewTransAttr.asp"},{"ID":"4200","RESOURCE_ID":532,"PARENT_ID":"4000","MENU_NAME":"Trans. Attr. Values","TOOLTIP":"View and edit transparency attribute values","TARGET_FRAME":"main","RESOURCE_ID1":532,"RESOURCE_CLASS_ID":"1","LOCKED":0,"AUDIT_TYPE_ID":"1","NAME":"ViewTransAttrValue.asp","DESCRIPTION":"ViewTransAttrValue.asp"},{"ID":"4210","RESOURCE_ID":525,"PARENT_ID":"4000","MENU_NAME":"Templates","TOOLTIP":"View and edit letter templates","TARGET_FRAME":"main","RESOURCE_ID1":525,"RESOURCE_CLASS_ID":"1","LOCKED":0,"AUDIT_TYPE_ID":"1","NAME":"ViewTemplates.asp","DESCRIPTION":"ViewTemplates.asp"},{"ID":"4220","RESOURCE_ID":527,"PARENT_ID":"4000","MENU_NAME":"Requests","TOOLTIP":"View and edit document requests","TARGET_FRAME":"main","RESOURCE_ID1":527,"RESOURCE_CLASS_ID":"1","LOCKED":0,"AUDIT_TYPE_ID":"1","NAME":"ViewRequestsFrame.asp","DESCRIPTION":"ViewRequestsFrame.asp"},{"ID":"4230","RESOURCE_ID":534,"PARENT_ID":"4000","MENU_NAME":"New Requests","TOOLTIP":"Add new document requests","TARGET_FRAME":"main","RESOURCE_ID1":534,"RESOURCE_CLASS_ID":"1","LOCKED":0,"AUDIT_TYPE_ID":"1","NAME":"RequestsIntro.asp","DESCRIPTION":"RequestsIntro.asp"},{"ID":"4240","RESOURCE_ID":547,"PARENT_ID":"4000","MENU_NAME":"Move Requests","TOOLTIP":"Move request to production","TARGET_FRAME":"main","RESOURCE_ID1":547,"RESOURCE_CLASS_ID":"1","LOCKED":0,"AUDIT_TYPE_ID":"1","NAME":"MoveRequest.asp","DESCRIPTION":"MoveRequest.asp"},{"ID":"4250","RESOURCE_ID":552,"PARENT_ID":"4000","MENU_NAME":"Risk Benefit Types","TOOLTIP":"View\/edit risk benefit types","TARGET_FRAME":"main","RESOURCE_ID1":552,"RESOURCE_CLASS_ID":"1","LOCKED":0,"AUDIT_TYPE_ID":"1","NAME":"ViewRiskBenTypes.asp","DESCRIPTION":"ViewRiskBenTypes.asp"},{"ID":"4260","RESOURCE_ID":1467,"PARENT_ID":"4000","MENU_NAME":"Ben Stat Descriptions","TOOLTIP":"View \/ Edit Ben Stat","TARGET_FRAME":"Main","RESOURCE_ID1":1467,"RESOURCE_CLASS_ID":"1","LOCKED":0,"AUDIT_TYPE_ID":"1","NAME":"ReviewEditBenStatForm.frm","DESCRIPTION":" ReviewEditBenStatForm.frm"},{"ID":"5000","RESOURCE_ID":0,"PARENT_ID":"0000","MENU_NAME":"+System","TOOLTIP":"This is a tooltip for the Menu Option selected","TARGET_FRAME":"Main","RESOURCE_ID1":null,"RESOURCE_CLASS_ID":null,"LOCKED":null,"AUDIT_TYPE_ID":null,"NAME":null,"DESCRIPTION":null},{"ID":"5010","RESOURCE_ID":33,"PARENT_ID":"5000","MENU_NAME":"System Maint","TOOLTIP":"System maintenance","TARGET_FRAME":"Main","RESOURCE_ID1":33,"RESOURCE_CLASS_ID":"1","LOCKED":0,"AUDIT_TYPE_ID":"1","NAME":"SystemMaintenance.asp","DESCRIPTION":"SystemMaintenance.asp"},{"ID":"5015","RESOURCE_ID":0,"PARENT_ID":"5000","MENU_NAME":"Fund Maintenance","TOOLTIP":" ","TARGET_FRAME":"Main","RESOURCE_ID1":null,"RESOURCE_CLASS_ID":null,"LOCKED":null,"AUDIT_TYPE_ID":null,"NAME":null,"DESCRIPTION":null},{"ID":"5020","RESOURCE_ID":63,"PARENT_ID":"5015","MENU_NAME":"Fund Class","TOOLTIP":"Fund Class maintenance","TARGET_FRAME":"Main","RESOURCE_ID1":63,"RESOURCE_CLASS_ID":"1","LOCKED":0,"AUDIT_TYPE_ID":"1","NAME":"DcorumWeb\/WebForms\/FundClassViews\/FundClassMaintenanceList.aspx","DESCRIPTION":"Fund class details view"},{"ID":"5030","RESOURCE_ID":64,"PARENT_ID":"5000","MENU_NAME":"Work Type Maint","TOOLTIP":"Work type maintenance","TARGET_FRAME":"Main","RESOURCE_ID1":null,"RESOURCE_CLASS_ID":null,"LOCKED":null,"AUDIT_TYPE_ID":null,"NAME":null,"DESCRIPTION":null},{"ID":"5060","RESOURCE_ID":451,"PARENT_ID":"5000","MENU_NAME":"Review Logs","TOOLTIP":"Review logs","TARGET_FRAME":"Main","RESOURCE_ID1":451,"RESOURCE_CLASS_ID":"1","LOCKED":0,"AUDIT_TYPE_ID":"1","NAME":"ReviewErrorLog.asp","DESCRIPTION":"Review application logs"},{"ID":"5070","RESOURCE_ID":691,"PARENT_ID":"5000","MENU_NAME":"Dtm Lite","TOOLTIP":"Upoad an excel spreadsheet, or text file of member, or scheme data","TARGET_FRAME":"Main","RESOURCE_ID1":691,"RESOURCE_CLASS_ID":"1","LOCKED":0,"AUDIT_TYPE_ID":"1","NAME":"DtmLite","DESCRIPTION":"DtmLite"},{"ID":"5080","RESOURCE_ID":177,"PARENT_ID":"5000","MENU_NAME":"Pensions Regulator Report","TOOLTIP":"View Pensions Regulator Entries","TARGET_FRAME":"Main","RESOURCE_ID1":177,"RESOURCE_CLASS_ID":"1","LOCKED":0,"AUDIT_TYPE_ID":"1","NAME":"MemberOPRA.asp","DESCRIPTION":"MemberOPRA.asp"},{"ID":"5090","RESOURCE_ID":766,"PARENT_ID":"5000","MENU_NAME":"OPRA Email Configuration","TOOLTIP":"Edit OPRA Email Configuration","TARGET_FRAME":"Main","RESOURCE_ID1":766,"RESOURCE_CLASS_ID":"1","LOCKED":0,"AUDIT_TYPE_ID":"1","NAME":"EditOPRAEmlMsgs.asp","DESCRIPTION":"Edit OPRA Email Messages"},{"ID":"6000","RESOURCE_ID":0,"PARENT_ID":"0000","MENU_NAME":"+Security","TOOLTIP":"This is a tooltip for the Menu Option selected","TARGET_FRAME":"Main","RESOURCE_ID1":null,"RESOURCE_CLASS_ID":null,"LOCKED":null,"AUDIT_TYPE_ID":null,"NAME":null,"DESCRIPTION":null},{"ID":"6010","RESOURCE_ID":88,"PARENT_ID":"6000","MENU_NAME":"Users","TOOLTIP":"Add\/Edit users","TARGET_FRAME":"Main","RESOURCE_ID1":88,"RESOURCE_CLASS_ID":"1","LOCKED":0,"AUDIT_TYPE_ID":"1","NAME":"FindListUserFrame.htm","DESCRIPTION":"FindListUserFrame.htm"},{"ID":"6020","RESOURCE_ID":144,"PARENT_ID":"6000","MENU_NAME":"Group Admin","TOOLTIP":"Add\/Edit Security Groups and Assign Users","TARGET_FRAME":"Main","RESOURCE_ID1":144,"RESOURCE_CLASS_ID":"1","LOCKED":0,"AUDIT_TYPE_ID":"1","NAME":"GroupAdmin.asp","DESCRIPTION":"Security Group Admin"},{"ID":"6030","RESOURCE_ID":685,"PARENT_ID":"6000","MENU_NAME":"OCP Permissions","TOOLTIP":"OCP Permissions","TARGET_FRAME":"Main","RESOURCE_ID1":685,"RESOURCE_CLASS_ID":"1","LOCKED":0,"AUDIT_TYPE_ID":"1","NAME":"OCPPermissions.asp","DESCRIPTION":"Create, or maintain OCP permissions for employer users in schemes with OCP enabled billing groups"},{"ID":"7000","RESOURCE_ID":0,"PARENT_ID":"0000","MENU_NAME":"+Member","TOOLTIP":"This is a tooltip for the Menu Option selected","TARGET_FRAME":"Main","RESOURCE_ID1":null,"RESOURCE_CLASS_ID":null,"LOCKED":null,"AUDIT_TYPE_ID":null,"NAME":null,"DESCRIPTION":null},{"ID":"7100","RESOURCE_ID":171,"PARENT_ID":"7000","MENU_NAME":"Fund Value","TOOLTIP":"Fund value","TARGET_FRAME":"Main","RESOURCE_ID1":null,"RESOURCE_CLASS_ID":null,"LOCKED":null,"AUDIT_TYPE_ID":null,"NAME":null,"DESCRIPTION":null},{"ID":"8000","RESOURCE_ID":-1,"PARENT_ID":"1196","MENU_NAME":"Getting Started","TOOLTIP":"Getting started","TARGET_FRAME":"Main","RESOURCE_ID1":null,"RESOURCE_CLASS_ID":null,"LOCKED":null,"AUDIT_TYPE_ID":null,"NAME":null,"DESCRIPTION":null},{"ID":"8001","RESOURCE_ID":632,"PARENT_ID":"1196","MENU_NAME":"Overview","TOOLTIP":"Overview","TARGET_FRAME":"Main","RESOURCE_ID1":632,"RESOURCE_CLASS_ID":"1","LOCKED":0,"AUDIT_TYPE_ID":"1","NAME":"staticpagenav.asp?pagename=Overview.htm","DESCRIPTION":"MFI staticpagenav.asp?pagename=Overview.htm"},{"ID":"8002","RESOURCE_ID":633,"PARENT_ID":"1196","MENU_NAME":"Your Contributions","TOOLTIP":"Making contributions to your account","TARGET_FRAME":"Main","RESOURCE_ID1":633,"RESOURCE_CLASS_ID":"1","LOCKED":0,"AUDIT_TYPE_ID":"1","NAME":"staticpagenav.asp?pagename=MakingContributions.htm","DESCRIPTION":"MFI Your Contributions"},{"ID":"8003","RESOURCE_ID":634,"PARENT_ID":"1196","MENU_NAME":"Your Investments","TOOLTIP":"Investing your account","TARGET_FRAME":"Main","RESOURCE_ID1":634,"RESOURCE_CLASS_ID":"1","LOCKED":0,"AUDIT_TYPE_ID":"1","NAME":"staticpagenav.asp?pagename=Investing.htm","DESCRIPTION":"MFI Your Investments"},{"ID":"8004","RESOURCE_ID":635,"PARENT_ID":"1196","MENU_NAME":"Receiving Benefits","TOOLTIP":"Receiving your benefits","TARGET_FRAME":"Main","RESOURCE_ID1":635,"RESOURCE_CLASS_ID":"1","LOCKED":0,"AUDIT_TYPE_ID":"1","NAME":"staticpagenav.asp?pagename=ReceivingBenefits.htm","DESCRIPTION":"MFI Receiving Benefits"},{"ID":"8005","RESOURCE_ID":636,"PARENT_ID":"1196","MENU_NAME":"State Pensions","TOOLTIP":"You and State Pensions","TARGET_FRAME":"Main","RESOURCE_ID1":636,"RESOURCE_CLASS_ID":"1","LOCKED":0,"AUDIT_TYPE_ID":"1","NAME":"staticpagenav.asp?pagename=StatePensions.htm","DESCRIPTION":"MFI State Pensions"},{"ID":"8006","RESOURCE_ID":-1,"PARENT_ID":"1196","MENU_NAME":"Key Features","TOOLTIP":"Your Key Features","TARGET_FRAME":"Main","RESOURCE_ID1":null,"RESOURCE_CLASS_ID":null,"LOCKED":null,"AUDIT_TYPE_ID":null,"NAME":null,"DESCRIPTION":null},{"ID":"8007","RESOURCE_ID":639,"PARENT_ID":"1196","MENU_NAME":"Balance","TOOLTIP":"Your current balance","TARGET_FRAME":"Main","RESOURCE_ID1":639,"RESOURCE_CLASS_ID":"1","LOCKED":0,"AUDIT_TYPE_ID":"1","NAME":"CurrentBalance.asp","DESCRIPTION":"MFI CurrentBalance.asp"},{"ID":"8008","RESOURCE_ID":638,"PARENT_ID":"1196","MENU_NAME":"Statement","TOOLTIP":"Your benefit statement","TARGET_FRAME":"Main","RESOURCE_ID1":638,"RESOURCE_CLASS_ID":"1","LOCKED":0,"AUDIT_TYPE_ID":"1","NAME":"RequestBenStat.asp","DESCRIPTION":"MFI view statement"},{"ID":"8100","RESOURCE_ID":-1,"PARENT_ID":"1197","MENU_NAME":"Getting Started","TOOLTIP":"Getting started","TARGET_FRAME":"Main","RESOURCE_ID1":null,"RESOURCE_CLASS_ID":null,"LOCKED":null,"AUDIT_TYPE_ID":null,"NAME":null,"DESCRIPTION":null},{"ID":"8101","RESOURCE_ID":626,"PARENT_ID":"1197","MENU_NAME":"Overview","TOOLTIP":"Overview","TARGET_FRAME":"Main","RESOURCE_ID1":626,"RESOURCE_CLASS_ID":"1","LOCKED":0,"AUDIT_TYPE_ID":"1","NAME":"staticpagenav.asp?pagename=Overview.htm","DESCRIPTION":"MFIe staticpagenav.asp?pagename=Overview.htm"},{"ID":"8102","RESOURCE_ID":627,"PARENT_ID":"1197","MENU_NAME":"Your Contributions","TOOLTIP":"Making contributions to your account","TARGET_FRAME":"Main","RESOURCE_ID1":627,"RESOURCE_CLASS_ID":"1","LOCKED":0,"AUDIT_TYPE_ID":"1","NAME":"staticpagenav.asp?pagename=MakingContributions.htm","DESCRIPTION":"MFIe Your Contributions"},{"ID":"8103","RESOURCE_ID":628,"PARENT_ID":"1197","MENU_NAME":"Your Investments","TOOLTIP":"Investing your account","TARGET_FRAME":"Main","RESOURCE_ID1":628,"RESOURCE_CLASS_ID":"1","LOCKED":0,"AUDIT_TYPE_ID":"1","NAME":"staticpagenav.asp?pagename=Investing.htm","DESCRIPTION":"MFIe Your Investments"},{"ID":"8104","RESOURCE_ID":629,"PARENT_ID":"1197","MENU_NAME":"Receiving Benefits","TOOLTIP":"Receiving your benefits","TARGET_FRAME":"Main","RESOURCE_ID1":629,"RESOURCE_CLASS_ID":"1","LOCKED":0,"AUDIT_TYPE_ID":"1","NAME":"staticpagenav.asp?pagename=ReceivingBenefits.htm","DESCRIPTION":"MFIe Receiving Benefits"},{"ID":"8105","RESOURCE_ID":630,"PARENT_ID":"1197","MENU_NAME":"State Pensions","TOOLTIP":"You and State Pensions","TARGET_FRAME":"Main","RESOURCE_ID1":630,"RESOURCE_CLASS_ID":"1","LOCKED":0,"AUDIT_TYPE_ID":"1","NAME":"staticpagenav.asp?pagename=StatePensions.htm","DESCRIPTION":"MFIe State Pensions"},{"ID":"8106","RESOURCE_ID":-1,"PARENT_ID":"1197","MENU_NAME":"Key Features","TOOLTIP":"Your Key Features","TARGET_FRAME":"Main","RESOURCE_ID1":null,"RESOURCE_CLASS_ID":null,"LOCKED":null,"AUDIT_TYPE_ID":null,"NAME":null,"DESCRIPTION":null},{"ID":"8108","RESOURCE_ID":0,"PARENT_ID":"4000","MENU_NAME":"AE Admin","TOOLTIP":"Administer the Phase periods and Contrib Tier universal values.","TARGET_FRAME":"Main","RESOURCE_ID1":null,"RESOURCE_CLASS_ID":null,"LOCKED":null,"AUDIT_TYPE_ID":null,"NAME":null,"DESCRIPTION":null},{"ID":"8114","RESOURCE_ID":2174,"PARENT_ID":"1000","MENU_NAME":"Message Centre","TOOLTIP":"View TargetPlan message list","TARGET_FRAME":"Main","RESOURCE_ID1":2174,"RESOURCE_CLASS_ID":"1","LOCKED":0,"AUDIT_TYPE_ID":"1","NAME":"DcorumWeb\/WebForms\/Messages\/MessageList.aspx","DESCRIPTION":"View an reply to TargetPlan messages"},{"ID":"8115","RESOURCE_ID":2192,"PARENT_ID":"4000","MENU_NAME":"Illustration","TOOLTIP":"Illustration for a single member","TARGET_FRAME":"Main","RESOURCE_ID1":2192,"RESOURCE_CLASS_ID":"1","LOCKED":0,"AUDIT_TYPE_ID":"1","NAME":"DcorumWeb\/WebForms\/BRIA\/IllustrationRedirect.aspx","DESCRIPTION":"Single Illustrations"},{"ID":"8116","RESOURCE_ID":2193,"PARENT_ID":"4000","MENU_NAME":"Bulk Illustrations","TOOLTIP":"Illustrations for a multiple members","TARGET_FRAME":"Main","RESOURCE_ID1":2193,"RESOURCE_CLASS_ID":"1","LOCKED":0,"AUDIT_TYPE_ID":"1","NAME":"Illustrations\/MultiRequest.aspx","DESCRIPTION":"Bulk Illustrations"},{"ID":"8117","RESOURCE_ID":2234,"PARENT_ID":"3000","MENU_NAME":"Web Settings","TOOLTIP":"View and edit targetplan settings","TARGET_FRAME":"Main","RESOURCE_ID1":2234,"RESOURCE_CLASS_ID":"1","LOCKED":0,"AUDIT_TYPE_ID":"1","NAME":"DcorumWeb\/WebForms\/scheme\/schemeedit.aspx","DESCRIPTION":"View and edit target plan scheme settings"},{"ID":"8118","RESOURCE_ID":2235,"PARENT_ID":"3000","MENU_NAME":"Member Groups","TOOLTIP":"View and edit Member Groups","TARGET_FRAME":"Main","RESOURCE_ID1":2235,"RESOURCE_CLASS_ID":"1","LOCKED":0,"AUDIT_TYPE_ID":"1","NAME":"DcorumWeb\/WebForms\/MemberGroups\/MemberGroupList.aspx","DESCRIPTION":"View and edit Member Groups"},{"ID":"8119","RESOURCE_ID":2236,"PARENT_ID":"3000","MENU_NAME":"Contribution Structure","TOOLTIP":"View or edit the contribution structure","TARGET_FRAME":"Main","RESOURCE_ID1":2236,"RESOURCE_CLASS_ID":"1","LOCKED":0,"AUDIT_TYPE_ID":"1","NAME":"DcorumWeb\/WebForms\/Contributions\/MemberGroupList.aspx","DESCRIPTION":"View and edit contribution structure"},{"ID":"8120","RESOURCE_ID":2237,"PARENT_ID":"3000","MENU_NAME":"Contribution Scale","TOOLTIP":"View or edit the contribution scales","TARGET_FRAME":"Main","RESOURCE_ID1":2237,"RESOURCE_CLASS_ID":"1","LOCKED":0,"AUDIT_TYPE_ID":"1","NAME":"DcorumWeb\/WebForms\/contributionscales\/membergrouplist.aspx","DESCRIPTION":"View and edit contribution scale"},{"ID":"8121","RESOURCE_ID":113,"PARENT_ID":"3000","MENU_NAME":"Fund Class","TOOLTIP":"View and edit Fund Class","TARGET_FRAME":"Main","RESOURCE_ID1":113,"RESOURCE_CLASS_ID":"1","LOCKED":0,"AUDIT_TYPE_ID":"1","NAME":"DcorumWeb\/WebForms\/FundClassViews\/ViewSchemeFundClassList.aspx","DESCRIPTION":"Fund class list records view"},{"ID":"8122","RESOURCE_ID":0,"PARENT_ID":"3000","MENU_NAME":"AE Scheme Admin","TOOLTIP":"Administer the Scheme Tier selection and scheme phase override selctions.","TARGET_FRAME":"Main","RESOURCE_ID1":null,"RESOURCE_CLASS_ID":null,"LOCKED":null,"AUDIT_TYPE_ID":null,"NAME":null,"DESCRIPTION":null},{"ID":"8125","RESOURCE_ID":2238,"PARENT_ID":"3000","MENU_NAME":"TargetPlan Guest Users","TOOLTIP":"View and edit Guest Users","TARGET_FRAME":"Main","RESOURCE_ID1":2238,"RESOURCE_CLASS_ID":"1","LOCKED":0,"AUDIT_TYPE_ID":"1","NAME":"DcorumWeb\/WebForms\/GuestUser\/GuestUserList.aspx","DESCRIPTION":"View and edit Guest Users"},{"ID":"8126","RESOURCE_ID":442,"PARENT_ID":"3000","MENU_NAME":"Flex Periods","TOOLTIP":"View and edit Flex Periods","TARGET_FRAME":"Main","RESOURCE_ID1":442,"RESOURCE_CLASS_ID":"1","LOCKED":0,"AUDIT_TYPE_ID":"1","NAME":"viewchangecontribmaint.asp","DESCRIPTION":"viewchangecontribmaint.asp"},{"ID":"8127","RESOURCE_ID":93,"PARENT_ID":"3000","MENU_NAME":"Billing Group","TOOLTIP":"View and edit Billing Group","TARGET_FRAME":"Main","RESOURCE_ID1":93,"RESOURCE_CLASS_ID":"1","LOCKED":0,"AUDIT_TYPE_ID":"1","NAME":"DcorumWeb\/WebForms\/Scheme\/BillingGroupSelect.aspx","DESCRIPTION":"View and Edit Billing Group details"},{"ID":"8128","RESOURCE_ID":120,"PARENT_ID":"3000","MENU_NAME":"Election Detl","TOOLTIP":"View and edit Election Detl","TARGET_FRAME":"Main","RESOURCE_ID1":120,"RESOURCE_CLASS_ID":"1","LOCKED":0,"AUDIT_TYPE_ID":"1","NAME":"SchemeElectionDetails.asp","DESCRIPTION":"SchemeElectionDetails.asp"},{"ID":"8129","RESOURCE_ID":558,"PARENT_ID":"3000","MENU_NAME":"View Fund Class Map","TOOLTIP":"View Fund Class Map","TARGET_FRAME":"Main","RESOURCE_ID1":558,"RESOURCE_CLASS_ID":"1","LOCKED":0,"AUDIT_TYPE_ID":"1","NAME":"ViewFdClassMap.asp","DESCRIPTION":"ViewFdClassMap.asp"},{"ID":"8130","RESOURCE_ID":53,"PARENT_ID":"3000","MENU_NAME":"Send Letter","TOOLTIP":"View and edit Send Letter","TARGET_FRAME":"Main","RESOURCE_ID1":53,"RESOURCE_CLASS_ID":"1","LOCKED":0,"AUDIT_TYPE_ID":"1","NAME":"SelectLetterSchemeFrame.asp","DESCRIPTION":"SelectLetterSchemeFrame.asp"},{"ID":"8131","RESOURCE_ID":71,"PARENT_ID":"3000","MENU_NAME":"Bulk Letters","TOOLTIP":"View and edit Bulk Letters","TARGET_FRAME":"Main","RESOURCE_ID1":71,"RESOURCE_CLASS_ID":"1","LOCKED":0,"AUDIT_TYPE_ID":"1","NAME":"SchemeBulkLetters.asp","DESCRIPTION":"SchemeBulkLetters.asp"},{"ID":"8132","RESOURCE_ID":129,"PARENT_ID":"3000","MENU_NAME":"Scheme Contacts","TOOLTIP":"View and edit Scheme Contacts","TARGET_FRAME":"Main","RESOURCE_ID1":129,"RESOURCE_CLASS_ID":"1","LOCKED":0,"AUDIT_TYPE_ID":"1","NAME":"ViewSchemeContacts.asp","DESCRIPTION":"View scheme contacts"},{"ID":"8133","RESOURCE_ID":515,"PARENT_ID":"3000","MENU_NAME":"View Employers","TOOLTIP":"View Employers","TARGET_FRAME":"Main","RESOURCE_ID1":515,"RESOURCE_CLASS_ID":"1","LOCKED":0,"AUDIT_TYPE_ID":"1","NAME":"ViewEmployer.asp","DESCRIPTION":"ViewEmployer.asp"},{"ID":"8134","RESOURCE_ID":559,"PARENT_ID":"3000","MENU_NAME":"IBMT Groups","TOOLTIP":"View and edit IBMT Groups","TARGET_FRAME":"Main","RESOURCE_ID1":559,"RESOURCE_CLASS_ID":"1","LOCKED":0,"AUDIT_TYPE_ID":"1","NAME":"DcorumWeb\/WebForms\/MoneyTypeGroups\/MoneyTypeGroupsForCase.aspx","DESCRIPTION":"View and edit IBMT Groups"},{"ID":"8135","RESOURCE_ID":485,"PARENT_ID":"3000","MENU_NAME":"View Var. AMC","TOOLTIP":"View Var. AMC","TARGET_FRAME":"Main","RESOURCE_ID1":485,"RESOURCE_CLASS_ID":"1","LOCKED":0,"AUDIT_TYPE_ID":"1","NAME":"FindListVarAMCRestrictionsFrame.asp","DESCRIPTION":"Frame for finding and listing variable AMC by money type restrictions"},{"ID":"8136","RESOURCE_ID":175,"PARENT_ID":"3000","MENU_NAME":"Pensions Regulator Report","TOOLTIP":"View Pensions Regulator Report","TARGET_FRAME":"Main","RESOURCE_ID1":175,"RESOURCE_CLASS_ID":"1","LOCKED":0,"AUDIT_TYPE_ID":"1","NAME":"MemberOPRA.asp","DESCRIPTION":"MemberOPRA.asp"},{"ID":"8137","RESOURCE_ID":764,"PARENT_ID":"3000","MENU_NAME":"OPRA Emails","TOOLTIP":"View and edit OPRA Emails","TARGET_FRAME":"Main","RESOURCE_ID1":764,"RESOURCE_CLASS_ID":"1","LOCKED":0,"AUDIT_TYPE_ID":"1","NAME":"ViewOPRAEmlConfig.asp","DESCRIPTION":"View OPRA Email Configuration"},{"ID":"8138","RESOURCE_ID":550,"PARENT_ID":"3000","MENU_NAME":"Death Benefits","TOOLTIP":"View and edit Death Benefits","TARGET_FRAME":"Main","RESOURCE_ID1":550,"RESOURCE_CLASS_ID":"1","LOCKED":0,"AUDIT_TYPE_ID":"1","NAME":"ViewCaseRiskBens.asp","DESCRIPTION":"ViewCaseRiskBens.asp"},{"ID":"8139","RESOURCE_ID":119,"PARENT_ID":"3000","MENU_NAME":"Transaction Code Mapping","TOOLTIP":"View and edit Transaction Code Mapping","TARGET_FRAME":"Main","RESOURCE_ID1":119,"RESOURCE_CLASS_ID":"1","LOCKED":0,"AUDIT_TYPE_ID":"1","NAME":"ReviewEditSchTransCodes.ASP","DESCRIPTION":"Scheme Transaction code defaults"},{"ID":"8141","RESOURCE_ID":2240,"PARENT_ID":"5000","MENU_NAME":"PDIMessage Settings","TOOLTIP":"View and edit PDI messages","TARGET_FRAME":"Main","RESOURCE_ID1":2240,"RESOURCE_CLASS_ID":"1","LOCKED":0,"AUDIT_TYPE_ID":"1","NAME":"DcorumWeb\/WebForms\/PDIMessages\/PDIMessageList.aspx","DESCRIPTION":"View and edit PDI messages"},{"ID":"8142","RESOURCE_ID":2241,"PARENT_ID":"5000","MENU_NAME":"Validation Rules","TOOLTIP":"View and edit PDI Validations","TARGET_FRAME":"Main","RESOURCE_ID1":2241,"RESOURCE_CLASS_ID":"1","LOCKED":0,"AUDIT_TYPE_ID":"1","NAME":"DcorumWeb\/WebForms\/Validations\/ValidationList.aspx","DESCRIPTION":"View and edit PDI Validations"},{"ID":"8143","RESOURCE_ID":2242,"PARENT_ID":"5015","MENU_NAME":"Underlying Fund Mix","TOOLTIP":"View and edit Fund Mix","TARGET_FRAME":"Main","RESOURCE_ID1":2242,"RESOURCE_CLASS_ID":"1","LOCKED":0,"AUDIT_TYPE_ID":"1","NAME":"DcorumWeb\/WebForms\/UnderlyingFundMix\/UnderlyingFundMixList.aspx","DESCRIPTION":"View and edit Fund Mix"},{"ID":"8144","RESOURCE_ID":2243,"PARENT_ID":"5000","MENU_NAME":"Content","TOOLTIP":"View and edit TargetPlan Content","TARGET_FRAME":"Main","RESOURCE_ID1":2243,"RESOURCE_CLASS_ID":"1","LOCKED":0,"AUDIT_TYPE_ID":"1","NAME":"DcorumWeb\/WebForms\/content\/Contentlist.aspx","DESCRIPTION":"View and edit TargetPlan Content"},{"ID":"8145","RESOURCE_ID":2244,"PARENT_ID":"5000","MENU_NAME":"Data Audit","TOOLTIP":"View TargetPlan Data audit","TARGET_FRAME":"Main","RESOURCE_ID1":2244,"RESOURCE_CLASS_ID":"1","LOCKED":0,"AUDIT_TYPE_ID":"1","NAME":"DcorumWeb\/WebForms\/Audit\/DataAuditList.aspx","DESCRIPTION":"View TargetPlan Data audit"},{"ID":"8146","RESOURCE_ID":2245,"PARENT_ID":"1000","MENU_NAME":"Web User","TOOLTIP":"View Web User","TARGET_FRAME":"Main","RESOURCE_ID1":2245,"RESOURCE_CLASS_ID":"1","LOCKED":0,"AUDIT_TYPE_ID":"1","NAME":"DcorumWeb\/WebForms\/WebUserManagement\/WebUserMgmt.aspx","DESCRIPTION":"View Web User"},{"ID":"8147","RESOURCE_ID":2246,"PARENT_ID":"6000","MENU_NAME":"Impersonation Configuration","TOOLTIP":"Impersonation Configuration","TARGET_FRAME":"Main","RESOURCE_ID1":2246,"RESOURCE_CLASS_ID":"1","LOCKED":0,"AUDIT_TYPE_ID":"1","NAME":"DcorumWeb\/WebForms\/Impersonate\/RoleList.aspx","DESCRIPTION":"Impersonation Configuration"},{"ID":"8148","RESOURCE_ID":2247,"PARENT_ID":"6000","MENU_NAME":"Admin Users","TOOLTIP":"Admin Users","TARGET_FRAME":"Main","RESOURCE_ID1":2247,"RESOURCE_CLASS_ID":"1","LOCKED":0,"AUDIT_TYPE_ID":"1","NAME":"DcorumWeb\/WebForms\/Impersonate\/AdminUserList.aspx","DESCRIPTION":"Admin Users"},{"ID":"8149","RESOURCE_ID":2248,"PARENT_ID":"5000","MENU_NAME":"Scheme SSO Configuration","TOOLTIP":"View TargetPlan Case Identity Providers","TARGET_FRAME":"Main","RESOURCE_ID1":2248,"RESOURCE_CLASS_ID":"1","LOCKED":0,"AUDIT_TYPE_ID":"1","NAME":"DcorumWeb\/WebForms\/CaseIdentity\/CaseIdentityList.aspx","DESCRIPTION":"View TargetPlan Case Identity Providers"},{"ID":"8150","RESOURCE_ID":2256,"PARENT_ID":"5000","MENU_NAME":"Impersonation Configuration","TOOLTIP":"Impersonation Configuration","TARGET_FRAME":"Main","RESOURCE_ID1":2256,"RESOURCE_CLASS_ID":"1","LOCKED":0,"AUDIT_TYPE_ID":"1","NAME":"DcorumWeb\/WebForms\/Impersonate\/RoleList.aspx","DESCRIPTION":"Impersonation Configuration"},{"ID":"8151","RESOURCE_ID":2262,"PARENT_ID":"5000","MENU_NAME":"Demo Users","TOOLTIP":"View and edit Demo Users","TARGET_FRAME":"Main","RESOURCE_ID1":2262,"RESOURCE_CLASS_ID":"1","LOCKED":0,"AUDIT_TYPE_ID":"1","NAME":"DcorumWeb\/WebForms\/Demo\/DemoUsers.aspx","DESCRIPTION":"View and edit Demo Users"},{"ID":"8153","RESOURCE_ID":2379,"PARENT_ID":"2000","MENU_NAME":"Bank Details","TOOLTIP":"Bank Details Maintenance Screen","TARGET_FRAME":"New","RESOURCE_ID1":2379,"RESOURCE_CLASS_ID":"1","LOCKED":0,"AUDIT_TYPE_ID":"1","NAME":"DcorumWeb\/WebForms\/WebUserManagement\/BankDetailView.aspx","DESCRIPTION":"Bank Details"},{"ID":"8154","RESOURCE_ID":2397,"PARENT_ID":"5015","MENU_NAME":"Glide Paths","TOOLTIP":"View and edit Glide Paths","TARGET_FRAME":"Main","RESOURCE_ID1":2397,"RESOURCE_CLASS_ID":"1","LOCKED":0,"AUDIT_TYPE_ID":"1","NAME":"DcorumWeb\/WebForms\/LifePath\/LifePathList.aspx","DESCRIPTION":"View and edit Glide Paths"},{"ID":"8156","RESOURCE_ID":2492,"PARENT_ID":"5015","MENU_NAME":"Asset class growth rates","TOOLTIP":"View and edit Asset class growth rates","TARGET_FRAME":"Main","RESOURCE_ID1":2492,"RESOURCE_CLASS_ID":"1","LOCKED":0,"AUDIT_TYPE_ID":"1","NAME":"DcorumWeb\/WebForms\/AssetClassGrowth\/AssetClassGrowthList.aspx","DESCRIPTION":"View and edit Asset class growth rates"},{"ID":"8157","RESOURCE_ID":2507,"PARENT_ID":"0","MENU_NAME":"Report Manager","TOOLTIP":"Report Manager","TARGET_FRAME":"Main","RESOURCE_ID1":2507,"RESOURCE_CLASS_ID":"1","LOCKED":0,"AUDIT_TYPE_ID":"1","NAME":"TrusteeRedirect.asp?URL=Modeller\/WebForms\/PdiRedirectWithToken.aspx","DESCRIPTION":"Report Manager"},{"ID":"8158","RESOURCE_ID":2508,"PARENT_ID":"5000","MENU_NAME":"Web Roles and Permissions","TOOLTIP":"View and edit web-roles and permissions","TARGET_FRAME":"Main","RESOURCE_ID1":2508,"RESOURCE_CLASS_ID":"1","LOCKED":0,"AUDIT_TYPE_ID":"1","NAME":"DcorumWeb\/WebForms\/Impersonate\/GroupRoleList.aspx","DESCRIPTION":"View and edit web-roles and permissions"},{"ID":"8160","RESOURCE_ID":2510,"PARENT_ID":"3000","MENU_NAME":"PlanManager Contacts","TOOLTIP":"View and edit scheme contact external roles","TARGET_FRAME":"Main","RESOURCE_ID1":2510,"RESOURCE_CLASS_ID":"1","LOCKED":0,"AUDIT_TYPE_ID":"1","NAME":"DcorumWeb\/WebForms\/PlanManager\/SchemeContactList.aspx","DESCRIPTION":"View and edit scheme contact external roles"},{"ID":"8161","RESOURCE_ID":2511,"PARENT_ID":"5000","MENU_NAME":"Direct Report","TOOLTIP":"View and edit direct-report definitions","TARGET_FRAME":"Main","RESOURCE_ID1":2511,"RESOURCE_CLASS_ID":"1","LOCKED":0,"AUDIT_TYPE_ID":"1","NAME":"DcorumWeb\/WebForms\/PlanManager\/DirectReportList.aspx","DESCRIPTION":"View and edit direct-report definitions"},{"ID":"8162","RESOURCE_ID":0,"PARENT_ID":"5000","MENU_NAME":"Tax Year Settings","TOOLTIP":"Tax year options","TARGET_FRAME":"Main","RESOURCE_ID1":null,"RESOURCE_CLASS_ID":null,"LOCKED":null,"AUDIT_TYPE_ID":null,"NAME":null,"DESCRIPTION":null},{"ID":"8163","RESOURCE_ID":2662,"PARENT_ID":"2000","MENU_NAME":"AE Milestone Dates","TOOLTIP":"View and edit AE Milestone Dates","TARGET_FRAME":"Main","RESOURCE_ID1":2662,"RESOURCE_CLASS_ID":"1","LOCKED":0,"AUDIT_TYPE_ID":"1","NAME":"DcorumWeb\/WebForms\/AE\/MemberLevel\/AeMilestoneEdit.aspx","DESCRIPTION":"View and edit AE Milestone Dates"},{"ID":"8164","RESOURCE_ID":2663,"PARENT_ID":"8108","MENU_NAME":"Phase Periods","TOOLTIP":"View and edit Phase Periods","TARGET_FRAME":"Main","RESOURCE_ID1":2663,"RESOURCE_CLASS_ID":"1","LOCKED":0,"AUDIT_TYPE_ID":"1","NAME":"DcorumWeb\/WebForms\/AE\/MiscLevel\/AePhasePeriodList.aspx","DESCRIPTION":"View and edit Phase Periods"},{"ID":"8165","RESOURCE_ID":2664,"PARENT_ID":"8108","MENU_NAME":"AE Contribution Tiers","TOOLTIP":"View and edit Contribution Tiers","TARGET_FRAME":"Main","RESOURCE_ID1":2664,"RESOURCE_CLASS_ID":"1","LOCKED":0,"AUDIT_TYPE_ID":"1","NAME":"DcorumWeb\/WebForms\/AE\/MiscLevel\/AeContributionTierList.aspx","DESCRIPTION":"View and edit Contribution Tiers"},{"ID":"8166","RESOURCE_ID":2665,"PARENT_ID":"8162","MENU_NAME":"Tax Year Selection","TOOLTIP":"View and edit Tax Year Data","TARGET_FRAME":"Main","RESOURCE_ID1":2665,"RESOURCE_CLASS_ID":"1","LOCKED":0,"AUDIT_TYPE_ID":"1","NAME":"DcorumWeb\/WebForms\/AE\/SystemLevel\/AeTaxYearList.aspx","DESCRIPTION":"View and edit Tax Year Data"},{"ID":"8167","RESOURCE_ID":2666,"PARENT_ID":"8162","MENU_NAME":"AE Earnings Data","TOOLTIP":"View and edit AE Earnings Data","TARGET_FRAME":"Main","RESOURCE_ID1":2666,"RESOURCE_CLASS_ID":"1","LOCKED":0,"AUDIT_TYPE_ID":"1","NAME":"DcorumWeb\/WebForms\/AE\/SystemLevel\/AeEarningList.aspx","DESCRIPTION":"View and edit AE Earnings Data"},{"ID":"8168","RESOURCE_ID":2667,"PARENT_ID":"8122","MENU_NAME":"AE Settings","TOOLTIP":"View and edit Scheme AE Settings","TARGET_FRAME":"Main","RESOURCE_ID1":2667,"RESOURCE_CLASS_ID":"1","LOCKED":0,"AUDIT_TYPE_ID":"1","NAME":"DcorumWeb\/WebForms\/AE\/SchemeLevel\/AeSettingList.aspx","DESCRIPTION":"View and edit Scheme AE Settings"},{"ID":"8169","RESOURCE_ID":2668,"PARENT_ID":"8122","MENU_NAME":"AE Contrib Scheme Tier","TOOLTIP":"View and edit Scheme Contribution Tiers","TARGET_FRAME":"Main","RESOURCE_ID1":2668,"RESOURCE_CLASS_ID":"1","LOCKED":0,"AUDIT_TYPE_ID":"1","NAME":"DcorumWeb\/WebForms\/AE\/SchemeLevel\/AeSchemeContributionTierList.aspx","DESCRIPTION":"View and edit Scheme Contribution Tiers"},{"ID":"8170","RESOURCE_ID":2669,"PARENT_ID":"8122","MENU_NAME":"AE Settings - Employer Override","TOOLTIP":"View and edit Employer Overrides","TARGET_FRAME":"Main","RESOURCE_ID1":2669,"RESOURCE_CLASS_ID":"1","LOCKED":0,"AUDIT_TYPE_ID":"1","NAME":"DcorumWeb\/WebForms\/AE\/SchemeLevel\/AeEmployerOverrideList.aspx","DESCRIPTION":"View and edit Employer Overrides"},{"ID":"8171","RESOURCE_ID":2694,"PARENT_ID":"8122","MENU_NAME":"AE NI No Changes","TOOLTIP":"Edit AE NI No","TARGET_FRAME":"Main","RESOURCE_ID1":2694,"RESOURCE_CLASS_ID":"1","LOCKED":0,"AUDIT_TYPE_ID":"1","NAME":"DcorumWeb\/WebForms\/AE\/NINOList.aspx","DESCRIPTION":"Edit AE National Insurance numbers"},{"ID":"8173","RESOURCE_ID":2870,"PARENT_ID":"5000","MENU_NAME":"View\/Manage Service Task Queue","TOOLTIP":"View and\/or manage service-task-queue items","TARGET_FRAME":"Main","RESOURCE_ID1":2870,"RESOURCE_CLASS_ID":"1","LOCKED":0,"AUDIT_TYPE_ID":"1","NAME":"DcorumWeb\/WebForms\/ServiceTask\/ServiceTaskQueueView.aspx","DESCRIPTION":"View and\/or manage service-task-queue items"},{"ID":"8174","RESOURCE_ID":2871,"PARENT_ID":"5000","MENU_NAME":"View\/Manage event-trigger suppression","TOOLTIP":"View and\/or manage event-trigger suppression settings","TARGET_FRAME":"Main","RESOURCE_ID1":2871,"RESOURCE_CLASS_ID":"1","LOCKED":0,"AUDIT_TYPE_ID":"1","NAME":"DcorumWeb\/WebForms\/ServiceTask\/TriggerSuppressionView.aspx","DESCRIPTION":"View and\/or manage event-trigger suppression settings"},{"ID":"8175","RESOURCE_ID":2966,"PARENT_ID":"5000","MENU_NAME":"Freeze Configuration","TOOLTIP":"View and\/or manage Freeze Configurations","TARGET_FRAME":"Main","RESOURCE_ID1":2966,"RESOURCE_CLASS_ID":"1","LOCKED":0,"AUDIT_TYPE_ID":"1","NAME":"DcorumWeb\/WebForms\/Freeze\/FreezeEventList.aspx","DESCRIPTION":"Freeze Configuration"},{"ID":"8176","RESOURCE_ID":2967,"PARENT_ID":"2000","MENU_NAME":"Retirement Benefit Details","TOOLTIP":"Calculate retirement benefit details","TARGET_FRAME":"Main","RESOURCE_ID1":2967,"RESOURCE_CLASS_ID":"1","LOCKED":0,"AUDIT_TYPE_ID":"1","NAME":"DcorumWeb\/WebForms\/PlanManager\/PtfcCalculation.aspx","DESCRIPTION":"Calculate retirement benefit details"},{"ID":"8177","RESOURCE_ID":2968,"PARENT_ID":"5000","MENU_NAME":"Retirement Risk Warning Questions","TOOLTIP":"View and edit retirement risk warning question definitions","TARGET_FRAME":"Main","RESOURCE_ID1":2968,"RESOURCE_CLASS_ID":"1","LOCKED":0,"AUDIT_TYPE_ID":"1","NAME":"DcorumWeb\/WebForms\/PlanManager\/RrwqQuestionList.aspx","DESCRIPTION":"View and edit retirement risk warning question definitions"},{"ID":"8178","RESOURCE_ID":2969,"PARENT_ID":"5000","MENU_NAME":"Retirement Risk Warning Questions Headers","TOOLTIP":"View and edit retirement risk warning question header definitions","TARGET_FRAME":"Main","RESOURCE_ID1":2969,"RESOURCE_CLASS_ID":"1","LOCKED":0,"AUDIT_TYPE_ID":"1","NAME":"DcorumWeb\/WebForms\/PlanManager\/RrwqHeaderList.aspx","DESCRIPTION":"View and edit retirement risk warning question header definitions"},{"ID":"8179","RESOURCE_ID":2970,"PARENT_ID":"2000","MENU_NAME":"Transfer Details","TOOLTIP":"View and edit additional transfer detail","TARGET_FRAME":"Main","RESOURCE_ID1":2970,"RESOURCE_CLASS_ID":"1","LOCKED":0,"AUDIT_TYPE_ID":"1","NAME":"DcorumWeb\/WebForms\/PlanManager\/TransferDetailReadOnlyList.aspx","DESCRIPTION":"View and edit additional transfer detail"},{"ID":"8180","RESOURCE_ID":3006,"PARENT_ID":"2000","MENU_NAME":"Fund Choices","TOOLTIP":"View and\/or update Fund Choices","TARGET_FRAME":"Main","RESOURCE_ID1":3006,"RESOURCE_CLASS_ID":"1","LOCKED":0,"AUDIT_TYPE_ID":"1","NAME":"DcorumWeb\/WebForms\/Switches\/MemberSwitchView.aspx","DESCRIPTION":"View\/Update Fund Choices"},{"ID":"8181","RESOURCE_ID":3007,"PARENT_ID":"4000","MENU_NAME":"Switch Checking","TOOLTIP":"View and\/or approve switch and election changes","TARGET_FRAME":"Main","RESOURCE_ID1":3007,"RESOURCE_CLASS_ID":"1","LOCKED":0,"AUDIT_TYPE_ID":"1","NAME":"DcorumWeb\/WebForms\/Switches\/MemberFundChoiceApproval.aspx","DESCRIPTION":"View\/Approve switch and\/or election changes"},{"ID":"8182","RESOURCE_ID":0,"PARENT_ID":"5000","MENU_NAME":"Manage Web Documents","TOOLTIP":"Manage Web Documents","TARGET_FRAME":"Main","RESOURCE_ID1":null,"RESOURCE_CLASS_ID":null,"LOCKED":null,"AUDIT_TYPE_ID":null,"NAME":null,"DESCRIPTION":null},{"ID":"8183","RESOURCE_ID":3060,"PARENT_ID":"8182","MENU_NAME":"Upload Documents","TOOLTIP":"View and edit targetplan settings","TARGET_FRAME":"Main","RESOURCE_ID1":3060,"RESOURCE_CLASS_ID":"1","LOCKED":0,"AUDIT_TYPE_ID":"1","NAME":"DcorumWeb\/WebForms\/ContentUpload\/ContentUpload.aspx","DESCRIPTION":"Upload Documents"},{"ID":"8184","RESOURCE_ID":3061,"PARENT_ID":"8182","MENU_NAME":"Approve Documents","TOOLTIP":"View and edit Member Groups","TARGET_FRAME":"Main","RESOURCE_ID1":3061,"RESOURCE_CLASS_ID":"1","LOCKED":0,"AUDIT_TYPE_ID":"1","NAME":"DcorumWeb\/WebForms\/ContentUpload\/ContentUploadList.aspx","DESCRIPTION":"Approve Documents"}]