[{"DOMAIN_NAME":"MSG CATEGORY CD","DESCRIPT":"Campaign","DISABLE_CD":"0","REF_CD":"1","LINE_NO":"1","LONG_DESC":null,"INTF_DESC":null},{"DOMAIN_NAME":"MSG CATEGORY CD","DESCRIPT":"System Event","DISABLE_CD":"0","REF_CD":"2","LINE_NO":"2","LONG_DESC":null,"INTF_DESC":null},{"DOMAIN_NAME":"MSG CATEGORY CD","DESCRIPT":"User","DISABLE_CD":"0","REF_CD":"3","LINE_NO":"3","LONG_DESC":null,"INTF_DESC":null},{"DOMAIN_NAME":"MSG PRIORITY CD","DESCRIPT":"High","DISABLE_CD":"0","REF_CD":"1","LINE_NO":"1","LONG_DESC":null,"INTF_DESC":null},{"DOMAIN_NAME":"MSG PRIORITY CD","DESCRIPT":"Medium","DISABLE_CD":"0","REF_CD":"2","LINE_NO":"2","LONG_DESC":null,"INTF_DESC":null},{"DOMAIN_NAME":"MSG PRIORITY CD","DESCRIPT":"Low","DISABLE_CD":"0","REF_CD":"3","LINE_NO":"3","LONG_DESC":null,"INTF_DESC":null},{"DOMAIN_NAME":"MSG TYPE CD","DESCRIPT":"Message","DISABLE_CD":"0","REF_CD":"1","LINE_NO":"1","LONG_DESC":null,"INTF_DESC":null},{"DOMAIN_NAME":"MSG TYPE CD","DESCRIPT":"Event","DISABLE_CD":"0","REF_CD":"2","LINE_NO":"2","LONG_DESC":null,"INTF_DESC":null},{"DOMAIN_NAME":"MSG TYPE CD","DESCRIPT":"Notification","DISABLE_CD":"0","REF_CD":"3","LINE_NO":"3","LONG_DESC":null,"INTF_DESC":null}]