[{"SERVICE_TASK_QUEUE_ID":5748161,"SERVICE_TASK_ID":194,"SCHEDULE_DATE":"\/Date(1514052000000+0000)\/","PROCESS_DATE":null,"LOCKED":"0","THREAD_NO":null,"ACTIVE":"1","STATUS_CD":"PE","PARAMCOUNT":0},{"SERVICE_TASK_QUEUE_ID":5751534,"SERVICE_TASK_ID":1,"SCHEDULE_DATE":"\/Date(1514019120000+0000)\/","PROCESS_DATE":null,"LOCKED":"0","THREAD_NO":null,"ACTIVE":"1","STATUS_CD":"PE","PARAMCOUNT":0},{"SERVICE_TASK_QUEUE_ID":5751589,"SERVICE_TASK_ID":149,"SCHEDULE_DATE":"\/Date(1514019000000+0000)\/","PROCESS_DATE":null,"LOCKED":"0","THREAD_NO":null,"ACTIVE":"1","STATUS_CD":"PE","PARAMCOUNT":0},{"SERVICE_TASK_QUEUE_ID":5751571,"SERVICE_TASK_ID":4,"SCHEDULE_DATE":"\/Date(1514018760000+0000)\/","PROCESS_DATE":null,"LOCKED":"0","THREAD_NO":null,"ACTIVE":"1","STATUS_CD":"PE","PARAMCOUNT":0},{"SERVICE_TASK_QUEUE_ID":5751641,"SERVICE_TASK_ID":251,"SCHEDULE_DATE":"\/Date(1514018400000+0000)\/","PROCESS_DATE":null,"LOCKED":"0","THREAD_NO":null,"ACTIVE":"1","STATUS_CD":"PE","PARAMCOUNT":0},{"SERVICE_TASK_QUEUE_ID":5751588,"SERVICE_TASK_ID":149,"SCHEDULE_DATE":"\/Date(1514018100000+0000)\/","PROCESS_DATE":null,"LOCKED":"0","THREAD_NO":null,"ACTIVE":"1","STATUS_CD":"PE","PARAMCOUNT":0},{"SERVICE_TASK_QUEUE_ID":5751570,"SERVICE_TASK_ID":4,"SCHEDULE_DATE":"\/Date(1514017860000+0000)\/","PROCESS_DATE":null,"LOCKED":"0","THREAD_NO":null,"ACTIVE":"1","STATUS_CD":"PE","PARAMCOUNT":0},{"SERVICE_TASK_QUEUE_ID":5751612,"SERVICE_TASK_ID":5000024,"SCHEDULE_DATE":"\/Date(1514017800000+0000)\/","PROCESS_DATE":null,"LOCKED":"0","THREAD_NO":null,"ACTIVE":"1","STATUS_CD":"PE","PARAMCOUNT":0},{"SERVICE_TASK_QUEUE_ID":5751619,"SERVICE_TASK_ID":231,"SCHEDULE_DATE":"\/Date(1514017800000+0000)\/","PROCESS_DATE":null,"LOCKED":"0","THREAD_NO":null,"ACTIVE":"1","STATUS_CD":"PE","PARAMCOUNT":0},{"SERVICE_TASK_QUEUE_ID":5751665,"SERVICE_TASK_ID":252,"SCHEDULE_DATE":"\/Date(1514017800000+0000)\/","PROCESS_DATE":null,"LOCKED":"0","THREAD_NO":null,"ACTIVE":"1","STATUS_CD":"PE","PARAMCOUNT":0},{"SERVICE_TASK_QUEUE_ID":5751595,"SERVICE_TASK_ID":259,"SCHEDULE_DATE":"\/Date(1514017800000+0000)\/","PROCESS_DATE":null,"LOCKED":"0","THREAD_NO":null,"ACTIVE":"1","STATUS_CD":"PE","PARAMCOUNT":0},{"SERVICE_TASK_QUEUE_ID":5751584,"SERVICE_TASK_ID":136,"SCHEDULE_DATE":"\/Date(1514017800000+0000)\/","PROCESS_DATE":null,"LOCKED":"0","THREAD_NO":null,"ACTIVE":"1","STATUS_CD":"PE","PARAMCOUNT":0},{"SERVICE_TASK_QUEUE_ID":5751606,"SERVICE_TASK_ID":96,"SCHEDULE_DATE":"\/Date(1514017500000+0000)\/","PROCESS_DATE":null,"LOCKED":"0","THREAD_NO":null,"ACTIVE":"1","STATUS_CD":"PE","PARAMCOUNT":0},{"SERVICE_TASK_QUEUE_ID":5751516,"SERVICE_TASK_ID":238,"SCHEDULE_DATE":"\/Date(1514017200000+0000)\/","PROCESS_DATE":null,"LOCKED":"0","THREAD_NO":null,"ACTIVE":"1","STATUS_CD":"PE","PARAMCOUNT":0},{"SERVICE_TASK_QUEUE_ID":5751587,"SERVICE_TASK_ID":149,"SCHEDULE_DATE":"\/Date(1514017200000+0000)\/","PROCESS_DATE":null,"LOCKED":"0","THREAD_NO":null,"ACTIVE":"1","STATUS_CD":"PE","PARAMCOUNT":0},{"SERVICE_TASK_QUEUE_ID":5751569,"SERVICE_TASK_ID":4,"SCHEDULE_DATE":"\/Date(1514016960000+0000)\/","PROCESS_DATE":null,"LOCKED":"0","THREAD_NO":null,"ACTIVE":"1","STATUS_CD":"PE","PARAMCOUNT":0},{"SERVICE_TASK_QUEUE_ID":5751463,"SERVICE_TASK_ID":225,"SCHEDULE_DATE":"\/Date(1514016600000+0000)\/","PROCESS_DATE":null,"LOCKED":"0","THREAD_NO":null,"ACTIVE":"1","STATUS_CD":"PE","PARAMCOUNT":0},{"SERVICE_TASK_QUEUE_ID":5751640,"SERVICE_TASK_ID":251,"SCHEDULE_DATE":"\/Date(1514016600000+0000)\/","PROCESS_DATE":null,"LOCKED":"0","THREAD_NO":null,"ACTIVE":"1","STATUS_CD":"PE","PARAMCOUNT":0},{"SERVICE_TASK_QUEUE_ID":5751524,"SERVICE_TASK_ID":210,"SCHEDULE_DATE":"\/Date(1514016300000+0000)\/","PROCESS_DATE":null,"LOCKED":"0","THREAD_NO":null,"ACTIVE":"1","STATUS_CD":"PE","PARAMCOUNT":0},{"SERVICE_TASK_QUEUE_ID":5751586,"SERVICE_TASK_ID":149,"SCHEDULE_DATE":"\/Date(1514016300000+0000)\/","PROCESS_DATE":null,"LOCKED":"0","THREAD_NO":null,"ACTIVE":"1","STATUS_CD":"PE","PARAMCOUNT":0},{"SERVICE_TASK_QUEUE_ID":5751568,"SERVICE_TASK_ID":4,"SCHEDULE_DATE":"\/Date(1514016060000+0000)\/","PROCESS_DATE":null,"LOCKED":"0","THREAD_NO":null,"ACTIVE":"1","STATUS_CD":"PE","PARAMCOUNT":0},{"SERVICE_TASK_QUEUE_ID":5751526,"SERVICE_TASK_ID":150,"SCHEDULE_DATE":"\/Date(1514016000000+0000)\/","PROCESS_DATE":null,"LOCKED":"0","THREAD_NO":null,"ACTIVE":"1","STATUS_CD":"PE","PARAMCOUNT":0},{"SERVICE_TASK_QUEUE_ID":5751618,"SERVICE_TASK_ID":231,"SCHEDULE_DATE":"\/Date(1514016000000+0000)\/","PROCESS_DATE":null,"LOCKED":"0","THREAD_NO":null,"ACTIVE":"1","STATUS_CD":"PE","PARAMCOUNT":0},{"SERVICE_TASK_QUEUE_ID":5751594,"SERVICE_TASK_ID":259,"SCHEDULE_DATE":"\/Date(1514016000000+0000)\/","PROCESS_DATE":null,"LOCKED":"0","THREAD_NO":null,"ACTIVE":"1","STATUS_CD":"PE","PARAMCOUNT":0},{"SERVICE_TASK_QUEUE_ID":5751664,"SERVICE_TASK_ID":252,"SCHEDULE_DATE":"\/Date(1514016000000+0000)\/","PROCESS_DATE":null,"LOCKED":"0","THREAD_NO":null,"ACTIVE":"1","STATUS_CD":"PE","PARAMCOUNT":0},{"SERVICE_TASK_QUEUE_ID":5751461,"SERVICE_TASK_ID":224,"SCHEDULE_DATE":"\/Date(1514016000000+0000)\/","PROCESS_DATE":null,"LOCKED":"0","THREAD_NO":null,"ACTIVE":"1","STATUS_CD":"PE","PARAMCOUNT":0},{"SERVICE_TASK_QUEUE_ID":5751611,"SERVICE_TASK_ID":5000024,"SCHEDULE_DATE":"\/Date(1514016000000+0000)\/","PROCESS_DATE":null,"LOCKED":"0","THREAD_NO":null,"ACTIVE":"1","STATUS_CD":"PE","PARAMCOUNT":0},{"SERVICE_TASK_QUEUE_ID":5751585,"SERVICE_TASK_ID":149,"SCHEDULE_DATE":"\/Date(1514015400000+0000)\/","PROCESS_DATE":null,"LOCKED":"0","THREAD_NO":null,"ACTIVE":"1","STATUS_CD":"PE","PARAMCOUNT":0},{"SERVICE_TASK_QUEUE_ID":5751474,"SERVICE_TASK_ID":213,"SCHEDULE_DATE":"\/Date(1514015400000+0000)\/","PROCESS_DATE":null,"LOCKED":"0","THREAD_NO":null,"ACTIVE":"1","STATUS_CD":"PE","PARAMCOUNT":0},{"SERVICE_TASK_QUEUE_ID":5751567,"SERVICE_TASK_ID":4,"SCHEDULE_DATE":"\/Date(1514015160000+0000)\/","PROCESS_DATE":null,"LOCKED":"0","THREAD_NO":null,"ACTIVE":"1","STATUS_CD":"PE","PARAMCOUNT":0},{"SERVICE_TASK_QUEUE_ID":5751639,"SERVICE_TASK_ID":251,"SCHEDULE_DATE":"\/Date(1514014800000+0000)\/","PROCESS_DATE":null,"LOCKED":"0","THREAD_NO":null,"ACTIVE":"1","STATUS_CD":"PE","PARAMCOUNT":0},{"SERVICE_TASK_QUEUE_ID":5751475,"SERVICE_TASK_ID":212,"SCHEDULE_DATE":"\/Date(1514014800000+0000)\/","PROCESS_DATE":null,"LOCKED":"0","THREAD_NO":null,"ACTIVE":"1","STATUS_CD":"PE","PARAMCOUNT":0},{"SERVICE_TASK_QUEUE_ID":5751566,"SERVICE_TASK_ID":4,"SCHEDULE_DATE":"\/Date(1514014260000+0000)\/","PROCESS_DATE":null,"LOCKED":"0","THREAD_NO":null,"ACTIVE":"1","STATUS_CD":"PE","PARAMCOUNT":0},{"SERVICE_TASK_QUEUE_ID":5751663,"SERVICE_TASK_ID":252,"SCHEDULE_DATE":"\/Date(1514014200000+0000)\/","PROCESS_DATE":null,"LOCKED":"0","THREAD_NO":null,"ACTIVE":"1","STATUS_CD":"PE","PARAMCOUNT":0},{"SERVICE_TASK_QUEUE_ID":5751593,"SERVICE_TASK_ID":259,"SCHEDULE_DATE":"\/Date(1514014200000+0000)\/","PROCESS_DATE":null,"LOCKED":"0","THREAD_NO":null,"ACTIVE":"1","STATUS_CD":"PE","PARAMCOUNT":0},{"SERVICE_TASK_QUEUE_ID":5751610,"SERVICE_TASK_ID":5000024,"SCHEDULE_DATE":"\/Date(1514014200000+0000)\/","PROCESS_DATE":null,"LOCKED":"0","THREAD_NO":null,"ACTIVE":"1","STATUS_CD":"PE","PARAMCOUNT":0},{"SERVICE_TASK_QUEUE_ID":5751617,"SERVICE_TASK_ID":231,"SCHEDULE_DATE":"\/Date(1514014200000+0000)\/","PROCESS_DATE":null,"LOCKED":"0","THREAD_NO":null,"ACTIVE":"1","STATUS_CD":"PE","PARAMCOUNT":0},{"SERVICE_TASK_QUEUE_ID":5751459,"SERVICE_TASK_ID":227,"SCHEDULE_DATE":"\/Date(1514014200000+0000)\/","PROCESS_DATE":null,"LOCKED":"0","THREAD_NO":null,"ACTIVE":"1","STATUS_CD":"PE","PARAMCOUNT":0},{"SERVICE_TASK_QUEUE_ID":5751501,"SERVICE_TASK_ID":113,"SCHEDULE_DATE":"\/Date(1514013960000+0000)\/","PROCESS_DATE":null,"LOCKED":"0","THREAD_NO":null,"ACTIVE":"1","STATUS_CD":"PE","PARAMCOUNT":0},{"SERVICE_TASK_QUEUE_ID":5751605,"SERVICE_TASK_ID":96,"SCHEDULE_DATE":"\/Date(1514013900000+0000)\/","PROCESS_DATE":null,"LOCKED":"0","THREAD_NO":null,"ACTIVE":"1","STATUS_CD":"PE","PARAMCOUNT":0},{"SERVICE_TASK_QUEUE_ID":5751502,"SERVICE_TASK_ID":112,"SCHEDULE_DATE":"\/Date(1514013840000+0000)\/","PROCESS_DATE":null,"LOCKED":"0","THREAD_NO":null,"ACTIVE":"1","STATUS_CD":"PE","PARAMCOUNT":0},{"SERVICE_TASK_QUEUE_ID":5751503,"SERVICE_TASK_ID":111,"SCHEDULE_DATE":"\/Date(1514013720000+0000)\/","PROCESS_DATE":null,"LOCKED":"0","THREAD_NO":null,"ACTIVE":"1","STATUS_CD":"PE","PARAMCOUNT":0},{"SERVICE_TASK_QUEUE_ID":5751476,"SERVICE_TASK_ID":209,"SCHEDULE_DATE":"\/Date(1514013600000+0000)\/","PROCESS_DATE":null,"LOCKED":"0","THREAD_NO":null,"ACTIVE":"1","STATUS_CD":"PE","PARAMCOUNT":0},{"SERVICE_TASK_QUEUE_ID":5751504,"SERVICE_TASK_ID":110,"SCHEDULE_DATE":"\/Date(1514013600000+0000)\/","PROCESS_DATE":null,"LOCKED":"0","THREAD_NO":null,"ACTIVE":"1","STATUS_CD":"PE","PARAMCOUNT":0},{"SERVICE_TASK_QUEUE_ID":5751505,"SERVICE_TASK_ID":109,"SCHEDULE_DATE":"\/Date(1514013480000+0000)\/","PROCESS_DATE":null,"LOCKED":"0","THREAD_NO":null,"ACTIVE":"1","STATUS_CD":"PE","PARAMCOUNT":0},{"SERVICE_TASK_QUEUE_ID":5751506,"SERVICE_TASK_ID":108,"SCHEDULE_DATE":"\/Date(1514013360000+0000)\/","PROCESS_DATE":null,"LOCKED":"0","THREAD_NO":null,"ACTIVE":"1","STATUS_CD":"PE","PARAMCOUNT":0},{"SERVICE_TASK_QUEUE_ID":5751565,"SERVICE_TASK_ID":4,"SCHEDULE_DATE":"\/Date(1514013360000+0000)\/","PROCESS_DATE":null,"LOCKED":"0","THREAD_NO":null,"ACTIVE":"1","STATUS_CD":"PE","PARAMCOUNT":0},{"SERVICE_TASK_QUEUE_ID":5751507,"SERVICE_TASK_ID":107,"SCHEDULE_DATE":"\/Date(1514013240000+0000)\/","PROCESS_DATE":null,"LOCKED":"0","THREAD_NO":null,"ACTIVE":"1","STATUS_CD":"PE","PARAMCOUNT":0},{"SERVICE_TASK_QUEUE_ID":5751508,"SERVICE_TASK_ID":106,"SCHEDULE_DATE":"\/Date(1514013120000+0000)\/","PROCESS_DATE":null,"LOCKED":"0","THREAD_NO":null,"ACTIVE":"1","STATUS_CD":"PE","PARAMCOUNT":0},{"SERVICE_TASK_QUEUE_ID":5751467,"SERVICE_TASK_ID":217,"SCHEDULE_DATE":"\/Date(1514013000000+0000)\/","PROCESS_DATE":null,"LOCKED":"0","THREAD_NO":null,"ACTIVE":"1","STATUS_CD":"PE","PARAMCOUNT":0},{"SERVICE_TASK_QUEUE_ID":5751638,"SERVICE_TASK_ID":251,"SCHEDULE_DATE":"\/Date(1514013000000+0000)\/","PROCESS_DATE":null,"LOCKED":"0","THREAD_NO":null,"ACTIVE":"1","STATUS_CD":"PE","PARAMCOUNT":0},{"SERVICE_TASK_QUEUE_ID":5751564,"SERVICE_TASK_ID":4,"SCHEDULE_DATE":"\/Date(1514012460000+0000)\/","PROCESS_DATE":null,"LOCKED":"0","THREAD_NO":null,"ACTIVE":"1","STATUS_CD":"PE","PARAMCOUNT":0},{"SERVICE_TASK_QUEUE_ID":5751662,"SERVICE_TASK_ID":252,"SCHEDULE_DATE":"\/Date(1514012400000+0000)\/","PROCESS_DATE":null,"LOCKED":"0","THREAD_NO":null,"ACTIVE":"1","STATUS_CD":"PE","PARAMCOUNT":0},{"SERVICE_TASK_QUEUE_ID":5751468,"SERVICE_TASK_ID":216,"SCHEDULE_DATE":"\/Date(1514012400000+0000)\/","PROCESS_DATE":null,"LOCKED":"0","THREAD_NO":null,"ACTIVE":"1","STATUS_CD":"PE","PARAMCOUNT":0},{"SERVICE_TASK_QUEUE_ID":5751592,"SERVICE_TASK_ID":259,"SCHEDULE_DATE":"\/Date(1514012400000+0000)\/","PROCESS_DATE":null,"LOCKED":"0","THREAD_NO":null,"ACTIVE":"1","STATUS_CD":"PE","PARAMCOUNT":0},{"SERVICE_TASK_QUEUE_ID":5751616,"SERVICE_TASK_ID":231,"SCHEDULE_DATE":"\/Date(1514012400000+0000)\/","PROCESS_DATE":null,"LOCKED":"0","THREAD_NO":null,"ACTIVE":"1","STATUS_CD":"PE","PARAMCOUNT":0},{"SERVICE_TASK_QUEUE_ID":5751673,"SERVICE_TASK_ID":253,"SCHEDULE_DATE":"\/Date(1514012400000+0000)\/","PROCESS_DATE":null,"LOCKED":"0","THREAD_NO":null,"ACTIVE":"1","STATUS_CD":"PE","PARAMCOUNT":0},{"SERVICE_TASK_QUEUE_ID":5751621,"SERVICE_TASK_ID":181,"SCHEDULE_DATE":"\/Date(1514012400000+0000)\/","PROCESS_DATE":null,"LOCKED":"0","THREAD_NO":null,"ACTIVE":"1","STATUS_CD":"PE","PARAMCOUNT":0},{"SERVICE_TASK_QUEUE_ID":5751472,"SERVICE_TASK_ID":215,"SCHEDULE_DATE":"\/Date(1514011800000+0000)\/","PROCESS_DATE":null,"LOCKED":"0","THREAD_NO":null,"ACTIVE":"1","STATUS_CD":"PE","PARAMCOUNT":0},{"SERVICE_TASK_QUEUE_ID":5751563,"SERVICE_TASK_ID":4,"SCHEDULE_DATE":"\/Date(1514011560000+0000)\/","PROCESS_DATE":null,"LOCKED":"0","THREAD_NO":null,"ACTIVE":"1","STATUS_CD":"PE","PARAMCOUNT":0},{"SERVICE_TASK_QUEUE_ID":5751509,"SERVICE_TASK_ID":105,"SCHEDULE_DATE":"\/Date(1514011320000+0000)\/","PROCESS_DATE":null,"LOCKED":"0","THREAD_NO":null,"ACTIVE":"1","STATUS_CD":"PE","PARAMCOUNT":0},{"SERVICE_TASK_QUEUE_ID":5751473,"SERVICE_TASK_ID":214,"SCHEDULE_DATE":"\/Date(1514011200000+0000)\/","PROCESS_DATE":null,"LOCKED":"0","THREAD_NO":null,"ACTIVE":"1","STATUS_CD":"PE","PARAMCOUNT":0},{"SERVICE_TASK_QUEUE_ID":5751637,"SERVICE_TASK_ID":251,"SCHEDULE_DATE":"\/Date(1514011200000+0000)\/","PROCESS_DATE":null,"LOCKED":"0","THREAD_NO":null,"ACTIVE":"1","STATUS_CD":"PE","PARAMCOUNT":0},{"SERVICE_TASK_QUEUE_ID":5751510,"SERVICE_TASK_ID":104,"SCHEDULE_DATE":"\/Date(1514011080000+0000)\/","PROCESS_DATE":null,"LOCKED":"0","THREAD_NO":null,"ACTIVE":"1","STATUS_CD":"PE","PARAMCOUNT":0},{"SERVICE_TASK_QUEUE_ID":5751562,"SERVICE_TASK_ID":4,"SCHEDULE_DATE":"\/Date(1514010660000+0000)\/","PROCESS_DATE":null,"LOCKED":"0","THREAD_NO":null,"ACTIVE":"1","STATUS_CD":"PE","PARAMCOUNT":0},{"SERVICE_TASK_QUEUE_ID":5751661,"SERVICE_TASK_ID":252,"SCHEDULE_DATE":"\/Date(1514010600000+0000)\/","PROCESS_DATE":null,"LOCKED":"0","THREAD_NO":null,"ACTIVE":"1","STATUS_CD":"PE","PARAMCOUNT":0},{"SERVICE_TASK_QUEUE_ID":5751615,"SERVICE_TASK_ID":231,"SCHEDULE_DATE":"\/Date(1514010600000+0000)\/","PROCESS_DATE":null,"LOCKED":"0","THREAD_NO":null,"ACTIVE":"1","STATUS_CD":"PE","PARAMCOUNT":0},{"SERVICE_TASK_QUEUE_ID":5751591,"SERVICE_TASK_ID":259,"SCHEDULE_DATE":"\/Date(1514010600000+0000)\/","PROCESS_DATE":null,"LOCKED":"0","THREAD_NO":null,"ACTIVE":"1","STATUS_CD":"PE","PARAMCOUNT":0},{"SERVICE_TASK_QUEUE_ID":5751604,"SERVICE_TASK_ID":96,"SCHEDULE_DATE":"\/Date(1514010300000+0000)\/","PROCESS_DATE":null,"LOCKED":"0","THREAD_NO":null,"ACTIVE":"1","STATUS_CD":"PE","PARAMCOUNT":0},{"SERVICE_TASK_QUEUE_ID":5751512,"SERVICE_TASK_ID":102,"SCHEDULE_DATE":"\/Date(1514010120000+0000)\/","PROCESS_DATE":null,"LOCKED":"0","THREAD_NO":null,"ACTIVE":"1","STATUS_CD":"PE","PARAMCOUNT":0},{"SERVICE_TASK_QUEUE_ID":5751561,"SERVICE_TASK_ID":4,"SCHEDULE_DATE":"\/Date(1514009760000+0000)\/","PROCESS_DATE":null,"LOCKED":"0","THREAD_NO":null,"ACTIVE":"1","STATUS_CD":"PE","PARAMCOUNT":0},{"SERVICE_TASK_QUEUE_ID":5751511,"SERVICE_TASK_ID":103,"SCHEDULE_DATE":"\/Date(1514009520000+0000)\/","PROCESS_DATE":null,"LOCKED":"0","THREAD_NO":null,"ACTIVE":"1","STATUS_CD":"PE","PARAMCOUNT":0},{"SERVICE_TASK_QUEUE_ID":5751636,"SERVICE_TASK_ID":251,"SCHEDULE_DATE":"\/Date(1514009400000+0000)\/","PROCESS_DATE":null,"LOCKED":"0","THREAD_NO":null,"ACTIVE":"1","STATUS_CD":"PE","PARAMCOUNT":0},{"SERVICE_TASK_QUEUE_ID":5751560,"SERVICE_TASK_ID":4,"SCHEDULE_DATE":"\/Date(1514008860000+0000)\/","PROCESS_DATE":null,"LOCKED":"0","THREAD_NO":null,"ACTIVE":"1","STATUS_CD":"PE","PARAMCOUNT":0},{"SERVICE_TASK_QUEUE_ID":5751608,"SERVICE_TASK_ID":126,"SCHEDULE_DATE":"\/Date(1514008860000+0000)\/","PROCESS_DATE":null,"LOCKED":"0","THREAD_NO":null,"ACTIVE":"1","STATUS_CD":"PE","PARAMCOUNT":0},{"SERVICE_TASK_QUEUE_ID":5751614,"SERVICE_TASK_ID":231,"SCHEDULE_DATE":"\/Date(1514008800000+0000)\/","PROCESS_DATE":null,"LOCKED":"0","THREAD_NO":null,"ACTIVE":"1","STATUS_CD":"PE","PARAMCOUNT":0},{"SERVICE_TASK_QUEUE_ID":5751590,"SERVICE_TASK_ID":259,"SCHEDULE_DATE":"\/Date(1514008800000+0000)\/","PROCESS_DATE":null,"LOCKED":"0","THREAD_NO":null,"ACTIVE":"1","STATUS_CD":"PE","PARAMCOUNT":0},{"SERVICE_TASK_QUEUE_ID":5751660,"SERVICE_TASK_ID":252,"SCHEDULE_DATE":"\/Date(1514008800000+0000)\/","PROCESS_DATE":null,"LOCKED":"0","THREAD_NO":null,"ACTIVE":"1","STATUS_CD":"PE","PARAMCOUNT":0},{"SERVICE_TASK_QUEUE_ID":5751531,"SERVICE_TASK_ID":281,"SCHEDULE_DATE":"\/Date(1514008500000+0000)\/","PROCESS_DATE":null,"LOCKED":"0","THREAD_NO":null,"ACTIVE":"1","STATUS_CD":"PE","PARAMCOUNT":0},{"SERVICE_TASK_QUEUE_ID":5751532,"SERVICE_TASK_ID":280,"SCHEDULE_DATE":"\/Date(1514008200000+0000)\/","PROCESS_DATE":null,"LOCKED":"0","THREAD_NO":null,"ACTIVE":"1","STATUS_CD":"PE","PARAMCOUNT":0},{"SERVICE_TASK_QUEUE_ID":5751559,"SERVICE_TASK_ID":4,"SCHEDULE_DATE":"\/Date(1514007960000+0000)\/","PROCESS_DATE":null,"LOCKED":"0","THREAD_NO":null,"ACTIVE":"1","STATUS_CD":"PE","PARAMCOUNT":0},{"SERVICE_TASK_QUEUE_ID":5751535,"SERVICE_TASK_ID":44,"SCHEDULE_DATE":"\/Date(1514007900000+0000)\/","PROCESS_DATE":null,"LOCKED":"0","THREAD_NO":null,"ACTIVE":"1","STATUS_CD":"PE","PARAMCOUNT":0},{"SERVICE_TASK_QUEUE_ID":5751635,"SERVICE_TASK_ID":251,"SCHEDULE_DATE":"\/Date(1514007600000+0000)\/","PROCESS_DATE":null,"LOCKED":"0","THREAD_NO":null,"ACTIVE":"1","STATUS_CD":"PE","PARAMCOUNT":0},{"SERVICE_TASK_QUEUE_ID":5751451,"SERVICE_TASK_ID":254,"SCHEDULE_DATE":"\/Date(1514007600000+0000)\/","PROCESS_DATE":null,"LOCKED":"0","THREAD_NO":null,"ACTIVE":"1","STATUS_CD":"PE","PARAMCOUNT":0},{"SERVICE_TASK_QUEUE_ID":5751558,"SERVICE_TASK_ID":4,"SCHEDULE_DATE":"\/Date(1514007060000+0000)\/","PROCESS_DATE":null,"LOCKED":"0","THREAD_NO":null,"ACTIVE":"1","STATUS_CD":"PE","PARAMCOUNT":0},{"SERVICE_TASK_QUEUE_ID":5751527,"SERVICE_TASK_ID":137,"SCHEDULE_DATE":"\/Date(1514007000000+0000)\/","PROCESS_DATE":null,"LOCKED":"0","THREAD_NO":null,"ACTIVE":"1","STATUS_CD":"PE","PARAMCOUNT":0},{"SERVICE_TASK_QUEUE_ID":5751521,"SERVICE_TASK_ID":233,"SCHEDULE_DATE":"\/Date(1514007000000+0000)\/","PROCESS_DATE":null,"LOCKED":"0","THREAD_NO":null,"ACTIVE":"1","STATUS_CD":"PE","PARAMCOUNT":0},{"SERVICE_TASK_QUEUE_ID":5751454,"SERVICE_TASK_ID":246,"SCHEDULE_DATE":"\/Date(1514007000000+0000)\/","PROCESS_DATE":null,"LOCKED":"0","THREAD_NO":null,"ACTIVE":"1","STATUS_CD":"PE","PARAMCOUNT":0},{"SERVICE_TASK_QUEUE_ID":5751659,"SERVICE_TASK_ID":252,"SCHEDULE_DATE":"\/Date(1514007000000+0000)\/","PROCESS_DATE":null,"LOCKED":"0","THREAD_NO":null,"ACTIVE":"1","STATUS_CD":"PE","PARAMCOUNT":0},{"SERVICE_TASK_QUEUE_ID":5751609,"SERVICE_TASK_ID":127,"SCHEDULE_DATE":"\/Date(1514007000000+0000)\/","PROCESS_DATE":null,"LOCKED":"0","THREAD_NO":null,"ACTIVE":"1","STATUS_CD":"PE","PARAMCOUNT":0},{"SERVICE_TASK_QUEUE_ID":5751603,"SERVICE_TASK_ID":96,"SCHEDULE_DATE":"\/Date(1514006700000+0000)\/","PROCESS_DATE":null,"LOCKED":"0","THREAD_NO":null,"ACTIVE":"1","STATUS_CD":"PE","PARAMCOUNT":0},{"SERVICE_TASK_QUEUE_ID":5751515,"SERVICE_TASK_ID":141,"SCHEDULE_DATE":"\/Date(1514006700000+0000)\/","PROCESS_DATE":null,"LOCKED":"0","THREAD_NO":null,"ACTIVE":"1","STATUS_CD":"PE","PARAMCOUNT":0},{"SERVICE_TASK_QUEUE_ID":5751557,"SERVICE_TASK_ID":4,"SCHEDULE_DATE":"\/Date(1514006160000+0000)\/","PROCESS_DATE":null,"LOCKED":"0","THREAD_NO":null,"ACTIVE":"1","STATUS_CD":"PE","PARAMCOUNT":0},{"SERVICE_TASK_QUEUE_ID":5751470,"SERVICE_TASK_ID":196,"SCHEDULE_DATE":"\/Date(1514006100000+0000)\/","PROCESS_DATE":null,"LOCKED":"0","THREAD_NO":null,"ACTIVE":"1","STATUS_CD":"PE","PARAMCOUNT":0},{"SERVICE_TASK_QUEUE_ID":5751522,"SERVICE_TASK_ID":232,"SCHEDULE_DATE":"\/Date(1514005800000+0000)\/","PROCESS_DATE":null,"LOCKED":"0","THREAD_NO":null,"ACTIVE":"1","STATUS_CD":"PE","PARAMCOUNT":0},{"SERVICE_TASK_QUEUE_ID":5751634,"SERVICE_TASK_ID":251,"SCHEDULE_DATE":"\/Date(1514005800000+0000)\/","PROCESS_DATE":null,"LOCKED":"0","THREAD_NO":null,"ACTIVE":"1","STATUS_CD":"PE","PARAMCOUNT":0},{"SERVICE_TASK_QUEUE_ID":5751523,"SERVICE_TASK_ID":138,"SCHEDULE_DATE":"\/Date(1514005500000+0000)\/","PROCESS_DATE":null,"LOCKED":"0","THREAD_NO":null,"ACTIVE":"1","STATUS_CD":"PE","PARAMCOUNT":0},{"SERVICE_TASK_QUEUE_ID":5751556,"SERVICE_TASK_ID":4,"SCHEDULE_DATE":"\/Date(1514005260000+0000)\/","PROCESS_DATE":null,"LOCKED":"0","THREAD_NO":null,"ACTIVE":"1","STATUS_CD":"PE","PARAMCOUNT":0},{"SERVICE_TASK_QUEUE_ID":5751672,"SERVICE_TASK_ID":253,"SCHEDULE_DATE":"\/Date(1514005200000+0000)\/","PROCESS_DATE":null,"LOCKED":"0","THREAD_NO":null,"ACTIVE":"1","STATUS_CD":"PE","PARAMCOUNT":0},{"SERVICE_TASK_QUEUE_ID":5751658,"SERVICE_TASK_ID":252,"SCHEDULE_DATE":"\/Date(1514005200000+0000)\/","PROCESS_DATE":null,"LOCKED":"0","THREAD_NO":null,"ACTIVE":"1","STATUS_CD":"PE","PARAMCOUNT":0},{"SERVICE_TASK_QUEUE_ID":5751620,"SERVICE_TASK_ID":181,"SCHEDULE_DATE":"\/Date(1514005200000+0000)\/","PROCESS_DATE":null,"LOCKED":"0","THREAD_NO":null,"ACTIVE":"1","STATUS_CD":"PE","PARAMCOUNT":0},{"SERVICE_TASK_QUEUE_ID":5751517,"SERVICE_TASK_ID":237,"SCHEDULE_DATE":"\/Date(1514004900000+0000)\/","PROCESS_DATE":null,"LOCKED":"0","THREAD_NO":null,"ACTIVE":"1","STATUS_CD":"PE","PARAMCOUNT":0},{"SERVICE_TASK_QUEUE_ID":5751518,"SERVICE_TASK_ID":236,"SCHEDULE_DATE":"\/Date(1514004600000+0000)\/","PROCESS_DATE":null,"LOCKED":"0","THREAD_NO":null,"ACTIVE":"1","STATUS_CD":"PE","PARAMCOUNT":0},{"SERVICE_TASK_QUEUE_ID":5751520,"SERVICE_TASK_ID":234,"SCHEDULE_DATE":"\/Date(1514004600000+0000)\/","PROCESS_DATE":null,"LOCKED":"0","THREAD_NO":null,"ACTIVE":"1","STATUS_CD":"PE","PARAMCOUNT":0},{"SERVICE_TASK_QUEUE_ID":5751555,"SERVICE_TASK_ID":4,"SCHEDULE_DATE":"\/Date(1514004360000+0000)\/","PROCESS_DATE":null,"LOCKED":"0","THREAD_NO":null,"ACTIVE":"1","STATUS_CD":"PE","PARAMCOUNT":0},{"SERVICE_TASK_QUEUE_ID":5751519,"SERVICE_TASK_ID":235,"SCHEDULE_DATE":"\/Date(1514004000000+0000)\/","PROCESS_DATE":null,"LOCKED":"0","THREAD_NO":null,"ACTIVE":"1","STATUS_CD":"PE","PARAMCOUNT":0},{"SERVICE_TASK_QUEUE_ID":5751633,"SERVICE_TASK_ID":251,"SCHEDULE_DATE":"\/Date(1514004000000+0000)\/","PROCESS_DATE":null,"LOCKED":"0","THREAD_NO":null,"ACTIVE":"1","STATUS_CD":"PE","PARAMCOUNT":0},{"SERVICE_TASK_QUEUE_ID":5751554,"SERVICE_TASK_ID":4,"SCHEDULE_DATE":"\/Date(1514003460000+0000)\/","PROCESS_DATE":null,"LOCKED":"0","THREAD_NO":null,"ACTIVE":"1","STATUS_CD":"PE","PARAMCOUNT":0},{"SERVICE_TASK_QUEUE_ID":5751657,"SERVICE_TASK_ID":252,"SCHEDULE_DATE":"\/Date(1514003400000+0000)\/","PROCESS_DATE":null,"LOCKED":"0","THREAD_NO":null,"ACTIVE":"1","STATUS_CD":"PE","PARAMCOUNT":0},{"SERVICE_TASK_QUEUE_ID":5751462,"SERVICE_TASK_ID":223,"SCHEDULE_DATE":"\/Date(1514003400000+0000)\/","PROCESS_DATE":null,"LOCKED":"0","THREAD_NO":null,"ACTIVE":"1","STATUS_CD":"PE","PARAMCOUNT":0},{"SERVICE_TASK_QUEUE_ID":5751530,"SERVICE_TASK_ID":260,"SCHEDULE_DATE":"\/Date(1514003400000+0000)\/","PROCESS_DATE":null,"LOCKED":"0","THREAD_NO":null,"ACTIVE":"1","STATUS_CD":"PE","PARAMCOUNT":0},{"SERVICE_TASK_QUEUE_ID":5751602,"SERVICE_TASK_ID":96,"SCHEDULE_DATE":"\/Date(1514003100000+0000)\/","PROCESS_DATE":null,"LOCKED":"0","THREAD_NO":null,"ACTIVE":"1","STATUS_CD":"PE","PARAMCOUNT":0},{"SERVICE_TASK_QUEUE_ID":5751553,"SERVICE_TASK_ID":4,"SCHEDULE_DATE":"\/Date(1514002560000+0000)\/","PROCESS_DATE":null,"LOCKED":"0","THREAD_NO":null,"ACTIVE":"1","STATUS_CD":"PE","PARAMCOUNT":0},{"SERVICE_TASK_QUEUE_ID":5751464,"SERVICE_TASK_ID":220,"SCHEDULE_DATE":"\/Date(1514002500000+0000)\/","PROCESS_DATE":null,"LOCKED":"0","THREAD_NO":null,"ACTIVE":"1","STATUS_CD":"PE","PARAMCOUNT":0},{"SERVICE_TASK_QUEUE_ID":5748007,"SERVICE_TASK_ID":23,"SCHEDULE_DATE":"\/Date(1514002200000+0000)\/","PROCESS_DATE":null,"LOCKED":"0","THREAD_NO":null,"ACTIVE":"1","STATUS_CD":"PE","PARAMCOUNT":0},{"SERVICE_TASK_QUEUE_ID":5748009,"SERVICE_TASK_ID":24,"SCHEDULE_DATE":"\/Date(1514002200000+0000)\/","PROCESS_DATE":null,"LOCKED":"0","THREAD_NO":null,"ACTIVE":"1","STATUS_CD":"PE","PARAMCOUNT":0},{"SERVICE_TASK_QUEUE_ID":5748012,"SERVICE_TASK_ID":25,"SCHEDULE_DATE":"\/Date(1514002200000+0000)\/","PROCESS_DATE":null,"LOCKED":"0","THREAD_NO":null,"ACTIVE":"1","STATUS_CD":"PE","PARAMCOUNT":0},{"SERVICE_TASK_QUEUE_ID":5748013,"SERVICE_TASK_ID":22,"SCHEDULE_DATE":"\/Date(1514002200000+0000)\/","PROCESS_DATE":null,"LOCKED":"0","THREAD_NO":null,"ACTIVE":"1","STATUS_CD":"PE","PARAMCOUNT":0},{"SERVICE_TASK_QUEUE_ID":5751632,"SERVICE_TASK_ID":251,"SCHEDULE_DATE":"\/Date(1514002200000+0000)\/","PROCESS_DATE":null,"LOCKED":"0","THREAD_NO":null,"ACTIVE":"1","STATUS_CD":"PE","PARAMCOUNT":0},{"SERVICE_TASK_QUEUE_ID":5751552,"SERVICE_TASK_ID":4,"SCHEDULE_DATE":"\/Date(1514001660000+0000)\/","PROCESS_DATE":null,"LOCKED":"0","THREAD_NO":null,"ACTIVE":"1","STATUS_CD":"PE","PARAMCOUNT":0},{"SERVICE_TASK_QUEUE_ID":5751656,"SERVICE_TASK_ID":252,"SCHEDULE_DATE":"\/Date(1514001600000+0000)\/","PROCESS_DATE":null,"LOCKED":"0","THREAD_NO":null,"ACTIVE":"1","STATUS_CD":"PE","PARAMCOUNT":0},{"SERVICE_TASK_QUEUE_ID":5751465,"SERVICE_TASK_ID":219,"SCHEDULE_DATE":"\/Date(1514001600000+0000)\/","PROCESS_DATE":null,"LOCKED":"0","THREAD_NO":null,"ACTIVE":"1","STATUS_CD":"PE","PARAMCOUNT":0},{"SERVICE_TASK_QUEUE_ID":5751479,"SERVICE_TASK_ID":178,"SCHEDULE_DATE":"\/Date(1514001600000+0000)\/","PROCESS_DATE":null,"LOCKED":"0","THREAD_NO":null,"ACTIVE":"1","STATUS_CD":"PE","PARAMCOUNT":0},{"SERVICE_TASK_QUEUE_ID":5751480,"SERVICE_TASK_ID":177,"SCHEDULE_DATE":"\/Date(1514001000000+0000)\/","PROCESS_DATE":null,"LOCKED":"0","THREAD_NO":null,"ACTIVE":"1","STATUS_CD":"PE","PARAMCOUNT":0},{"SERVICE_TASK_QUEUE_ID":5751551,"SERVICE_TASK_ID":4,"SCHEDULE_DATE":"\/Date(1514000760000+0000)\/","PROCESS_DATE":null,"LOCKED":"0","THREAD_NO":null,"ACTIVE":"1","STATUS_CD":"PE","PARAMCOUNT":0},{"SERVICE_TASK_QUEUE_ID":5751466,"SERVICE_TASK_ID":218,"SCHEDULE_DATE":"\/Date(1514000700000+0000)\/","PROCESS_DATE":null,"LOCKED":"0","THREAD_NO":null,"ACTIVE":"1","STATUS_CD":"PE","PARAMCOUNT":0},{"SERVICE_TASK_QUEUE_ID":5751631,"SERVICE_TASK_ID":251,"SCHEDULE_DATE":"\/Date(1514000400000+0000)\/","PROCESS_DATE":null,"LOCKED":"0","THREAD_NO":null,"ACTIVE":"1","STATUS_CD":"PE","PARAMCOUNT":0},{"SERVICE_TASK_QUEUE_ID":5751481,"SERVICE_TASK_ID":176,"SCHEDULE_DATE":"\/Date(1514000400000+0000)\/","PROCESS_DATE":null,"LOCKED":"0","THREAD_NO":null,"ACTIVE":"1","STATUS_CD":"PE","PARAMCOUNT":0},{"SERVICE_TASK_QUEUE_ID":5751455,"SERVICE_TASK_ID":244,"SCHEDULE_DATE":"\/Date(1514000100000+0000)\/","PROCESS_DATE":null,"LOCKED":"0","THREAD_NO":null,"ACTIVE":"1","STATUS_CD":"PE","PARAMCOUNT":0},{"SERVICE_TASK_QUEUE_ID":5751550,"SERVICE_TASK_ID":4,"SCHEDULE_DATE":"\/Date(1513999860000+0000)\/","PROCESS_DATE":null,"LOCKED":"0","THREAD_NO":null,"ACTIVE":"1","STATUS_CD":"PE","PARAMCOUNT":0},{"SERVICE_TASK_QUEUE_ID":5751498,"SERVICE_TASK_ID":130,"SCHEDULE_DATE":"\/Date(1513999800000+0000)\/","PROCESS_DATE":null,"LOCKED":"0","THREAD_NO":null,"ACTIVE":"1","STATUS_CD":"PE","PARAMCOUNT":0},{"SERVICE_TASK_QUEUE_ID":5751655,"SERVICE_TASK_ID":252,"SCHEDULE_DATE":"\/Date(1513999800000+0000)\/","PROCESS_DATE":null,"LOCKED":"0","THREAD_NO":null,"ACTIVE":"1","STATUS_CD":"PE","PARAMCOUNT":0},{"SERVICE_TASK_QUEUE_ID":5751601,"SERVICE_TASK_ID":96,"SCHEDULE_DATE":"\/Date(1513999500000+0000)\/","PROCESS_DATE":null,"LOCKED":"0","THREAD_NO":null,"ACTIVE":"1","STATUS_CD":"PE","PARAMCOUNT":0},{"SERVICE_TASK_QUEUE_ID":5751549,"SERVICE_TASK_ID":4,"SCHEDULE_DATE":"\/Date(1513998960000+0000)\/","PROCESS_DATE":null,"LOCKED":"0","THREAD_NO":null,"ACTIVE":"1","STATUS_CD":"PE","PARAMCOUNT":0},{"SERVICE_TASK_QUEUE_ID":5751482,"SERVICE_TASK_ID":175,"SCHEDULE_DATE":"\/Date(1513998600000+0000)\/","PROCESS_DATE":null,"LOCKED":"0","THREAD_NO":null,"ACTIVE":"1","STATUS_CD":"PE","PARAMCOUNT":0},{"SERVICE_TASK_QUEUE_ID":5751630,"SERVICE_TASK_ID":251,"SCHEDULE_DATE":"\/Date(1513998600000+0000)\/","PROCESS_DATE":null,"LOCKED":"0","THREAD_NO":null,"ACTIVE":"1","STATUS_CD":"PE","PARAMCOUNT":0},{"SERVICE_TASK_QUEUE_ID":5751471,"SERVICE_TASK_ID":195,"SCHEDULE_DATE":"\/Date(1513998300000+0000)\/","PROCESS_DATE":null,"LOCKED":"0","THREAD_NO":null,"ACTIVE":"1","STATUS_CD":"PE","PARAMCOUNT":0},{"SERVICE_TASK_QUEUE_ID":5751548,"SERVICE_TASK_ID":4,"SCHEDULE_DATE":"\/Date(1513998060000+0000)\/","PROCESS_DATE":null,"LOCKED":"0","THREAD_NO":null,"ACTIVE":"1","STATUS_CD":"PE","PARAMCOUNT":0},{"SERVICE_TASK_QUEUE_ID":5751483,"SERVICE_TASK_ID":174,"SCHEDULE_DATE":"\/Date(1513998000000+0000)\/","PROCESS_DATE":null,"LOCKED":"0","THREAD_NO":null,"ACTIVE":"1","STATUS_CD":"PE","PARAMCOUNT":0},{"SERVICE_TASK_QUEUE_ID":5751496,"SERVICE_TASK_ID":132,"SCHEDULE_DATE":"\/Date(1513998000000+0000)\/","PROCESS_DATE":null,"LOCKED":"0","THREAD_NO":null,"ACTIVE":"1","STATUS_CD":"PE","PARAMCOUNT":0},{"SERVICE_TASK_QUEUE_ID":5751654,"SERVICE_TASK_ID":252,"SCHEDULE_DATE":"\/Date(1513998000000+0000)\/","PROCESS_DATE":null,"LOCKED":"0","THREAD_NO":null,"ACTIVE":"1","STATUS_CD":"PE","PARAMCOUNT":0},{"SERVICE_TASK_QUEUE_ID":5751484,"SERVICE_TASK_ID":173,"SCHEDULE_DATE":"\/Date(1513997400000+0000)\/","PROCESS_DATE":null,"LOCKED":"0","THREAD_NO":null,"ACTIVE":"1","STATUS_CD":"PE","PARAMCOUNT":0},{"SERVICE_TASK_QUEUE_ID":5751547,"SERVICE_TASK_ID":4,"SCHEDULE_DATE":"\/Date(1513997160000+0000)\/","PROCESS_DATE":null,"LOCKED":"0","THREAD_NO":null,"ACTIVE":"1","STATUS_CD":"PE","PARAMCOUNT":0},{"SERVICE_TASK_QUEUE_ID":5751499,"SERVICE_TASK_ID":129,"SCHEDULE_DATE":"\/Date(1513997100000+0000)\/","PROCESS_DATE":null,"LOCKED":"0","THREAD_NO":null,"ACTIVE":"1","STATUS_CD":"PE","PARAMCOUNT":0},{"SERVICE_TASK_QUEUE_ID":5751485,"SERVICE_TASK_ID":172,"SCHEDULE_DATE":"\/Date(1513996800000+0000)\/","PROCESS_DATE":null,"LOCKED":"0","THREAD_NO":null,"ACTIVE":"1","STATUS_CD":"PE","PARAMCOUNT":0},{"SERVICE_TASK_QUEUE_ID":5751629,"SERVICE_TASK_ID":251,"SCHEDULE_DATE":"\/Date(1513996800000+0000)\/","PROCESS_DATE":null,"LOCKED":"0","THREAD_NO":null,"ACTIVE":"1","STATUS_CD":"PE","PARAMCOUNT":0},{"SERVICE_TASK_QUEUE_ID":5751546,"SERVICE_TASK_ID":4,"SCHEDULE_DATE":"\/Date(1513996260000+0000)\/","PROCESS_DATE":null,"LOCKED":"0","THREAD_NO":null,"ACTIVE":"1","STATUS_CD":"PE","PARAMCOUNT":0},{"SERVICE_TASK_QUEUE_ID":5751653,"SERVICE_TASK_ID":252,"SCHEDULE_DATE":"\/Date(1513996200000+0000)\/","PROCESS_DATE":null,"LOCKED":"0","THREAD_NO":null,"ACTIVE":"1","STATUS_CD":"PE","PARAMCOUNT":0},{"SERVICE_TASK_QUEUE_ID":5751486,"SERVICE_TASK_ID":171,"SCHEDULE_DATE":"\/Date(1513996200000+0000)\/","PROCESS_DATE":null,"LOCKED":"0","THREAD_NO":null,"ACTIVE":"1","STATUS_CD":"PE","PARAMCOUNT":0},{"SERVICE_TASK_QUEUE_ID":5751500,"SERVICE_TASK_ID":128,"SCHEDULE_DATE":"\/Date(1513996200000+0000)\/","PROCESS_DATE":null,"LOCKED":"0","THREAD_NO":null,"ACTIVE":"1","STATUS_CD":"PE","PARAMCOUNT":0},{"SERVICE_TASK_QUEUE_ID":5751600,"SERVICE_TASK_ID":96,"SCHEDULE_DATE":"\/Date(1513995900000+0000)\/","PROCESS_DATE":null,"LOCKED":"0","THREAD_NO":null,"ACTIVE":"1","STATUS_CD":"PE","PARAMCOUNT":0},{"SERVICE_TASK_QUEUE_ID":5751545,"SERVICE_TASK_ID":4,"SCHEDULE_DATE":"\/Date(1513995360000+0000)\/","PROCESS_DATE":null,"LOCKED":"0","THREAD_NO":null,"ACTIVE":"1","STATUS_CD":"PE","PARAMCOUNT":0},{"SERVICE_TASK_QUEUE_ID":5751628,"SERVICE_TASK_ID":251,"SCHEDULE_DATE":"\/Date(1513995000000+0000)\/","PROCESS_DATE":null,"LOCKED":"0","THREAD_NO":null,"ACTIVE":"1","STATUS_CD":"PE","PARAMCOUNT":0},{"SERVICE_TASK_QUEUE_ID":5751458,"SERVICE_TASK_ID":239,"SCHEDULE_DATE":"\/Date(1513994700000+0000)\/","PROCESS_DATE":null,"LOCKED":"0","THREAD_NO":null,"ACTIVE":"1","STATUS_CD":"PE","PARAMCOUNT":0},{"SERVICE_TASK_QUEUE_ID":5751544,"SERVICE_TASK_ID":4,"SCHEDULE_DATE":"\/Date(1513994460000+0000)\/","PROCESS_DATE":null,"LOCKED":"0","THREAD_NO":null,"ACTIVE":"1","STATUS_CD":"PE","PARAMCOUNT":0},{"SERVICE_TASK_QUEUE_ID":5751652,"SERVICE_TASK_ID":252,"SCHEDULE_DATE":"\/Date(1513994400000+0000)\/","PROCESS_DATE":null,"LOCKED":"0","THREAD_NO":null,"ACTIVE":"1","STATUS_CD":"PE","PARAMCOUNT":0},{"SERVICE_TASK_QUEUE_ID":5751497,"SERVICE_TASK_ID":131,"SCHEDULE_DATE":"\/Date(1513994400000+0000)\/","PROCESS_DATE":null,"LOCKED":"0","THREAD_NO":null,"ACTIVE":"1","STATUS_CD":"PE","PARAMCOUNT":0},{"SERVICE_TASK_QUEUE_ID":5751543,"SERVICE_TASK_ID":4,"SCHEDULE_DATE":"\/Date(1513993560000+0000)\/","PROCESS_DATE":null,"LOCKED":"0","THREAD_NO":null,"ACTIVE":"1","STATUS_CD":"PE","PARAMCOUNT":0},{"SERVICE_TASK_QUEUE_ID":5751627,"SERVICE_TASK_ID":251,"SCHEDULE_DATE":"\/Date(1513993200000+0000)\/","PROCESS_DATE":null,"LOCKED":"0","THREAD_NO":null,"ACTIVE":"1","STATUS_CD":"PE","PARAMCOUNT":0},{"SERVICE_TASK_QUEUE_ID":5751487,"SERVICE_TASK_ID":170,"SCHEDULE_DATE":"\/Date(1513993200000+0000)\/","PROCESS_DATE":null,"LOCKED":"0","THREAD_NO":null,"ACTIVE":"1","STATUS_CD":"PE","PARAMCOUNT":0},{"SERVICE_TASK_QUEUE_ID":5751542,"SERVICE_TASK_ID":4,"SCHEDULE_DATE":"\/Date(1513992660000+0000)\/","PROCESS_DATE":null,"LOCKED":"0","THREAD_NO":null,"ACTIVE":"1","STATUS_CD":"PE","PARAMCOUNT":0},{"SERVICE_TASK_QUEUE_ID":5751651,"SERVICE_TASK_ID":252,"SCHEDULE_DATE":"\/Date(1513992600000+0000)\/","PROCESS_DATE":null,"LOCKED":"0","THREAD_NO":null,"ACTIVE":"1","STATUS_CD":"PE","PARAMCOUNT":0},{"SERVICE_TASK_QUEUE_ID":5751488,"SERVICE_TASK_ID":169,"SCHEDULE_DATE":"\/Date(1513992600000+0000)\/","PROCESS_DATE":null,"LOCKED":"0","THREAD_NO":null,"ACTIVE":"1","STATUS_CD":"PE","PARAMCOUNT":0},{"SERVICE_TASK_QUEUE_ID":5751599,"SERVICE_TASK_ID":96,"SCHEDULE_DATE":"\/Date(1513992300000+0000)\/","PROCESS_DATE":null,"LOCKED":"0","THREAD_NO":null,"ACTIVE":"1","STATUS_CD":"PE","PARAMCOUNT":0},{"SERVICE_TASK_QUEUE_ID":5751489,"SERVICE_TASK_ID":168,"SCHEDULE_DATE":"\/Date(1513992000000+0000)\/","PROCESS_DATE":null,"LOCKED":"0","THREAD_NO":null,"ACTIVE":"1","STATUS_CD":"PE","PARAMCOUNT":0},{"SERVICE_TASK_QUEUE_ID":5751490,"SERVICE_TASK_ID":167,"SCHEDULE_DATE":"\/Date(1513992000000+0000)\/","PROCESS_DATE":null,"LOCKED":"0","THREAD_NO":null,"ACTIVE":"1","STATUS_CD":"PE","PARAMCOUNT":0},{"SERVICE_TASK_QUEUE_ID":5751541,"SERVICE_TASK_ID":4,"SCHEDULE_DATE":"\/Date(1513991760000+0000)\/","PROCESS_DATE":null,"LOCKED":"0","THREAD_NO":null,"ACTIVE":"1","STATUS_CD":"PE","PARAMCOUNT":0},{"SERVICE_TASK_QUEUE_ID":5751626,"SERVICE_TASK_ID":251,"SCHEDULE_DATE":"\/Date(1513991400000+0000)\/","PROCESS_DATE":null,"LOCKED":"0","THREAD_NO":null,"ACTIVE":"1","STATUS_CD":"PE","PARAMCOUNT":0},{"SERVICE_TASK_QUEUE_ID":5751469,"SERVICE_TASK_ID":200,"SCHEDULE_DATE":"\/Date(1513991100000+0000)\/","PROCESS_DATE":null,"LOCKED":"0","THREAD_NO":null,"ACTIVE":"1","STATUS_CD":"PE","PARAMCOUNT":0},{"SERVICE_TASK_QUEUE_ID":5751493,"SERVICE_TASK_ID":164,"SCHEDULE_DATE":"\/Date(1513991100000+0000)\/","PROCESS_DATE":null,"LOCKED":"0","THREAD_NO":null,"ACTIVE":"1","STATUS_CD":"PE","PARAMCOUNT":0},{"SERVICE_TASK_QUEUE_ID":5751540,"SERVICE_TASK_ID":4,"SCHEDULE_DATE":"\/Date(1513990860000+0000)\/","PROCESS_DATE":null,"LOCKED":"0","THREAD_NO":null,"ACTIVE":"1","STATUS_CD":"PE","PARAMCOUNT":0},{"SERVICE_TASK_QUEUE_ID":5751650,"SERVICE_TASK_ID":252,"SCHEDULE_DATE":"\/Date(1513990800000+0000)\/","PROCESS_DATE":null,"LOCKED":"0","THREAD_NO":null,"ACTIVE":"1","STATUS_CD":"PE","PARAMCOUNT":0},{"SERVICE_TASK_QUEUE_ID":5751494,"SERVICE_TASK_ID":163,"SCHEDULE_DATE":"\/Date(1513990800000+0000)\/","PROCESS_DATE":null,"LOCKED":"0","THREAD_NO":null,"ACTIVE":"1","STATUS_CD":"PE","PARAMCOUNT":0},{"SERVICE_TASK_QUEUE_ID":5751478,"SERVICE_TASK_ID":179,"SCHEDULE_DATE":"\/Date(1513990800000+0000)\/","PROCESS_DATE":null,"LOCKED":"0","THREAD_NO":null,"ACTIVE":"1","STATUS_CD":"PE","PARAMCOUNT":0},{"SERVICE_TASK_QUEUE_ID":5751491,"SERVICE_TASK_ID":166,"SCHEDULE_DATE":"\/Date(1513990200000+0000)\/","PROCESS_DATE":null,"LOCKED":"0","THREAD_NO":null,"ACTIVE":"1","STATUS_CD":"PE","PARAMCOUNT":0},{"SERVICE_TASK_QUEUE_ID":5751529,"SERVICE_TASK_ID":266,"SCHEDULE_DATE":"\/Date(1513990200000+0000)\/","PROCESS_DATE":null,"LOCKED":"0","THREAD_NO":null,"ACTIVE":"1","STATUS_CD":"PE","PARAMCOUNT":0},{"SERVICE_TASK_QUEUE_ID":5751539,"SERVICE_TASK_ID":4,"SCHEDULE_DATE":"\/Date(1513989960000+0000)\/","PROCESS_DATE":null,"LOCKED":"0","THREAD_NO":null,"ACTIVE":"1","STATUS_CD":"PE","PARAMCOUNT":0},{"SERVICE_TASK_QUEUE_ID":5751492,"SERVICE_TASK_ID":165,"SCHEDULE_DATE":"\/Date(1513989600000+0000)\/","PROCESS_DATE":null,"LOCKED":"0","THREAD_NO":null,"ACTIVE":"1","STATUS_CD":"PE","PARAMCOUNT":0},{"SERVICE_TASK_QUEUE_ID":5751625,"SERVICE_TASK_ID":251,"SCHEDULE_DATE":"\/Date(1513989600000+0000)\/","PROCESS_DATE":null,"LOCKED":"0","THREAD_NO":null,"ACTIVE":"1","STATUS_CD":"PE","PARAMCOUNT":0},{"SERVICE_TASK_QUEUE_ID":5751538,"SERVICE_TASK_ID":4,"SCHEDULE_DATE":"\/Date(1513989060000+0000)\/","PROCESS_DATE":null,"LOCKED":"0","THREAD_NO":null,"ACTIVE":"1","STATUS_CD":"PE","PARAMCOUNT":0},{"SERVICE_TASK_QUEUE_ID":5751513,"SERVICE_TASK_ID":190,"SCHEDULE_DATE":"\/Date(1513989000000+0000)\/","PROCESS_DATE":null,"LOCKED":"0","THREAD_NO":null,"ACTIVE":"1","STATUS_CD":"PE","PARAMCOUNT":0},{"SERVICE_TASK_QUEUE_ID":5751457,"SERVICE_TASK_ID":242,"SCHEDULE_DATE":"\/Date(1513989000000+0000)\/","PROCESS_DATE":null,"LOCKED":"0","THREAD_NO":null,"ACTIVE":"1","STATUS_CD":"PE","PARAMCOUNT":0},{"SERVICE_TASK_QUEUE_ID":5751456,"SERVICE_TASK_ID":243,"SCHEDULE_DATE":"\/Date(1513989000000+0000)\/","PROCESS_DATE":null,"LOCKED":"0","THREAD_NO":null,"ACTIVE":"1","STATUS_CD":"PE","PARAMCOUNT":0},{"SERVICE_TASK_QUEUE_ID":5751649,"SERVICE_TASK_ID":252,"SCHEDULE_DATE":"\/Date(1513989000000+0000)\/","PROCESS_DATE":null,"LOCKED":"0","THREAD_NO":null,"ACTIVE":"1","STATUS_CD":"PE","PARAMCOUNT":0},{"SERVICE_TASK_QUEUE_ID":5751477,"SERVICE_TASK_ID":180,"SCHEDULE_DATE":"\/Date(1513988700000+0000)\/","PROCESS_DATE":null,"LOCKED":"0","THREAD_NO":null,"ACTIVE":"1","STATUS_CD":"PE","PARAMCOUNT":0},{"SERVICE_TASK_QUEUE_ID":5751598,"SERVICE_TASK_ID":96,"SCHEDULE_DATE":"\/Date(1513988700000+0000)\/","PROCESS_DATE":null,"LOCKED":"0","THREAD_NO":null,"ACTIVE":"1","STATUS_CD":"PE","PARAMCOUNT":0},{"SERVICE_TASK_QUEUE_ID":5750296,"SERVICE_TASK_ID":133,"SCHEDULE_DATE":"\/Date(1513988400000+0000)\/","PROCESS_DATE":null,"LOCKED":"0","THREAD_NO":null,"ACTIVE":"1","STATUS_CD":"PE","PARAMCOUNT":0},{"SERVICE_TASK_QUEUE_ID":5751452,"SERVICE_TASK_ID":248,"SCHEDULE_DATE":"\/Date(1513988400000+0000)\/","PROCESS_DATE":null,"LOCKED":"0","THREAD_NO":null,"ACTIVE":"1","STATUS_CD":"PE","PARAMCOUNT":0},{"SERVICE_TASK_QUEUE_ID":5751537,"SERVICE_TASK_ID":4,"SCHEDULE_DATE":"\/Date(1513988160000+0000)\/","PROCESS_DATE":null,"LOCKED":"0","THREAD_NO":null,"ACTIVE":"1","STATUS_CD":"PE","PARAMCOUNT":0},{"SERVICE_TASK_QUEUE_ID":5751533,"SERVICE_TASK_ID":70,"SCHEDULE_DATE":"\/Date(1513988100000+0000)\/","PROCESS_DATE":null,"LOCKED":"0","THREAD_NO":null,"ACTIVE":"1","STATUS_CD":"PE","PARAMCOUNT":0},{"SERVICE_TASK_QUEUE_ID":5751624,"SERVICE_TASK_ID":251,"SCHEDULE_DATE":"\/Date(1513987800000+0000)\/","PROCESS_DATE":null,"LOCKED":"0","THREAD_NO":null,"ACTIVE":"1","STATUS_CD":"PE","PARAMCOUNT":0},{"SERVICE_TASK_QUEUE_ID":5751514,"SERVICE_TASK_ID":193,"SCHEDULE_DATE":"\/Date(1513987500000+0000)\/","PROCESS_DATE":null,"LOCKED":"0","THREAD_NO":null,"ACTIVE":"1","STATUS_CD":"PE","PARAMCOUNT":0},{"SERVICE_TASK_QUEUE_ID":5751460,"SERVICE_TASK_ID":226,"SCHEDULE_DATE":"\/Date(1513987500000+0000)\/","PROCESS_DATE":null,"LOCKED":"0","THREAD_NO":null,"ACTIVE":"1","STATUS_CD":"PE","PARAMCOUNT":0},{"SERVICE_TASK_QUEUE_ID":5751528,"SERVICE_TASK_ID":294,"SCHEDULE_DATE":"\/Date(1513987500000+0000)\/","PROCESS_DATE":null,"LOCKED":"0","THREAD_NO":null,"ACTIVE":"1","STATUS_CD":"PE","PARAMCOUNT":0},{"SERVICE_TASK_QUEUE_ID":5751453,"SERVICE_TASK_ID":247,"SCHEDULE_DATE":"\/Date(1513987380000+0000)\/","PROCESS_DATE":null,"LOCKED":"0","THREAD_NO":null,"ACTIVE":"1","STATUS_CD":"PE","PARAMCOUNT":0},{"SERVICE_TASK_QUEUE_ID":5751596,"SERVICE_TASK_ID":293,"SCHEDULE_DATE":"\/Date(1513987260000+0000)\/","PROCESS_DATE":null,"LOCKED":"0","THREAD_NO":null,"ACTIVE":"1","STATUS_CD":"PE","PARAMCOUNT":0},{"SERVICE_TASK_QUEUE_ID":5751607,"SERVICE_TASK_ID":126,"SCHEDULE_DATE":"\/Date(1513987260000+0000)\/","PROCESS_DATE":null,"LOCKED":"0","THREAD_NO":null,"ACTIVE":"1","STATUS_CD":"PE","PARAMCOUNT":0},{"SERVICE_TASK_QUEUE_ID":5751613,"SERVICE_TASK_ID":160,"SCHEDULE_DATE":"\/Date(1513987260000+0000)\/","PROCESS_DATE":null,"LOCKED":"0","THREAD_NO":null,"ACTIVE":"1","STATUS_CD":"PE","PARAMCOUNT":0},{"SERVICE_TASK_QUEUE_ID":5751536,"SERVICE_TASK_ID":4,"SCHEDULE_DATE":"\/Date(1513987260000+0000)\/","PROCESS_DATE":null,"LOCKED":"0","THREAD_NO":null,"ACTIVE":"1","STATUS_CD":"PE","PARAMCOUNT":0},{"SERVICE_TASK_QUEUE_ID":5751525,"SERVICE_TASK_ID":206,"SCHEDULE_DATE":"\/Date(1513987260000+0000)\/","PROCESS_DATE":null,"LOCKED":"0","THREAD_NO":null,"ACTIVE":"1","STATUS_CD":"PE","PARAMCOUNT":0},{"SERVICE_TASK_QUEUE_ID":5751597,"SERVICE_TASK_ID":273,"SCHEDULE_DATE":"\/Date(1513987260000+0000)\/","PROCESS_DATE":null,"LOCKED":"0","THREAD_NO":null,"ACTIVE":"1","STATUS_CD":"PE","PARAMCOUNT":0},{"SERVICE_TASK_QUEUE_ID":5751648,"SERVICE_TASK_ID":252,"SCHEDULE_DATE":"\/Date(1513987200000+0000)\/","PROCESS_DATE":null,"LOCKED":"0","THREAD_NO":null,"ACTIVE":"1","STATUS_CD":"PE","PARAMCOUNT":0}]