[{"SERVICE_TASK_QUEUE_ID":5751648,"SERVICE_TASK_ID":252,"SCHEDULE_DATE":"\/Date(1513987200000+0000)\/","PROCESS_DATE":null,"LOCKED":"0","THREAD_NO":null,"ACTIVE":"1","STATUS_CD":"PE","PARAMCOUNT":0},{"SERVICE_TASK_QUEUE_ID":5751583,"SERVICE_TASK_ID":4,"SCHEDULE_DATE":"\/Date(1513986360000+0000)\/","PROCESS_DATE":null,"LOCKED":"0","THREAD_NO":null,"ACTIVE":"1","STATUS_CD":"PE","PARAMCOUNT":0},{"SERVICE_TASK_QUEUE_ID":5751647,"SERVICE_TASK_ID":251,"SCHEDULE_DATE":"\/Date(1513986000000+0000)\/","PROCESS_DATE":null,"LOCKED":"0","THREAD_NO":null,"ACTIVE":"1","STATUS_CD":"PE","PARAMCOUNT":0},{"SERVICE_TASK_QUEUE_ID":5751582,"SERVICE_TASK_ID":4,"SCHEDULE_DATE":"\/Date(1513985460000+0000)\/","PROCESS_DATE":null,"LOCKED":"0","THREAD_NO":null,"ACTIVE":"1","STATUS_CD":"PE","PARAMCOUNT":0},{"SERVICE_TASK_QUEUE_ID":5751495,"SERVICE_TASK_ID":205,"SCHEDULE_DATE":"\/Date(1513985400000+0000)\/","PROCESS_DATE":null,"LOCKED":"0","THREAD_NO":null,"ACTIVE":"1","STATUS_CD":"PE","PARAMCOUNT":0},{"SERVICE_TASK_QUEUE_ID":5751671,"SERVICE_TASK_ID":252,"SCHEDULE_DATE":"\/Date(1513985400000+0000)\/","PROCESS_DATE":null,"LOCKED":"0","THREAD_NO":null,"ACTIVE":"1","STATUS_CD":"PE","PARAMCOUNT":0},{"SERVICE_TASK_QUEUE_ID":5751581,"SERVICE_TASK_ID":4,"SCHEDULE_DATE":"\/Date(1513984560000+0000)\/","PROCESS_DATE":null,"LOCKED":"0","THREAD_NO":null,"ACTIVE":"1","STATUS_CD":"PE","PARAMCOUNT":0},{"SERVICE_TASK_QUEUE_ID":5751646,"SERVICE_TASK_ID":251,"SCHEDULE_DATE":"\/Date(1513984200000+0000)\/","PROCESS_DATE":null,"LOCKED":"0","THREAD_NO":null,"ACTIVE":"1","STATUS_CD":"PE","PARAMCOUNT":0},{"SERVICE_TASK_QUEUE_ID":5751580,"SERVICE_TASK_ID":4,"SCHEDULE_DATE":"\/Date(1513983660000+0000)\/","PROCESS_DATE":null,"LOCKED":"0","THREAD_NO":null,"ACTIVE":"1","STATUS_CD":"PE","PARAMCOUNT":0},{"SERVICE_TASK_QUEUE_ID":5751623,"SERVICE_TASK_ID":181,"SCHEDULE_DATE":"\/Date(1513983600000+0000)\/","PROCESS_DATE":null,"LOCKED":"0","THREAD_NO":null,"ACTIVE":"1","STATUS_CD":"PE","PARAMCOUNT":0},{"SERVICE_TASK_QUEUE_ID":5751675,"SERVICE_TASK_ID":253,"SCHEDULE_DATE":"\/Date(1513983600000+0000)\/","PROCESS_DATE":null,"LOCKED":"0","THREAD_NO":null,"ACTIVE":"1","STATUS_CD":"PE","PARAMCOUNT":0},{"SERVICE_TASK_QUEUE_ID":5751670,"SERVICE_TASK_ID":252,"SCHEDULE_DATE":"\/Date(1513983600000+0000)\/","PROCESS_DATE":null,"LOCKED":"0","THREAD_NO":null,"ACTIVE":"1","STATUS_CD":"PE","PARAMCOUNT":0},{"SERVICE_TASK_QUEUE_ID":5751579,"SERVICE_TASK_ID":4,"SCHEDULE_DATE":"\/Date(1513982760000+0000)\/","PROCESS_DATE":null,"LOCKED":"0","THREAD_NO":null,"ACTIVE":"1","STATUS_CD":"PE","PARAMCOUNT":0},{"SERVICE_TASK_QUEUE_ID":5751645,"SERVICE_TASK_ID":251,"SCHEDULE_DATE":"\/Date(1513982400000+0000)\/","PROCESS_DATE":null,"LOCKED":"0","THREAD_NO":null,"ACTIVE":"1","STATUS_CD":"PE","PARAMCOUNT":0},{"SERVICE_TASK_QUEUE_ID":5751578,"SERVICE_TASK_ID":4,"SCHEDULE_DATE":"\/Date(1513981860000+0000)\/","PROCESS_DATE":null,"LOCKED":"0","THREAD_NO":null,"ACTIVE":"1","STATUS_CD":"PE","PARAMCOUNT":0},{"SERVICE_TASK_QUEUE_ID":5751669,"SERVICE_TASK_ID":252,"SCHEDULE_DATE":"\/Date(1513981800000+0000)\/","PROCESS_DATE":null,"LOCKED":"0","THREAD_NO":null,"ACTIVE":"1","STATUS_CD":"PE","PARAMCOUNT":0},{"SERVICE_TASK_QUEUE_ID":5751577,"SERVICE_TASK_ID":4,"SCHEDULE_DATE":"\/Date(1513980960000+0000)\/","PROCESS_DATE":null,"LOCKED":"0","THREAD_NO":null,"ACTIVE":"1","STATUS_CD":"PE","PARAMCOUNT":0},{"SERVICE_TASK_QUEUE_ID":5751644,"SERVICE_TASK_ID":251,"SCHEDULE_DATE":"\/Date(1513980600000+0000)\/","PROCESS_DATE":null,"LOCKED":"0","THREAD_NO":null,"ACTIVE":"1","STATUS_CD":"PE","PARAMCOUNT":0},{"SERVICE_TASK_QUEUE_ID":5751576,"SERVICE_TASK_ID":4,"SCHEDULE_DATE":"\/Date(1513980060000+0000)\/","PROCESS_DATE":null,"LOCKED":"0","THREAD_NO":null,"ACTIVE":"1","STATUS_CD":"PE","PARAMCOUNT":0},{"SERVICE_TASK_QUEUE_ID":5751668,"SERVICE_TASK_ID":252,"SCHEDULE_DATE":"\/Date(1513980000000+0000)\/","PROCESS_DATE":null,"LOCKED":"0","THREAD_NO":null,"ACTIVE":"1","STATUS_CD":"PE","PARAMCOUNT":0},{"SERVICE_TASK_QUEUE_ID":5751575,"SERVICE_TASK_ID":4,"SCHEDULE_DATE":"\/Date(1513979160000+0000)\/","PROCESS_DATE":null,"LOCKED":"0","THREAD_NO":null,"ACTIVE":"1","STATUS_CD":"PE","PARAMCOUNT":0},{"SERVICE_TASK_QUEUE_ID":5751643,"SERVICE_TASK_ID":251,"SCHEDULE_DATE":"\/Date(1513978800000+0000)\/","PROCESS_DATE":null,"LOCKED":"0","THREAD_NO":null,"ACTIVE":"1","STATUS_CD":"PE","PARAMCOUNT":0},{"SERVICE_TASK_QUEUE_ID":5751574,"SERVICE_TASK_ID":4,"SCHEDULE_DATE":"\/Date(1513978260000+0000)\/","PROCESS_DATE":null,"LOCKED":"0","THREAD_NO":null,"ACTIVE":"1","STATUS_CD":"PE","PARAMCOUNT":0},{"SERVICE_TASK_QUEUE_ID":5751667,"SERVICE_TASK_ID":252,"SCHEDULE_DATE":"\/Date(1513978200000+0000)\/","PROCESS_DATE":null,"LOCKED":"0","THREAD_NO":null,"ACTIVE":"1","STATUS_CD":"PE","PARAMCOUNT":0},{"SERVICE_TASK_QUEUE_ID":5751573,"SERVICE_TASK_ID":4,"SCHEDULE_DATE":"\/Date(1513977360000+0000)\/","PROCESS_DATE":null,"LOCKED":"0","THREAD_NO":null,"ACTIVE":"1","STATUS_CD":"PE","PARAMCOUNT":0},{"SERVICE_TASK_QUEUE_ID":5751642,"SERVICE_TASK_ID":251,"SCHEDULE_DATE":"\/Date(1513977000000+0000)\/","PROCESS_DATE":null,"LOCKED":"0","THREAD_NO":null,"ACTIVE":"1","STATUS_CD":"PE","PARAMCOUNT":0},{"SERVICE_TASK_QUEUE_ID":5751572,"SERVICE_TASK_ID":4,"SCHEDULE_DATE":"\/Date(1513976460000+0000)\/","PROCESS_DATE":null,"LOCKED":"0","THREAD_NO":null,"ACTIVE":"1","STATUS_CD":"PE","PARAMCOUNT":0},{"SERVICE_TASK_QUEUE_ID":5751622,"SERVICE_TASK_ID":181,"SCHEDULE_DATE":"\/Date(1513976400000+0000)\/","PROCESS_DATE":null,"LOCKED":"0","THREAD_NO":null,"ACTIVE":"1","STATUS_CD":"PE","PARAMCOUNT":0},{"SERVICE_TASK_QUEUE_ID":5751674,"SERVICE_TASK_ID":253,"SCHEDULE_DATE":"\/Date(1513976400000+0000)\/","PROCESS_DATE":null,"LOCKED":"0","THREAD_NO":null,"ACTIVE":"1","STATUS_CD":"PE","PARAMCOUNT":0},{"SERVICE_TASK_QUEUE_ID":5751666,"SERVICE_TASK_ID":252,"SCHEDULE_DATE":"\/Date(1513976400000+0000)\/","PROCESS_DATE":null,"LOCKED":"0","THREAD_NO":null,"ACTIVE":"1","STATUS_CD":"PE","PARAMCOUNT":0},{"SERVICE_TASK_QUEUE_ID":5751105,"SERVICE_TASK_ID":1,"SCHEDULE_DATE":"\/Date(1513975920000+0000)\/","PROCESS_DATE":null,"LOCKED":"0","THREAD_NO":null,"ACTIVE":"1","STATUS_CD":"PE","PARAMCOUNT":0},{"SERVICE_TASK_QUEUE_ID":5751155,"SERVICE_TASK_ID":4,"SCHEDULE_DATE":"\/Date(1513975560000+0000)\/","PROCESS_DATE":null,"LOCKED":"0","THREAD_NO":null,"ACTIVE":"1","STATUS_CD":"PE","PARAMCOUNT":0},{"SERVICE_TASK_QUEUE_ID":5751419,"SERVICE_TASK_ID":251,"SCHEDULE_DATE":"\/Date(1513975200000+0000)\/","PROCESS_DATE":null,"LOCKED":"0","THREAD_NO":null,"ACTIVE":"1","STATUS_CD":"PE","PARAMCOUNT":0},{"SERVICE_TASK_QUEUE_ID":5751154,"SERVICE_TASK_ID":4,"SCHEDULE_DATE":"\/Date(1513974660000+0000)\/","PROCESS_DATE":null,"LOCKED":"0","THREAD_NO":null,"ACTIVE":"1","STATUS_CD":"PE","PARAMCOUNT":0},{"SERVICE_TASK_QUEUE_ID":5751443,"SERVICE_TASK_ID":252,"SCHEDULE_DATE":"\/Date(1513974600000+0000)\/","PROCESS_DATE":null,"LOCKED":"0","THREAD_NO":null,"ACTIVE":"1","STATUS_CD":"PE","PARAMCOUNT":0},{"SERVICE_TASK_QUEUE_ID":5751153,"SERVICE_TASK_ID":4,"SCHEDULE_DATE":"\/Date(1513973760000+0000)\/","PROCESS_DATE":null,"LOCKED":"0","THREAD_NO":null,"ACTIVE":"1","STATUS_CD":"PE","PARAMCOUNT":0},{"SERVICE_TASK_QUEUE_ID":5751418,"SERVICE_TASK_ID":251,"SCHEDULE_DATE":"\/Date(1513973400000+0000)\/","PROCESS_DATE":null,"LOCKED":"0","THREAD_NO":null,"ACTIVE":"1","STATUS_CD":"PE","PARAMCOUNT":0},{"SERVICE_TASK_QUEUE_ID":5751152,"SERVICE_TASK_ID":4,"SCHEDULE_DATE":"\/Date(1513972860000+0000)\/","PROCESS_DATE":null,"LOCKED":"0","THREAD_NO":null,"ACTIVE":"1","STATUS_CD":"PE","PARAMCOUNT":0},{"SERVICE_TASK_QUEUE_ID":5751104,"SERVICE_TASK_ID":229,"SCHEDULE_DATE":"\/Date(1513972800000+0000)\/","PROCESS_DATE":null,"LOCKED":"0","THREAD_NO":null,"ACTIVE":"1","STATUS_CD":"PE","PARAMCOUNT":0},{"SERVICE_TASK_QUEUE_ID":5751442,"SERVICE_TASK_ID":252,"SCHEDULE_DATE":"\/Date(1513972800000+0000)\/","PROCESS_DATE":null,"LOCKED":"0","THREAD_NO":null,"ACTIVE":"1","STATUS_CD":"PE","PARAMCOUNT":0},{"SERVICE_TASK_QUEUE_ID":5751151,"SERVICE_TASK_ID":4,"SCHEDULE_DATE":"\/Date(1513971960000+0000)\/","PROCESS_DATE":null,"LOCKED":"0","THREAD_NO":null,"ACTIVE":"1","STATUS_CD":"PE","PARAMCOUNT":0},{"SERVICE_TASK_QUEUE_ID":5751417,"SERVICE_TASK_ID":251,"SCHEDULE_DATE":"\/Date(1513971600000+0000)\/","PROCESS_DATE":null,"LOCKED":"0","THREAD_NO":null,"ACTIVE":"1","STATUS_CD":"PE","PARAMCOUNT":0},{"SERVICE_TASK_QUEUE_ID":5751150,"SERVICE_TASK_ID":4,"SCHEDULE_DATE":"\/Date(1513971060000+0000)\/","PROCESS_DATE":null,"LOCKED":"0","THREAD_NO":null,"ACTIVE":"1","STATUS_CD":"PE","PARAMCOUNT":0},{"SERVICE_TASK_QUEUE_ID":5751441,"SERVICE_TASK_ID":252,"SCHEDULE_DATE":"\/Date(1513971000000+0000)\/","PROCESS_DATE":null,"LOCKED":"0","THREAD_NO":null,"ACTIVE":"1","STATUS_CD":"PE","PARAMCOUNT":0},{"SERVICE_TASK_QUEUE_ID":5751149,"SERVICE_TASK_ID":4,"SCHEDULE_DATE":"\/Date(1513970160000+0000)\/","PROCESS_DATE":null,"LOCKED":"0","THREAD_NO":null,"ACTIVE":"1","STATUS_CD":"PE","PARAMCOUNT":0},{"SERVICE_TASK_QUEUE_ID":5751416,"SERVICE_TASK_ID":251,"SCHEDULE_DATE":"\/Date(1513969800000+0000)\/","PROCESS_DATE":null,"LOCKED":"0","THREAD_NO":null,"ACTIVE":"1","STATUS_CD":"PE","PARAMCOUNT":0},{"SERVICE_TASK_QUEUE_ID":5751098,"SERVICE_TASK_ID":249,"SCHEDULE_DATE":"\/Date(1513969500000+0000)\/","PROCESS_DATE":null,"LOCKED":"1","THREAD_NO":8010001,"ACTIVE":"1","STATUS_CD":"PE","PARAMCOUNT":0}]