[{"SERVICE_TASK_ID":16,"BINDING_NAME":"EventTriggerWorkItem","DESCRIPTION":"Daily event to get create work items for gone away users activated 2 days previous to task run date","ACTIVE":"0"},{"SERVICE_TASK_ID":17,"BINDING_NAME":"EventTriggerWorkItem","DESCRIPTION":"Monthly task to pick up users activated since last run but gone away.","ACTIVE":"0"},{"SERVICE_TASK_ID":18,"BINDING_NAME":"WebUserCreation","DESCRIPTION":"One off Simplified registration to register a scheme.","ACTIVE":"0"},{"SERVICE_TASK_ID":22,"BINDING_NAME":"Report","DESCRIPTION":"Common Data","ACTIVE":"1"},{"SERVICE_TASK_ID":25,"BINDING_NAME":"Report","DESCRIPTION":"Temporary Status Report","ACTIVE":"1"},{"SERVICE_TASK_ID":100,"BINDING_NAME":"SQLJob","DESCRIPTION":"AE Daily Error Report","ACTIVE":"0"},{"SERVICE_TASK_ID":14,"BINDING_NAME":"WebUserCreation","DESCRIPTION":"Registers user for web access - daily event to get users activated 2 days previous to task run date.","ACTIVE":"0"},{"SERVICE_TASK_ID":15,"BINDING_NAME":"WebUserCreation","DESCRIPTION":"Registers user for web access - monthly task to pick up users activated since last run.","ACTIVE":"0"},{"SERVICE_TASK_ID":27,"BINDING_NAME":"EventTriggerAEWorker","DESCRIPTION":"AE Worker Letter - Eligible Job Holder Postponement Notice","ACTIVE":"0"},{"SERVICE_TASK_ID":28,"BINDING_NAME":"EventTriggerAEWorker","DESCRIPTION":"AE Worker Letter - Non-Eligible Job Holder Postponement Notice","ACTIVE":"0"},{"SERVICE_TASK_ID":29,"BINDING_NAME":"EventTriggerAEWorker","DESCRIPTION":"AE Worker Letter - Entitled Worker Postponent Notice","ACTIVE":"0"},{"SERVICE_TASK_ID":30,"BINDING_NAME":"EventTriggerAEMemberWithFundInfo","DESCRIPTION":"AE Member Letter - EJH welcome confirmation (contract based) (Salary Sacrifice)","ACTIVE":"0"},{"SERVICE_TASK_ID":31,"BINDING_NAME":"EventTriggerAEMember","DESCRIPTION":"AE Member Letter - EJH welcome confirmation (trust based) (Salary Sacrifice)","ACTIVE":"0"},{"SERVICE_TASK_ID":33,"BINDING_NAME":"EventTriggerAEMember","DESCRIPTION":"AE Member Letter - EJH welcome confirmation (trust based) (No Salary Sacrifice)","ACTIVE":"0"},{"SERVICE_TASK_ID":34,"BINDING_NAME":"EventTriggerAEWorker","DESCRIPTION":"AE Worker Letter - NEJH notification","ACTIVE":"0"},{"SERVICE_TASK_ID":35,"BINDING_NAME":"EventTriggerAEWorker","DESCRIPTION":"AE Worker Letter - EW  notification","ACTIVE":"0"},{"SERVICE_TASK_ID":37,"BINDING_NAME":"EventTriggerAEMember","DESCRIPTION":"AE Member Letter - NEJH welcome confirmation (trust based) (Salary Sacrifice)","ACTIVE":"0"},{"SERVICE_TASK_ID":38,"BINDING_NAME":"EventTriggerAEMemberWithFundInfo","DESCRIPTION":"AE Member Letter - NEJH welcome confirmation (contract based) (No Salary Sacrifice)","ACTIVE":"0"},{"SERVICE_TASK_ID":41,"BINDING_NAME":"EventTriggerAEMember","DESCRIPTION":"AE Member Letter - EW welcome confirmation (trust based) (Salary Sacrifice)","ACTIVE":"0"},{"SERVICE_TASK_ID":42,"BINDING_NAME":"EventTriggerAEMemberWithFundInfo","DESCRIPTION":"AE Member Letter - EW welcome confirmation (contract based) (No Salary Sacrifice)","ACTIVE":"0"},{"SERVICE_TASK_ID":43,"BINDING_NAME":"EventTriggerAEMember","DESCRIPTION":"AE Member Letter - EW welcome confirmation (trust based) (No Salary Sacrifice)","ACTIVE":"0"},{"SERVICE_TASK_ID":44,"BINDING_NAME":"EventTriggerAEMember","DESCRIPTION":"AE Member Letter - Confirmation of Opt-out","ACTIVE":"1"},{"SERVICE_TASK_ID":74,"BINDING_NAME":"EventTriggerWorkItem","DESCRIPTION":"Entitled Worker Changes to NEJH","ACTIVE":"1"},{"SERVICE_TASK_ID":95,"BINDING_NAME":"EventTriggerWorkItem","DESCRIPTION":"Daily event to get people who have updated their TRA within the last however many days","ACTIVE":"0"},{"SERVICE_TASK_ID":1,"BINDING_NAME":"TaskScheduler","DESCRIPTION":"Component that manages the scheduling of tasks (including itself)","ACTIVE":"1"},{"SERVICE_TASK_ID":4,"BINDING_NAME":"Emailer","DESCRIPTION":"Component to send automated emails","ACTIVE":"1"},{"SERVICE_TASK_ID":24,"BINDING_NAME":"Report","DESCRIPTION":"Member Tracing Report","ACTIVE":"1"},{"SERVICE_TASK_ID":36,"BINDING_NAME":"EventTriggerAEMemberWithFundInfo","DESCRIPTION":"AE Member Letter - NEJH welcome confirmation (contract based) (Salary Sacrifice)","ACTIVE":"0"},{"SERVICE_TASK_ID":60,"BINDING_NAME":"EventTriggerCSV","DESCRIPTION":"Create new member DTM file from authorised AE file","ACTIVE":"1"},{"SERVICE_TASK_ID":75,"BINDING_NAME":"EventTriggerWorkItem","DESCRIPTION":"NEJH Changes to EJH","ACTIVE":"1"},{"SERVICE_TASK_ID":80,"BINDING_NAME":"OCPValAuth","DESCRIPTION":"OCP run stored procedure for validating the file.","ACTIVE":"1"},{"SERVICE_TASK_ID":19,"BINDING_NAME":"Report","DESCRIPTION":"Daily Errors","ACTIVE":"0"},{"SERVICE_TASK_ID":20,"BINDING_NAME":"Report","DESCRIPTION":"Monthly Errors By Work Type","ACTIVE":"0"},{"SERVICE_TASK_ID":21,"BINDING_NAME":"Report","DESCRIPTION":"Monthly Errors By User","ACTIVE":"0"},{"SERVICE_TASK_ID":26,"BINDING_NAME":"WebUserCreation","DESCRIPTION":"Weekend run of Simplified registration to pick up any that failed.","ACTIVE":"0"},{"SERVICE_TASK_ID":71,"BINDING_NAME":"SQLJob","DESCRIPTION":"Set OPT_OUT_DATE to OPTOUT_NOTICE_RECEIVED_DATE","ACTIVE":"1"},{"SERVICE_TASK_ID":70,"BINDING_NAME":"SQLJob","DESCRIPTION":"AE Setup Milestone Dates","ACTIVE":"1"},{"SERVICE_TASK_ID":73,"BINDING_NAME":"EventTriggerWorkItem","DESCRIPTION":"Entitled Worker Changes to EJH","ACTIVE":"1"},{"SERVICE_TASK_ID":23,"BINDING_NAME":"Report","DESCRIPTION":"Conditional Report","ACTIVE":"1"},{"SERVICE_TASK_ID":32,"BINDING_NAME":"EventTriggerAEMemberWithFundInfo","DESCRIPTION":"AE Member Letter - EJH welcome confirmation (contract based) (No Salary Sacrifice)","ACTIVE":"0"},{"SERVICE_TASK_ID":39,"BINDING_NAME":"EventTriggerAEMember","DESCRIPTION":"AE Member Letter - NEJH welcome confirmation (trust based) (No Salary Sacrifice)","ACTIVE":"0"},{"SERVICE_TASK_ID":40,"BINDING_NAME":"EventTriggerAEMemberWithFundInfo","DESCRIPTION":"AE Member Letter - EW welcome confirmation (contract based) (Salary Sacrifice)","ACTIVE":"0"},{"SERVICE_TASK_ID":63,"BINDING_NAME":"EventTriggerSaveOCPCSV","DESCRIPTION":"Reconstitute an OCP file out of database and save to a configured file loacation as a file again.","ACTIVE":"0"},{"SERVICE_TASK_ID":62,"BINDING_NAME":"EventTriggerWorkItem","DESCRIPTION":"Create work items for AE Opt Out members in a specified authorised file","ACTIVE":"1"},{"SERVICE_TASK_ID":76,"BINDING_NAME":"EventTriggerAESwitch","DESCRIPTION":"Moves AE members out of Cash investment group and creates a switch","ACTIVE":"1"},{"SERVICE_TASK_ID":81,"BINDING_NAME":"OCPValAuth","DESCRIPTION":"OCP run stored procedure for Authorising the file.","ACTIVE":"1"},{"SERVICE_TASK_ID":133,"BINDING_NAME":"DSSynch","DESCRIPTION":"Scheduled run of DS Synch","ACTIVE":"1"},{"SERVICE_TASK_ID":135,"BINDING_NAME":"eValueSynch","DESCRIPTION":"Scheduled run of eValue Synch","ACTIVE":"0"},{"SERVICE_TASK_ID":136,"BINDING_NAME":"SQLJob","DESCRIPTION":"FRS OCP Error Overnight Clean-up","ACTIVE":"1"},{"SERVICE_TASK_ID":149,"BINDING_NAME":"DataImport","DESCRIPTION":"Data Import Routine","ACTIVE":"1"},{"SERVICE_TASK_ID":229,"BINDING_NAME":"SQLJob","DESCRIPTION":"Allow access to Targetplan for registered members","ACTIVE":"1"},{"SERVICE_TASK_ID":5000018,"BINDING_NAME":"Not Implemented","DESCRIPTION":"EW Postponement Notice - Transferred in from another qualifying scheme","ACTIVE":"0"},{"SERVICE_TASK_ID":194,"BINDING_NAME":"SQLSPWithReporting","DESCRIPTION":"Member Scramble","ACTIVE":"1"},{"SERVICE_TASK_ID":101,"BINDING_NAME":"SQLJob","DESCRIPTION":"Issue Report","ACTIVE":"0"},{"SERVICE_TASK_ID":280,"BINDING_NAME":"EventTriggerMailMergeWithoutIllustration","DESCRIPTION":"Daily Accum Welcome Pack (Trust Based)","ACTIVE":"1"},{"SERVICE_TASK_ID":281,"BINDING_NAME":"EventTriggerMailMergeWithAccumIllustration","DESCRIPTION":"Daily Accum Welcome Pack (Contract Based)","ACTIVE":"1"},{"SERVICE_TASK_ID":5000017,"BINDING_NAME":"Not Implemented","DESCRIPTION":"NEJH Postponement Notice - Transferred in from another qualifying scheme","ACTIVE":"0"},{"SERVICE_TASK_ID":230,"BINDING_NAME":"SQLSPWithReporting","DESCRIPTION":"IMIS Process Performance and Behaviour","ACTIVE":"1"},{"SERVICE_TASK_ID":99,"BINDING_NAME":"SQLJob","DESCRIPTION":"AWD Work Creation Check","ACTIVE":"1"},{"SERVICE_TASK_ID":255,"BINDING_NAME":"SQLStoredProcJob","DESCRIPTION":"Authorise Bulk Switches","ACTIVE":"1"},{"SERVICE_TASK_ID":256,"BINDING_NAME":"SQLJob","DESCRIPTION":"Unchecked Switches Emailer - BlackRock and AON","ACTIVE":"1"},{"SERVICE_TASK_ID":257,"BINDING_NAME":"SQLJob","DESCRIPTION":"Unchecked Switches Emailer - Mobius and dcLink","ACTIVE":"1"},{"SERVICE_TASK_ID":259,"BINDING_NAME":"GnupgFileEncryptService","DESCRIPTION":"Scheduled run for File decryption","ACTIVE":"1"},{"SERVICE_TASK_ID":260,"BINDING_NAME":"SQLJob","DESCRIPTION":"Set Fund Change Request status to complete","ACTIVE":"1"},{"SERVICE_TASK_ID":293,"BINDING_NAME":"EventTriggerDrawdownWelcomePack","DESCRIPTION":"Once daily event to produce transfer-in letters","ACTIVE":"1"},{"SERVICE_TASK_ID":266,"BINDING_NAME":"EventTriggerMailMergeWithoutIllustration","DESCRIPTION":"Change TRA Confirmation Letter","ACTIVE":"1"},{"SERVICE_TASK_ID":267,"BINDING_NAME":"TransferFiles","DESCRIPTION":"Transfer CanonAuto and CanonAutoBRSP","ACTIVE":"0"},{"SERVICE_TASK_ID":5000016,"BINDING_NAME":"Not Implemented","DESCRIPTION":"EJH Postponement Notice - Transferred in from another qualifying scheme","ACTIVE":"0"},{"SERVICE_TASK_ID":202,"BINDING_NAME":"TransferFiles","DESCRIPTION":"Transfer Fund File","ACTIVE":"0"},{"SERVICE_TASK_ID":203,"BINDING_NAME":"TransferFiles","DESCRIPTION":"Transfer Scheme File","ACTIVE":"0"},{"SERVICE_TASK_ID":228,"BINDING_NAME":"SQLSPWithReporting","DESCRIPTION":"Email Sending for EJH\/NEJH\/EW cases for Locton","ACTIVE":"1"},{"SERVICE_TASK_ID":294,"BINDING_NAME":"SQLSPWithReporting","DESCRIPTION":"Update TransferIn Status","ACTIVE":"1"},{"SERVICE_TASK_ID":273,"BINDING_NAME":"EventTriggerDrawdownWelcomePack","DESCRIPTION":"Daily IO Decum Welcome Pack","ACTIVE":"1"},{"SERVICE_TASK_ID":137,"BINDING_NAME":"SQLJob","DESCRIPTION":"LCH - assign message to new Target Plan members","ACTIVE":"1"},{"SERVICE_TASK_ID":5000023,"BINDING_NAME":"Not Implemented","DESCRIPTION":"NEJH - Transferred in from another qualifying scheme","ACTIVE":"0"},{"SERVICE_TASK_ID":150,"BINDING_NAME":"SQLJob","DESCRIPTION":"Incentive Compensation Contribution - Assign Bloomberg Users to SingleContribution Message.","ACTIVE":"1"},{"SERVICE_TASK_ID":151,"BINDING_NAME":"SQLJob","DESCRIPTION":"Single Run Scheduled SQL Job","ACTIVE":"1"},{"SERVICE_TASK_ID":206,"BINDING_NAME":"BridgerDataExporterService","DESCRIPTION":"Data Export Job For Bridger Job","ACTIVE":"1"},{"SERVICE_TASK_ID":210,"BINDING_NAME":"SQLJob","DESCRIPTION":"Changing Your Contributions - Assign De La Rue Users to Change Contribution Message.","ACTIVE":"1"},{"SERVICE_TASK_ID":98,"BINDING_NAME":"SQLJob","DESCRIPTION":"Report, Checking Job - Submit Leaver Fund Switches for Balances and Elections","ACTIVE":"0"},{"SERVICE_TASK_ID":138,"BINDING_NAME":"SQLJob","DESCRIPTION":"PDI Member Password Expiring Email","ACTIVE":"1"},{"SERVICE_TASK_ID":5000021,"BINDING_NAME":"Not Implemented","DESCRIPTION":"Member - Transferred in from another qualifying scheme","ACTIVE":"0"},{"SERVICE_TASK_ID":231,"BINDING_NAME":"GnupgFileEncryptService","DESCRIPTION":"Scheduled run for File encyprtion","ACTIVE":"1"},{"SERVICE_TASK_ID":96,"BINDING_NAME":"ServerProcessKiller","DESCRIPTION":"Routine to kill processes that have been running too long on the server WCF runs on","ACTIVE":"1"},{"SERVICE_TASK_ID":232,"BINDING_NAME":"EventTriggerMailMergeWithoutIllustration","DESCRIPTION":"Retirement Notification Letters 6-0 Months","ACTIVE":"1"},{"SERVICE_TASK_ID":233,"BINDING_NAME":"EventTriggerWorkItem","DESCRIPTION":"Retirement Notification Work Items 6-0 Months","ACTIVE":"1"},{"SERVICE_TASK_ID":234,"BINDING_NAME":"EventTriggerMailMergeWithoutIllustration","DESCRIPTION":"Switch Confirmation Letter - IBMT","ACTIVE":"1"},{"SERVICE_TASK_ID":235,"BINDING_NAME":"EventTriggerMailMergeWithoutIllustration","DESCRIPTION":"Switch Confirmation Letter Non-IBMT","ACTIVE":"1"},{"SERVICE_TASK_ID":236,"BINDING_NAME":"EventTriggerMailMergeWithoutIllustration","DESCRIPTION":"Switch Confirmation Letter - Drawdown switches","ACTIVE":"1"},{"SERVICE_TASK_ID":237,"BINDING_NAME":"EventTriggerMailMergeWithoutIllustration","DESCRIPTION":"Switch Confirmation Letter - JMEPS","ACTIVE":"1"},{"SERVICE_TASK_ID":238,"BINDING_NAME":"SQLSPWithReporting","DESCRIPTION":"6 monthly Forthcoming Retirement Letter Failures","ACTIVE":"1"},{"SERVICE_TASK_ID":141,"BINDING_NAME":"SQLJob","DESCRIPTION":"PDI Member Set ForcePasswordReset","ACTIVE":"1"},{"SERVICE_TASK_ID":204,"BINDING_NAME":"TransferFiles","DESCRIPTION":"Transfer Aon Member File","ACTIVE":"0"},{"SERVICE_TASK_ID":211,"BINDING_NAME":"AWDRequestProcessorService","DESCRIPTION":"Job to process the AWD requests once in 5 seconds","ACTIVE":"1"},{"SERVICE_TASK_ID":193,"BINDING_NAME":"AonDataExporterService","DESCRIPTION":"Aon Data exporter to export data into csv file.","ACTIVE":"1"},{"SERVICE_TASK_ID":187,"BINDING_NAME":"PayrollMemberDataAdhocService","DESCRIPTION":"Payroll Member Data Extraction Only UFPLS and Smallpots for Activ8","ACTIVE":"1"},{"SERVICE_TASK_ID":188,"BINDING_NAME":"TransferFiles","DESCRIPTION":"Scheduled run for FileTransfer using windows account override","ACTIVE":"0"},{"SERVICE_TASK_ID":190,"BINDING_NAME":"TPEnrollment","DESCRIPTION":"Scheduled run for auto registration of AON members","ACTIVE":"1"},{"SERVICE_TASK_ID":102,"BINDING_NAME":"EventTriggerAEMemberWithFundInfo","DESCRIPTION":"AE Member Letter - EJH welcome (contract based) (Sal Sac) TargetPlan","ACTIVE":"1"},{"SERVICE_TASK_ID":103,"BINDING_NAME":"EventTriggerAEMember","DESCRIPTION":"AE Member Letter - EJH welcome (trust based) (Sal Sac) TargetPlan","ACTIVE":"1"},{"SERVICE_TASK_ID":104,"BINDING_NAME":"EventTriggerAEMemberWithFundInfo","DESCRIPTION":"AE Member Letter - EJH welcome (contract based) (No Sal Sac) TargetPlan","ACTIVE":"1"},{"SERVICE_TASK_ID":105,"BINDING_NAME":"EventTriggerAEMember","DESCRIPTION":"AE Member Letter - EJH welcome (trust based) (No Sal Sac) TargetPlan","ACTIVE":"1"},{"SERVICE_TASK_ID":106,"BINDING_NAME":"EventTriggerAEMemberWithFundInfo","DESCRIPTION":"AE Member Letter - NEJH welcome (contract based) (Sal Sac) TargetPlan","ACTIVE":"1"},{"SERVICE_TASK_ID":107,"BINDING_NAME":"EventTriggerAEMember","DESCRIPTION":"AE Member Letter - NEJH welcome (trust based) (Sal Sac) TargetPlan","ACTIVE":"1"},{"SERVICE_TASK_ID":108,"BINDING_NAME":"EventTriggerAEMemberWithFundInfo","DESCRIPTION":"AE Member Letter - NEJH welcome (contract based) (No Sal Sac) TargetPlan","ACTIVE":"1"},{"SERVICE_TASK_ID":109,"BINDING_NAME":"EventTriggerAEMember","DESCRIPTION":"AE Member Letter - NEJH welcome (trust based) (No Sal Sac) TargetPlan","ACTIVE":"1"},{"SERVICE_TASK_ID":110,"BINDING_NAME":"EventTriggerAEMemberWithFundInfo","DESCRIPTION":"AE Member Letter - EW welcome (contract based) (Sal Sac) TargetPlan","ACTIVE":"1"},{"SERVICE_TASK_ID":111,"BINDING_NAME":"EventTriggerAEMember","DESCRIPTION":"AE Member Letter - EW welcome (trust based) (Sal Sac) TargetPlan","ACTIVE":"1"},{"SERVICE_TASK_ID":112,"BINDING_NAME":"EventTriggerAEMemberWithFundInfo","DESCRIPTION":"AE Member Letter - EW welcome (contract based) (No Sal Sac) TargetPlan","ACTIVE":"1"},{"SERVICE_TASK_ID":113,"BINDING_NAME":"EventTriggerAEMember","DESCRIPTION":"AE Member Letter - EW welcome (trust based) (No Sal Sac) TargetPlan","ACTIVE":"1"},{"SERVICE_TASK_ID":114,"BINDING_NAME":"EventTriggerAEMemberWithFundInfo","DESCRIPTION":"AE Member Letter - EJH welcome (contract based) (Sal Sac) TargetPlan+myTarget","ACTIVE":"0"},{"SERVICE_TASK_ID":115,"BINDING_NAME":"EventTriggerAEMember","DESCRIPTION":"AE Member Letter - EJH welcome (trust based) (Sal Sac) TargetPlan+myTarget","ACTIVE":"0"},{"SERVICE_TASK_ID":116,"BINDING_NAME":"EventTriggerAEMemberWithFundInfo","DESCRIPTION":"AE Member Letter - EJH welcome (contract based) (No Sal Sac) TargetPlan+myTarget","ACTIVE":"0"},{"SERVICE_TASK_ID":117,"BINDING_NAME":"EventTriggerAEMember","DESCRIPTION":"AE Member Letter - EJH welcome (trust based) (No Sal Sac) TargetPlan+myTarget","ACTIVE":"0"},{"SERVICE_TASK_ID":118,"BINDING_NAME":"EventTriggerAEMemberWithFundInfo","DESCRIPTION":"AE Member Letter - NEJH welcome (contract based) (Sal Sac) TargetPlan+myTarget","ACTIVE":"0"},{"SERVICE_TASK_ID":119,"BINDING_NAME":"EventTriggerAEMember","DESCRIPTION":"AE Member Letter - NEJH welcome (trust based) (Sal Sac) TargetPlan+myTarget","ACTIVE":"0"},{"SERVICE_TASK_ID":120,"BINDING_NAME":"EventTriggerAEMemberWithFundInfo","DESCRIPTION":"AE Member Letter - NEJH welcome (contract based) (No Sal Sac) TargetPlan+myTarget","ACTIVE":"0"},{"SERVICE_TASK_ID":121,"BINDING_NAME":"EventTriggerAEMember","DESCRIPTION":"AE Member Letter - NEJH welcome (trust based) (No Sal Sac) TargetPlan+myTarget","ACTIVE":"0"},{"SERVICE_TASK_ID":122,"BINDING_NAME":"EventTriggerAEMemberWithFundInfo","DESCRIPTION":"AE Member Letter - EW welcome (contract based) (Sal Sac) TargetPlan+myTarget","ACTIVE":"0"},{"SERVICE_TASK_ID":123,"BINDING_NAME":"EventTriggerAEMember","DESCRIPTION":"AE Member Letter - EW welcome (trust based) (Sal Sac) TargetPlan+myTarget","ACTIVE":"0"},{"SERVICE_TASK_ID":124,"BINDING_NAME":"EventTriggerAEMemberWithFundInfo","DESCRIPTION":"AE Member Letter - EW welcome (contract based) (No Sal Sac) TargetPlan+myTarget","ACTIVE":"0"},{"SERVICE_TASK_ID":125,"BINDING_NAME":"EventTriggerAEMember","DESCRIPTION":"AE Member Letter - EW welcome (trust based) (No Sal Sac) TargetPlan+myTarget","ACTIVE":"0"},{"SERVICE_TASK_ID":128,"BINDING_NAME":"EventTriggerAEWorker","DESCRIPTION":"AE Worker Letter - EJH Postponement Notice - TargetPlan","ACTIVE":"1"},{"SERVICE_TASK_ID":129,"BINDING_NAME":"EventTriggerAEWorker","DESCRIPTION":"AE Worker Letter - NEJH Postponement Notice - TargetPlan","ACTIVE":"1"},{"SERVICE_TASK_ID":130,"BINDING_NAME":"EventTriggerAEWorker","DESCRIPTION":"AE Worker Letter - EW Postponement Notice - TargetPlan","ACTIVE":"1"},{"SERVICE_TASK_ID":131,"BINDING_NAME":"EventTriggerAEWorker","DESCRIPTION":"AE Worker Letter - NEJH Advice and Invitation to Opt-in - TargetPlan","ACTIVE":"1"},{"SERVICE_TASK_ID":132,"BINDING_NAME":"EventTriggerAEWorker","DESCRIPTION":"AE Worker Letter - EW Advice and Invitation to Join - TargetPlan","ACTIVE":"1"},{"SERVICE_TASK_ID":126,"BINDING_NAME":"AWDInflightSQLJob","DESCRIPTION":"Insert inflight transactions from the AWD database","ACTIVE":"1"},{"SERVICE_TASK_ID":127,"BINDING_NAME":"SQLStoredProcJob","DESCRIPTION":"Processing pending fund change request","ACTIVE":"1"},{"SERVICE_TASK_ID":152,"BINDING_NAME":"DataImport","DESCRIPTION":"Load Bulk Switch [RootFolderConfigKey: LoadBulkSwitch.Folder]","ACTIVE":"1"},{"SERVICE_TASK_ID":153,"BINDING_NAME":"SQLJob","DESCRIPTION":"Activate Bulk Lifestyle Switch","ACTIVE":"1"},{"SERVICE_TASK_ID":154,"BINDING_NAME":"EventTriggerMailMergeWithoutIllustration","DESCRIPTION":"Once daily event to produce drawdown out of money letters","ACTIVE":"0"},{"SERVICE_TASK_ID":207,"BINDING_NAME":"SQLSPWithReporting","DESCRIPTION":"AE Re-Enrolment","ACTIVE":"1"},{"SERVICE_TASK_ID":5000024,"BINDING_NAME":"AWDRequestProcessorService","DESCRIPTION":"Job to process the AWD requests","ACTIVE":"1"},{"SERVICE_TASK_ID":157,"BINDING_NAME":"CreateDecumAccount","DESCRIPTION":"Job to create decumulation accounts using Compassi","ACTIVE":"1"},{"SERVICE_TASK_ID":158,"BINDING_NAME":"DecumIllustration","DESCRIPTION":"Service to process illustration for Decum","ACTIVE":"1"},{"SERVICE_TASK_ID":159,"BINDING_NAME":"EventTriggerMailMergeWithIllustration","DESCRIPTION":"Once daily event to produce drawdown income change letters","ACTIVE":"0"},{"SERVICE_TASK_ID":160,"BINDING_NAME":"EventTriggerDrawdownWelcomePack","DESCRIPTION":"Once daily event to produce drawdown welcome pack letters","ACTIVE":"1"},{"SERVICE_TASK_ID":205,"BINDING_NAME":"SQLJob","DESCRIPTION":"Ae New Member - Populate Work Email","ACTIVE":"1"},{"SERVICE_TASK_ID":163,"BINDING_NAME":"EventTriggerMailMergeWithoutIllustration","DESCRIPTION":"Event to produce 16 years to retirement anniversary letters","ACTIVE":"1"},{"SERVICE_TASK_ID":164,"BINDING_NAME":"EventTriggerMailMergeWithoutIllustration","DESCRIPTION":"Event to produce 15 years to retirement anniversary letters","ACTIVE":"1"},{"SERVICE_TASK_ID":165,"BINDING_NAME":"EventTriggerMailMergeWithoutIllustration","DESCRIPTION":"Event to produce 14 years to retirement anniversary letters","ACTIVE":"1"},{"SERVICE_TASK_ID":166,"BINDING_NAME":"EventTriggerMailMergeWithoutIllustration","DESCRIPTION":"Event to produce 13 years to retirement anniversary letters","ACTIVE":"1"},{"SERVICE_TASK_ID":167,"BINDING_NAME":"EventTriggerMailMergeWithoutIllustration","DESCRIPTION":"Event to produce 12 years to retirement anniversary letters","ACTIVE":"1"},{"SERVICE_TASK_ID":168,"BINDING_NAME":"EventTriggerMailMergeWithoutIllustration","DESCRIPTION":"Event to produce 11 years to retirement anniversary letters","ACTIVE":"1"},{"SERVICE_TASK_ID":169,"BINDING_NAME":"EventTriggerMailMergeWithoutIllustration","DESCRIPTION":"Event to produce 10 years to retirement anniversary letters","ACTIVE":"1"},{"SERVICE_TASK_ID":170,"BINDING_NAME":"EventTriggerMailMergeWithoutIllustration","DESCRIPTION":"Event to produce 9 years to retirement anniversary letters","ACTIVE":"1"},{"SERVICE_TASK_ID":171,"BINDING_NAME":"EventTriggerMailMergeWithoutIllustration","DESCRIPTION":"Event to produce 8 years to retirement anniversary letters","ACTIVE":"1"},{"SERVICE_TASK_ID":172,"BINDING_NAME":"EventTriggerMailMergeWithoutIllustration","DESCRIPTION":"Event to produce 7 years to retirement anniversary letters","ACTIVE":"1"},{"SERVICE_TASK_ID":173,"BINDING_NAME":"EventTriggerMailMergeWithoutIllustration","DESCRIPTION":"Event to produce 6 years to retirement anniversary letters","ACTIVE":"1"},{"SERVICE_TASK_ID":174,"BINDING_NAME":"EventTriggerMailMergeWithoutIllustration","DESCRIPTION":"Event to produce 5 years to retirement anniversary letters","ACTIVE":"1"},{"SERVICE_TASK_ID":175,"BINDING_NAME":"EventTriggerMailMergeWithoutIllustration","DESCRIPTION":"Event to produce 4 years to retirement anniversary letters","ACTIVE":"1"},{"SERVICE_TASK_ID":176,"BINDING_NAME":"EventTriggerMailMergeWithoutIllustration","DESCRIPTION":"Event to produce 3 years to retirement anniversary letters","ACTIVE":"1"},{"SERVICE_TASK_ID":177,"BINDING_NAME":"EventTriggerMailMergeWithoutIllustration","DESCRIPTION":"Event to produce 2 years to retirement anniversary letters","ACTIVE":"1"},{"SERVICE_TASK_ID":178,"BINDING_NAME":"EventTriggerMailMergeWithoutIllustration","DESCRIPTION":"Event to produce 1 years to retirement anniversary letters","ACTIVE":"1"},{"SERVICE_TASK_ID":179,"BINDING_NAME":"ApplyRIAMemberDetail","DESCRIPTION":"Scheduled run for Decum account data population after RIA joining","ACTIVE":"1"},{"SERVICE_TASK_ID":180,"BINDING_NAME":"UKDCSynch","DESCRIPTION":"Scheduled run for scheme and fund file generation for UKDC","ACTIVE":"1"},{"SERVICE_TASK_ID":181,"BINDING_NAME":"BankAccntVerifnValidJob","DESCRIPTION":"ID3 Bank Account Verification and Validation","ACTIVE":"1"},{"SERVICE_TASK_ID":182,"BINDING_NAME":"EventTriggerMailMergeWithoutIllustration","DESCRIPTION":"Scheduled run for Bank Detail change letter generation","ACTIVE":"0"},{"SERVICE_TASK_ID":183,"BINDING_NAME":"PayrollMemberDataService","DESCRIPTION":"Payroll Member Data Extraction for Activ8","ACTIVE":"1"},{"SERVICE_TASK_ID":184,"BINDING_NAME":"PayrollPaymentDataService","DESCRIPTION":"Payroll Payment Data Extraction for Activ8","ACTIVE":"1"},{"SERVICE_TASK_ID":209,"BINDING_NAME":"EventTriggerAEMember","DESCRIPTION":"AE Member Re-Enrolment Letter - EJH welcome conf (trust based) (Sal Sac) TRUST","ACTIVE":"1"},{"SERVICE_TASK_ID":212,"BINDING_NAME":"EventTriggerAEMember","DESCRIPTION":"AE Member Re-Enrolment Letter - EJH welcome conf (trust based) (No Sal Sac) TRUST","ACTIVE":"1"},{"SERVICE_TASK_ID":213,"BINDING_NAME":"EventTriggerAEMember","DESCRIPTION":"AE Member Re-Enrolment Letter - EJH welcome conf (trust based) (No Sal Sac) MT","ACTIVE":"1"},{"SERVICE_TASK_ID":214,"BINDING_NAME":"EventTriggerAEMemberWithFundInfo","DESCRIPTION":"AE Member Re-Enrolment Letter - EJH welcome conf (contract based) (Sal Sac) TargetPlan MOBIUS","ACTIVE":"1"},{"SERVICE_TASK_ID":215,"BINDING_NAME":"EventTriggerAEMember","DESCRIPTION":"AE Member Re-Enrolment Letter - EJH welcome conf (trust based) (Sal Sac) TargetPlan","ACTIVE":"1"},{"SERVICE_TASK_ID":195,"BINDING_NAME":"VirusScanner","DESCRIPTION":"Scheduled run for VirusScanner","ACTIVE":"1"},{"SERVICE_TASK_ID":196,"BINDING_NAME":"SQLJob","DESCRIPTION":"Lock Admin User Account never logged in","ACTIVE":"1"},{"SERVICE_TASK_ID":198,"BINDING_NAME":"PlanMgrReportSchedulerService","DESCRIPTION":"Scheduled run for creating report instances data","ACTIVE":"1"},{"SERVICE_TASK_ID":199,"BINDING_NAME":"PlanMgrReportProcessorService","DESCRIPTION":"Scheduled run for Processing Plan Manager Report","ACTIVE":"1"},{"SERVICE_TASK_ID":200,"BINDING_NAME":"PlanMgrReportProcessorService","DESCRIPTION":"Scheduled run for dashboardReportgeneration","ACTIVE":"1"},{"SERVICE_TASK_ID":216,"BINDING_NAME":"EventTriggerAEMemberWithFundInfo","DESCRIPTION":"AE Member Re-Enrolment Letter - EJH welcome conf (contract based) (No Sal Sac) TP and MOBIUS","ACTIVE":"1"},{"SERVICE_TASK_ID":217,"BINDING_NAME":"EventTriggerAEMember","DESCRIPTION":"AE Member Re-Enrolment Letter - EJH welcome conf (trust based) (No Sal Sac) TargetPlan","ACTIVE":"1"},{"SERVICE_TASK_ID":218,"BINDING_NAME":"EventTriggerAEWorker","DESCRIPTION":"AE Worker Letter - EJH Advice Invitation To OptIn - Excluded Due To Protection - TargetPlan","ACTIVE":"1"},{"SERVICE_TASK_ID":219,"BINDING_NAME":"EventTriggerAEWorker","DESCRIPTION":"AE Worker Letter - EJH Advice Invitation To OptIn - OptedOut in Past 12 Months - TargetPlan","ACTIVE":"1"},{"SERVICE_TASK_ID":220,"BINDING_NAME":"EventTriggerAEWorker","DESCRIPTION":"AE Worker Letter - EW & NEJH Advice Invitation to OptIn - Excluded due to Protection - TargetPlan","ACTIVE":"1"},{"SERVICE_TASK_ID":225,"BINDING_NAME":"EventTriggerAEMemberWithFundInfo","DESCRIPTION":"AE Member Re-Enrolment Letter - EJH welcome conf (contract based) (No Salary Sacrifice)","ACTIVE":"1"},{"SERVICE_TASK_ID":223,"BINDING_NAME":"EventTriggerAEWorker","DESCRIPTION":"AE Worker Letter - EW & NEJH AdviceInvitation to OptIn - OptedOut in Past 12 Months - TargetPlan","ACTIVE":"1"},{"SERVICE_TASK_ID":224,"BINDING_NAME":"EventTriggerAEMemberWithFundInfo","DESCRIPTION":"AE Member Re-Enrolment Letter - EJH welcome conf (contract based) (Salary Sacrifice)","ACTIVE":"1"},{"SERVICE_TASK_ID":226,"BINDING_NAME":"AonDataExporterService","DESCRIPTION":"Aon Master Trust Data exporter to export data into csv file.","ACTIVE":"1"},{"SERVICE_TASK_ID":227,"BINDING_NAME":"EventTriggerAEMember","DESCRIPTION":"AE Member Re-Enrolment Letter - EJH welcome conf (trust based) (Sal Sac) MT","ACTIVE":"1"},{"SERVICE_TASK_ID":239,"BINDING_NAME":"DataExporter","DESCRIPTION":"Create daily data file for PEP and Sanctions checking","ACTIVE":"1"},{"SERVICE_TASK_ID":240,"BINDING_NAME":"DataExporter","DESCRIPTION":"Create monthly data file for PEP and Sanctions checking","ACTIVE":"1"},{"SERVICE_TASK_ID":241,"BINDING_NAME":"SQLSPWithReporting","DESCRIPTION":"Process OCP OptOut\/Leaver status changes","ACTIVE":"1"},{"SERVICE_TASK_ID":242,"BINDING_NAME":"EventTriggerWorkItem","DESCRIPTION":"Event Trigger for Refund Work Item","ACTIVE":"1"},{"SERVICE_TASK_ID":243,"BINDING_NAME":"EventTriggerWorkItem","DESCRIPTION":"Event Trigger for Scheme Leaver Work Item","ACTIVE":"1"},{"SERVICE_TASK_ID":244,"BINDING_NAME":"EventTriggerMailMergeWithoutIllustration","DESCRIPTION":"Scheme Leaver Letters Generation","ACTIVE":"1"},{"SERVICE_TASK_ID":245,"BINDING_NAME":"SQLSPWithReporting","DESCRIPTION":"Submit Leaver Fund Switches for Balances and Elections","ACTIVE":"1"},{"SERVICE_TASK_ID":246,"BINDING_NAME":"EventTriggerMailMergeWithoutIllustration","DESCRIPTION":"UFPLS Application Letter","ACTIVE":"1"},{"SERVICE_TASK_ID":247,"BINDING_NAME":"SQLJob","DESCRIPTION":"Cancel cash retirement option questionnaire","ACTIVE":"1"},{"SERVICE_TASK_ID":248,"BINDING_NAME":"SQLJob","DESCRIPTION":"UFPLS and Small Pot post processing - 1.MPAA  2.Cash Selection Status 3. Milestone delete","ACTIVE":"1"},{"SERVICE_TASK_ID":249,"BINDING_NAME":"SQLJob","DESCRIPTION":"Lifestyle Freeze Activities","ACTIVE":"1"},{"SERVICE_TASK_ID":250,"BINDING_NAME":"SQLJob","DESCRIPTION":"Lifestyle Unfreeze Activities","ACTIVE":"1"},{"SERVICE_TASK_ID":251,"BINDING_NAME":"SQLJob","DESCRIPTION":"Freeze activity - apply Compass Freeze to appropriate schemes","ACTIVE":"1"},{"SERVICE_TASK_ID":252,"BINDING_NAME":"SQLJob","DESCRIPTION":"Unfreeze activity - Cancel Compass Freeze to appropriate schemes","ACTIVE":"1"},{"SERVICE_TASK_ID":253,"BINDING_NAME":"PersonVerification","DESCRIPTION":"Experian Person Verification","ACTIVE":"1"},{"SERVICE_TASK_ID":254,"BINDING_NAME":"EventTriggerMailMergeWithoutIllustration","DESCRIPTION":"SmallPot Application Letter","ACTIVE":"1"}]