[{"STATIC_RESPONSE_GROUP_ID":29,"CODE":"SC14","SHORT_DESCRIPT":"Scenario 14 - AON Demo Acum","DESCRIPT":"Scenario 14 - Aon Acum LP"},{"STATIC_RESPONSE_GROUP_ID":30,"CODE":"SC15","SHORT_DESCRIPT":"Scenario 15 - AON Demo Decum","DESCRIPT":"Scenario 15 - Aon Decum TDF"},{"STATIC_RESPONSE_GROUP_ID":1,"CODE":"SC1","SHORT_DESCRIPT":"Scenario 1 - BLK Demo Data","DESCRIPT":"Scenario 1 - BLK. This is the dataset based upon the original member used for scripted demos in client test."},{"STATIC_RESPONSE_GROUP_ID":3,"CODE":"SC3","SHORT_DESCRIPT":"Scenario 3 - BLK Demo Data","DESCRIPT":"Scenario 3 - This is to show the accounts and transactions based on a lower salary"},{"STATIC_RESPONSE_GROUP_ID":9,"CODE":"SC9","SHORT_DESCRIPT":"Scenario 9 - BLK Demo Data For Accum to Group 9","DESCRIPT":"Scenario 9 - BLK. This is Accum account similar to scenario 1"},{"STATIC_RESPONSE_GROUP_ID":10,"CODE":"SC10","SHORT_DESCRIPT":"Scenario 10 - BLK Demo Data For Decum to Group 9","DESCRIPT":"Scenario 10 - BLK. This is Decum account corresponding to scenario 9"},{"STATIC_RESPONSE_GROUP_ID":41,"CODE":"SC16","SHORT_DESCRIPT":"Scenario 16 - Plan Manager Demo Account","DESCRIPT":"Scenario 16 - Plan Manager Demo Account for testing Plan Manager Report functionality"},{"STATIC_RESPONSE_GROUP_ID":43,"CODE":"SC18","SHORT_DESCRIPT":"Scenario 18 - AON MT Demo Decum","DESCRIPT":"Scenario 18 - LP with some serious contribution changes"},{"STATIC_RESPONSE_GROUP_ID":42,"CODE":"SC17","SHORT_DESCRIPT":"Scenario 17 - AON MT Demo Acum","DESCRIPT":"Scenario 17 - LP with some contribution changes new one"},{"STATIC_RESPONSE_GROUP_ID":21,"CODE":"SC2","SHORT_DESCRIPT":"Scenario 2 - IBMT","DESCRIPT":"Scenario 2 - MnB. This is to show IBMT Cases."},{"STATIC_RESPONSE_GROUP_ID":22,"CODE":"SC4","SHORT_DESCRIPT":"Scenario 4 - BLK Demo Data","DESCRIPT":"Scenario 4 - LP with some contribution changes"}]