[{"DOMAIN_NAME":"TARGETPLAN_DEMO_PARAM_NAME","DESCRIPT":"TargetPlan ISA Tab Hidden","DISABLE_CD":"0","REF_CD":"74","LINE_NO":"0","LONG_DESC":"<flagType name=\"TabIsaHidden\" valueSpecified=\"true\">false<\/flagType>","INTF_DESC":null},{"DOMAIN_NAME":"TARGETPLAN_DEMO_PARAM_NAME","DESCRIPT":"Product Value","DISABLE_CD":"1","REF_CD":"1","LINE_NO":"1","LONG_DESC":"Product","INTF_DESC":null},{"DOMAIN_NAME":"TARGETPLAN_DEMO_PARAM_NAME","DESCRIPT":"changeInvestment_freeStyle_viewAllFunds_link","DISABLE_CD":"0","REF_CD":"11","LINE_NO":"11","LONG_DESC":"<screenDetailType type=\"text\" id=\"changeInvestment_freeStyle_viewAllFunds_link\" \/>","INTF_DESC":null},{"DOMAIN_NAME":"TARGETPLAN_DEMO_PARAM_NAME","DESCRIPT":"contactUs_text_Email_afterLogin","DISABLE_CD":"0","REF_CD":"13","LINE_NO":"13","LONG_DESC":"#ContactEmail#","INTF_DESC":null},{"DOMAIN_NAME":"TARGETPLAN_DEMO_PARAM_NAME","DESCRIPT":"contactUs_text_Phone_afterLogin","DISABLE_CD":"0","REF_CD":"14","LINE_NO":"14","LONG_DESC":"#ContactPhone#","INTF_DESC":null},{"DOMAIN_NAME":"TARGETPLAN_DEMO_PARAM_NAME","DESCRIPT":"contactUs_text_Write_afterLogin","DISABLE_CD":"0","REF_CD":"15","LINE_NO":"15","LONG_DESC":"#ContactAddress#","INTF_DESC":null},{"DOMAIN_NAME":"TARGETPLAN_DEMO_PARAM_NAME","DESCRIPT":"contributionDetail_text_screenFooter","DISABLE_CD":"0","REF_CD":"16","LINE_NO":"16","LONG_DESC":"<screenDetailType type=\"text\" id=\"contributionDetail_text_screenFooter\" \/>","INTF_DESC":null},{"DOMAIN_NAME":"TARGETPLAN_DEMO_PARAM_NAME","DESCRIPT":"fundoverview_table_investmentOptionsText","DISABLE_CD":"0","REF_CD":"17","LINE_NO":"17","LONG_DESC":"<screenDetailType type=\"text\" id=\"fundoverview_table_investmentOptionsText\" \/>","INTF_DESC":null},{"DOMAIN_NAME":"TARGETPLAN_DEMO_PARAM_NAME","DESCRIPT":"home_text_planInfoUrl","DISABLE_CD":"0","REF_CD":"18","LINE_NO":"18","LONG_DESC":"<screenDetailType type=\"text\" id=\"home_text_planInfoUrl\" \/>","INTF_DESC":null},{"DOMAIN_NAME":"TARGETPLAN_DEMO_PARAM_NAME","DESCRIPT":"pensions_BlackRock_ContactAddress","DISABLE_CD":"0","REF_CD":"19","LINE_NO":"19","LONG_DESC":"<screenDetailType type=\"text\" id=\"pensions_BlackRock_ContactAddress\">BlackRock Pensions ESSC&lt;br\/&gt;P. O. Box 705&lt;br\/&gt;Peterborough&lt;br\/&gt;PE1 1ZL<\/screenDetailType>","INTF_DESC":null},{"DOMAIN_NAME":"TARGETPLAN_DEMO_PARAM_NAME","DESCRIPT":"Member Salary","DISABLE_CD":"0","REF_CD":"2","LINE_NO":"2","LONG_DESC":"999999.999","INTF_DESC":null},{"DOMAIN_NAME":"TARGETPLAN_DEMO_PARAM_NAME","DESCRIPT":"pensions_branding_2ndColour","DISABLE_CD":"0","REF_CD":"20","LINE_NO":"20","LONG_DESC":"pensions_branding_2ndColour\">#5FF5AA","INTF_DESC":null},{"DOMAIN_NAME":"TARGETPLAN_DEMO_PARAM_NAME","DESCRIPT":"pensions_branding_Footer1Color","DISABLE_CD":"0","REF_CD":"21","LINE_NO":"21","LONG_DESC":"pensions_branding_Footer1Color\">#ffffff","INTF_DESC":null},{"DOMAIN_NAME":"TARGETPLAN_DEMO_PARAM_NAME","DESCRIPT":"pensions_branding_Footer1TextColor","DISABLE_CD":"0","REF_CD":"22","LINE_NO":"22","LONG_DESC":"pensions_branding_Footer1TextColor\">#5e5e5e","INTF_DESC":null},{"DOMAIN_NAME":"TARGETPLAN_DEMO_PARAM_NAME","DESCRIPT":"pensions_branding_logo","DISABLE_CD":"0","REF_CD":"23","LINE_NO":"23","LONG_DESC":"pensions_branding_logo\">https:\/\/lwp.aegon.co.uk\/pdi\/\/Content\/Header\/blackrock.png","INTF_DESC":null},{"DOMAIN_NAME":"TARGETPLAN_DEMO_PARAM_NAME","DESCRIPT":"pensions_branding_PrimaryColor","DISABLE_CD":"0","REF_CD":"24","LINE_NO":"24","LONG_DESC":"pensions_branding_PrimaryColor\">#e45700","INTF_DESC":null},{"DOMAIN_NAME":"TARGETPLAN_DEMO_PARAM_NAME","DESCRIPT":"pensions_branding_PrismGraphicVisibility","DISABLE_CD":"0","REF_CD":"25","LINE_NO":"25","LONG_DESC":"pensions_branding_PrismGraphicVisibility\">1","INTF_DESC":null},{"DOMAIN_NAME":"TARGETPLAN_DEMO_PARAM_NAME","DESCRIPT":"pensions_branding_UserinfoBarColor1","DISABLE_CD":"0","REF_CD":"26","LINE_NO":"26","LONG_DESC":"pensions_branding_UserinfoBarColor1\">#1da4db","INTF_DESC":null},{"DOMAIN_NAME":"TARGETPLAN_DEMO_PARAM_NAME","DESCRIPT":"pensions_branding_UserinfoBarColor2","DISABLE_CD":"0","REF_CD":"27","LINE_NO":"27","LONG_DESC":"pensions_branding_UserinfoBarColor2\">#0b3c50","INTF_DESC":null},{"DOMAIN_NAME":"TARGETPLAN_DEMO_PARAM_NAME","DESCRIPT":"pensions_branding_UserinfoBarTextColor","DISABLE_CD":"0","REF_CD":"28","LINE_NO":"28","LONG_DESC":"pensions_branding_UserinfoBarTextColor\">#ffffff","INTF_DESC":null},{"DOMAIN_NAME":"TARGETPLAN_DEMO_PARAM_NAME","DESCRIPT":"pensions_friendlyName_freestyle","DISABLE_CD":"0","REF_CD":"29","LINE_NO":"29","LONG_DESC":"pensions_friendlyName_freestyle\">Self Select","INTF_DESC":null},{"DOMAIN_NAME":"TARGETPLAN_DEMO_PARAM_NAME","DESCRIPT":"pensions_friendlyName_lifePath","DISABLE_CD":"0","REF_CD":"30","LINE_NO":"30","LONG_DESC":"pensions_friendlyName_lifePath\">LifePath","INTF_DESC":null},{"DOMAIN_NAME":"TARGETPLAN_DEMO_PARAM_NAME","DESCRIPT":"pensions_friendlyName_lifestyle","DISABLE_CD":"0","REF_CD":"31","LINE_NO":"31","LONG_DESC":"pensions_friendlyName_lifestyle\">Lifestyle","INTF_DESC":null},{"DOMAIN_NAME":"TARGETPLAN_DEMO_PARAM_NAME","DESCRIPT":"pensions_friendlyName_salarySacrifice","DISABLE_CD":"0","REF_CD":"32","LINE_NO":"32","LONG_DESC":"pensions_friendlyName_salarySacrifice\">Salary Sacrifice","INTF_DESC":null},{"DOMAIN_NAME":"TARGETPLAN_DEMO_PARAM_NAME","DESCRIPT":"Scheme name","DISABLE_CD":"0","REF_CD":"34","LINE_NO":"34","LONG_DESC":"SCHEMEname","INTF_DESC":null},{"DOMAIN_NAME":"TARGETPLAN_DEMO_PARAM_NAME","DESCRIPT":"sendMessage_text_addressValue","DISABLE_CD":"0","REF_CD":"35","LINE_NO":"35","LONG_DESC":"<screenDetailType type=\"text\" id=\"sendMessage_text_addressValue\">BlackRock Pensions ESSC&lt;\/br&gt;\u000aP.O. Box 705&lt;\/br&gt;\u000aPeterborough&lt;\/br&gt;\u000aPE1 1ZL<\/screenDetailType>","INTF_DESC":null},{"DOMAIN_NAME":"TARGETPLAN_DEMO_PARAM_NAME","DESCRIPT":"sendMessage_text_heading_emailValue","DISABLE_CD":"0","REF_CD":"36","LINE_NO":"36","LONG_DESC":"sendMessage_text_heading_emailValue\">blackrock.pensionsuk@blackrock.com","INTF_DESC":null},{"DOMAIN_NAME":"TARGETPLAN_DEMO_PARAM_NAME","DESCRIPT":"sendMessage_text_heading_phoneNumberValue","DISABLE_CD":"0","REF_CD":"37","LINE_NO":"37","LONG_DESC":"sendMessage_text_heading_phoneNumberValue\">0845 601 7721 (between 09.00 and 17.00, Monday to Friday)","INTF_DESC":null},{"DOMAIN_NAME":"TARGETPLAN_DEMO_PARAM_NAME","DESCRIPT":"TargetPlan Permissions Change  Contributions","DISABLE_CD":"0","REF_CD":"40","LINE_NO":"40","LONG_DESC":"<flagType name=\"contributionsAmend\" valueSpecified=\"true\">true<\/flagType>","INTF_DESC":null},{"DOMAIN_NAME":"TARGETPLAN_DEMO_PARAM_NAME","DESCRIPT":"TargetPlan Permissions Change Funds","DISABLE_CD":"0","REF_CD":"41","LINE_NO":"41","LONG_DESC":"<flagType name=\"investmentsAmend\" valueSpecified=\"true\">true<\/flagType>","INTF_DESC":null},{"DOMAIN_NAME":"TARGETPLAN_DEMO_PARAM_NAME","DESCRIPT":"TargetPlan Permissions Contact Information","DISABLE_CD":"0","REF_CD":"42","LINE_NO":"42","LONG_DESC":"<flagType name=\"contactDetailsAmend\" valueSpecified=\"true\">true<\/flagType>","INTF_DESC":null},{"DOMAIN_NAME":"TARGETPLAN_DEMO_PARAM_NAME","DESCRIPT":"TargetPlan Permissions Personal Information","DISABLE_CD":"0","REF_CD":"43","LINE_NO":"43","LONG_DESC":"<flagType name=\"personalDetailsAmend\" valueSpecified=\"true\">true<\/flagType>","INTF_DESC":null},{"DOMAIN_NAME":"TARGETPLAN_DEMO_PARAM_NAME","DESCRIPT":"TargetPlan Permissions Modeller","DISABLE_CD":"0","REF_CD":"45","LINE_NO":"45","LONG_DESC":"<flagType name=\"modellerView\" valueSpecified=\"true\">true<\/flagType>","INTF_DESC":null},{"DOMAIN_NAME":"TARGETPLAN_DEMO_PARAM_NAME","DESCRIPT":"TargetPlan Hide Message Centre","DISABLE_CD":"0","REF_CD":"46","LINE_NO":"46","LONG_DESC":"<flagType name=\"MessageCentreHidden\" valueSpecified=\"true\">false<\/flagType>","INTF_DESC":null},{"DOMAIN_NAME":"TARGETPLAN_DEMO_PARAM_NAME","DESCRIPT":"TargetPlan Account Value Scenario 9","DISABLE_CD":"0","REF_CD":"47","LINE_NO":"47","LONG_DESC":"112829.43","INTF_DESC":null},{"DOMAIN_NAME":"TARGETPLAN_DEMO_PARAM_NAME","DESCRIPT":"Contribution Amount Scenario 9","DISABLE_CD":"0","REF_CD":"48","LINE_NO":"48","LONG_DESC":"1875","INTF_DESC":null},{"DOMAIN_NAME":"TARGETPLAN_DEMO_PARAM_NAME","DESCRIPT":"Decum Account No","DISABLE_CD":"0","REF_CD":"49","LINE_NO":"49","LONG_DESC":"A\/000000010","INTF_DESC":null},{"DOMAIN_NAME":"TARGETPLAN_DEMO_PARAM_NAME","DESCRIPT":"TargetPlan Show T and C","DISABLE_CD":"0","REF_CD":"50","LINE_NO":"50","LONG_DESC":"<flagType name=\"showT&amp;C\" valueSpecified=\"true\">true<\/flagType>","INTF_DESC":null},{"DOMAIN_NAME":"TARGETPLAN_DEMO_PARAM_NAME","DESCRIPT":"TargetPlan Show Sensitive Info","DISABLE_CD":"0","REF_CD":"51","LINE_NO":"51","LONG_DESC":"<flagType name=\"showSensitiveInfo\" valueSpecified=\"true\">true<\/flagType>","INTF_DESC":null},{"DOMAIN_NAME":"TARGETPLAN_DEMO_PARAM_NAME","DESCRIPT":"Account Value","DISABLE_CD":"0","REF_CD":"52","LINE_NO":"52","LONG_DESC":"888888.888","INTF_DESC":null},{"DOMAIN_NAME":"TARGETPLAN_DEMO_PARAM_NAME","DESCRIPT":"Pensions Essentials Hyperlink","DISABLE_CD":"0","REF_CD":"53","LINE_NO":"53","LONG_DESC":"<screenDetailType type=\"text\" id=\"Global_button_link_retirement_centre\" \/>","INTF_DESC":null},{"DOMAIN_NAME":"TARGETPLAN_DEMO_PARAM_NAME","DESCRIPT":"Provider Value","DISABLE_CD":"1","REF_CD":"54","LINE_NO":"54","LONG_DESC":"Provider","INTF_DESC":null},{"DOMAIN_NAME":"TARGETPLAN_DEMO_PARAM_NAME","DESCRIPT":"Accum AccountNo","DISABLE_CD":"0","REF_CD":"55","LINE_NO":"55","LONG_DESC":"A\/900000000","INTF_DESC":null},{"DOMAIN_NAME":"TARGETPLAN_DEMO_PARAM_NAME","DESCRIPT":"Aon Decum AccountNo","DISABLE_CD":"0","REF_CD":"56","LINE_NO":"56","LONG_DESC":"A\/000000030","INTF_DESC":null},{"DOMAIN_NAME":"TARGETPLAN_DEMO_PARAM_NAME","DESCRIPT":"Tab1","DISABLE_CD":"0","REF_CD":"57","LINE_NO":"57","LONG_DESC":"pensions_branding_accountValueTab1\">https:\/\/lwp.aegon.co.uk\/pdi\/\/Content\/Header\/635670226430554525_Tab_1.jpg","INTF_DESC":null},{"DOMAIN_NAME":"TARGETPLAN_DEMO_PARAM_NAME","DESCRIPT":"Tab2","DISABLE_CD":"0","REF_CD":"58","LINE_NO":"58","LONG_DESC":"pensions_branding_myPathTab2\">https:\/\/lwp.aegon.co.uk\/pdi\/\/Content\/Header\/635670226431164586_Tab_2.jpg","INTF_DESC":null},{"DOMAIN_NAME":"TARGETPLAN_DEMO_PARAM_NAME","DESCRIPT":"Tab3","DISABLE_CD":"0","REF_CD":"59","LINE_NO":"59","LONG_DESC":"pensions_branding_retirementEssentialsTab3\">https:\/\/lwp.aegon.co.uk\/pdi\/\/Content\/Header\/635670226431384608_Tab_3.jpg","INTF_DESC":null},{"DOMAIN_NAME":"TARGETPLAN_DEMO_PARAM_NAME","DESCRIPT":"Tab4","DISABLE_CD":"0","REF_CD":"60","LINE_NO":"60","LONG_DESC":"pensions_branding_retirementOptionsTab4\">https:\/\/lwp.aegon.co.uk\/pdi\/\/Content\/Header\/635670228862460783_Tab_4.jpg","INTF_DESC":null},{"DOMAIN_NAME":"TARGETPLAN_DEMO_PARAM_NAME","DESCRIPT":"Plan Manager Default Schemes - caseKey","DISABLE_CD":"0","REF_CD":"61","LINE_NO":"61","LONG_DESC":"<caseKey>0<\/caseKey>","INTF_DESC":null},{"DOMAIN_NAME":"TARGETPLAN_DEMO_PARAM_NAME","DESCRIPT":"Plan Manager Default Schemes - primary","DISABLE_CD":"0","REF_CD":"62","LINE_NO":"62","LONG_DESC":"<primary>false<\/primary>","INTF_DESC":null},{"DOMAIN_NAME":"TARGETPLAN_DEMO_PARAM_NAME","DESCRIPT":"Plan Manager Default Schemes - schemeName","DISABLE_CD":"0","REF_CD":"63","LINE_NO":"63","LONG_DESC":"<schemeName>Test<\/schemeName>","INTF_DESC":null},{"DOMAIN_NAME":"TARGETPLAN_DEMO_PARAM_NAME","DESCRIPT":"Plan Manager Default Schemes - schemeNo","DISABLE_CD":"0","REF_CD":"64","LINE_NO":"64","LONG_DESC":"<schemeNo>Test<\/schemeNo>","INTF_DESC":null},{"DOMAIN_NAME":"TARGETPLAN_DEMO_PARAM_NAME","DESCRIPT":"UserAuthentication Flag - ReportManagerDisable","DISABLE_CD":"0","REF_CD":"65","LINE_NO":"65","LONG_DESC":"<flagType name=\"ReportManagerDisable\" valueSpecified=\"true\">true<\/flagType>","INTF_DESC":null},{"DOMAIN_NAME":"TARGETPLAN_DEMO_PARAM_NAME","DESCRIPT":"Accum_modeller_permission","DISABLE_CD":"0","REF_CD":"66","LINE_NO":"66","LONG_DESC":"<flagType type=\"Hide\">Accum_modeller_permission<\/flagType>","INTF_DESC":null},{"DOMAIN_NAME":"TARGETPLAN_DEMO_PARAM_NAME","DESCRIPT":"Scheme Id","DISABLE_CD":"1","REF_CD":"67","LINE_NO":"67","LONG_DESC":"SchemeId","INTF_DESC":null},{"DOMAIN_NAME":"TARGETPLAN_DEMO_PARAM_NAME","DESCRIPT":"Investment Mbr Group Id","DISABLE_CD":"1","REF_CD":"68","LINE_NO":"68","LONG_DESC":"InvestmentMbrGrpId","INTF_DESC":null},{"DOMAIN_NAME":"TARGETPLAN_DEMO_PARAM_NAME","DESCRIPT":"Benefit Mbr Group Id","DISABLE_CD":"1","REF_CD":"69","LINE_NO":"69","LONG_DESC":"BenefitMbrGrpId","INTF_DESC":null},{"DOMAIN_NAME":"TARGETPLAN_DEMO_PARAM_NAME","DESCRIPT":"ER Contribution amount","DISABLE_CD":"0","REF_CD":"70","LINE_NO":"70","LONG_DESC":"1229.06<\/employerPound>","INTF_DESC":null},{"DOMAIN_NAME":"TARGETPLAN_DEMO_PARAM_NAME","DESCRIPT":"myPath DOB","DISABLE_CD":"0","REF_CD":"71","LINE_NO":"71","LONG_DESC":"<DoB>19550101<\/DoB>","INTF_DESC":null},{"DOMAIN_NAME":"TARGETPLAN_DEMO_PARAM_NAME","DESCRIPT":"mypath Account Value","DISABLE_CD":"0","REF_CD":"72","LINE_NO":"72","LONG_DESC":"<value>100000<\/value>","INTF_DESC":null},{"DOMAIN_NAME":"TARGETPLAN_DEMO_PARAM_NAME","DESCRIPT":"PlanType ID","DISABLE_CD":"1","REF_CD":"73","LINE_NO":"73","LONG_DESC":"PlanType","INTF_DESC":null},{"DOMAIN_NAME":"TARGETPLAN_DEMO_PARAM_NAME","DESCRIPT":"Whether ISA is WorkPlace Or Retireready","DISABLE_CD":"0","REF_CD":"75","LINE_NO":"75","LONG_DESC":"<flagType name=\"isRRISAMode\" valueSpecified=\"true\">false<\/flagType>","INTF_DESC":null},{"DOMAIN_NAME":"TARGETPLAN_DEMO_PARAM_NAME","DESCRIPT":"Whether WorkPlaceISA cont exists or not","DISABLE_CD":"0","REF_CD":"76","LINE_NO":"76","LONG_DESC":"<flagType name=\"WorkPlaceISAContExist\" valueSpecified=\"true\">false<\/flagType>","INTF_DESC":null},{"DOMAIN_NAME":"TARGETPLAN_DEMO_PARAM_NAME","DESCRIPT":"Whether WorkPlaceISA TnC to be shown or not","DISABLE_CD":"0","REF_CD":"77","LINE_NO":"77","LONG_DESC":"<flagType name=\"ShowWrPlcISATnC\" valueSpecified=\"true\">true<\/flagType>","INTF_DESC":null},{"DOMAIN_NAME":"TARGETPLAN_DEMO_PARAM_NAME","DESCRIPT":"Workplace ISA Account Value","DISABLE_CD":"0","REF_CD":"78","LINE_NO":"78","LONG_DESC":"WorkPlaceISA Balance Amount","INTF_DESC":null},{"DOMAIN_NAME":"UEXT_TRANS_DTL_FLAGS","DESCRIPT":"Defined Benefit present on individual transfers taking place","DISABLE_CD":"1","REF_CD":"defined_benefit_FLAG","LINE_NO":"1","LONG_DESC":null,"INTF_DESC":null},{"DOMAIN_NAME":"UEXT_TRANS_DTL_FLAGS","DESCRIPT":"Guaranteed Benefit present on individual transfers taking place","DISABLE_CD":"1","REF_CD":"guaranteed_benefit_FLAG","LINE_NO":"2","LONG_DESC":null,"INTF_DESC":null},{"DOMAIN_NAME":"UEXT_TRANS_DTL_FLAGS","DESCRIPT":"Advised Transfer In","DISABLE_CD":"1","REF_CD":"Advised_transfer_in_FLAG","LINE_NO":"3","LONG_DESC":null,"INTF_DESC":null}]