{
  "IsEventLogOn": "true",
  "ApplicationName": "Trading Performance Reporting",
  "BusinessDate": "16Jul2014",
  "WCFServiceAddress": "https://tpr.deva.am.ist.bp.com/TPR/TPR.Services.Host/",
  
  "TPRSuperUser": "TPR Super User",
  "TPRMarginManagement": "TPR Margin Management",
  "TPRRiskManagement": "TPR Risk Management",
  "TPRITSupport": "TPR IT&S Support",
  "TPRTableauAccess": "TPR Tableau Access",
  "TPRDataLoad": "TPR Data Load",
  "TPRDownstream": "TPR Downstream",
  "TPRSystemAdministrator": "TPR Super User"
}