{
  "project": {
    "version": "1.0.0-beta.28.3",
    "name": "tpr"
  },
  "apps": [
    {
      "root": "src",
      "outDir": "dist",
      "assets": [
        "assets",
        "settings",
        "app/images",
        "favicon.ico",
        "Spinner.gif",
        "Wedges.gif"     
      ],
      "index": "index.html",
      "main": "main.ts",
      "polyfills": "polyfills.ts",
      "test": "test.ts",
      "tsconfig": "tsconfig.json",
      "prefix": "app",
      "styles": [
        "../node_modules/semantic-ui-css/semantic.min.css",
        "../node_modules/primeng/resources/primeng.min.css",      
        "../node_modules/font-awesome/css/font-awesome.min.css", 
        "styles.css"      
      ],
      "scripts": [                 
            "../node_modules/circular-json/build/circular-json.js",       
            "../node_modules/x2js/x2js.js",
            "../node_modules/jquery/dist/jquery.min.js",
            "../node_modules/reflect-metadata/Reflect.js"        
      ],
      "environments": {
        "source": "environments/environment.ts",
        "dev": "environments/environment.ts",
        "prod": "environments/environment.prod.ts"
      }
    }
  ],
  "e2e": {
    "protractor": {
      "config": "./protractor.conf.js"
    }
  },
  "lint": [
    {
      "files": "src/**/*.ts",
      "project": "src/tsconfig.json"
    },
    {
      "files": "e2e/**/*.ts",
      "project": "e2e/tsconfig.json"
    }
  ],
  "test": {
    "karma": {
      "config": "./karma.conf.js"
    }
  },
  "defaults": {
    "styleExt": "css",
    "prefixInterfaces": false,
    "inline": {
      "style": false,
      "template": false
    },
    "spec": {
      "class": false,
      "component": true,
      "directive": true,
      "module": false,
      "pipe": true,
      "service": true
    }
  }
}
