[{"__symbolic":"module","version":3,"metadata":{"CALENDAR_VALUE_ACCESSOR":{"provide":{"__symbolic":"reference","module":"@angular/forms","name":"NG_VALUE_ACCESSOR"},"useExisting":{"__symbolic":"reference","name":"Calendar"},"multi":true},"CALENDAR_VALIDATOR":{"provide":{"__symbolic":"reference","module":"@angular/forms","name":"NG_VALIDATORS"},"useExisting":{"__symbolic":"reference","name":"Calendar"},"multi":true},"Calendar":{"__symbolic":"class","decorators":[{"__symbolic":"call","expression":{"__symbolic":"reference","module":"@angular/core","name":"Component"},"arguments":[{"selector":"p-calendar","template":"\n        <span [ngClass]=\"{'ui-calendar':true,'ui-calendar-w-btn':showIcon}\" [ngStyle]=\"style\" [class]=\"styleClass\">\n            <template [ngIf]=\"!inline\">\n                <input #inputfield type=\"text\" [attr.required]=\"required\" pInputText [value]=\"inputFieldValue\" (focus)=\"onInputFocus(inputfield, $event)\" (keydown)=\"onInputKeydown($event)\" (click)=\"closeOverlay=false\" (blur)=\"onInputBlur($event)\"\n                    [readonly]=\"readonlyInput\" (input)=\"onInput($event)\" [ngStyle]=\"inputStyle\" [class]=\"inputStyleClass\" [placeholder]=\"placeholder||''\" [disabled]=\"disabled\" [attr.tabindex]=\"tabindex\"\n                    ><button type=\"button\" [icon]=\"icon\" pButton *ngIf=\"showIcon\" (click)=\"onButtonClick($event,inputfield)\"\n                    [ngClass]=\"{'ui-datepicker-trigger':true,'ui-state-disabled':disabled}\" [disabled]=\"disabled\"></button>\n            </template>\n            <div #datepicker class=\"ui-datepicker ui-widget ui-widget-content ui-helper-clearfix ui-corner-all\" [ngClass]=\"{'ui-datepicker-inline':inline,'ui-shadow':!inline,'ui-state-disabled':disabled,'ui-datepicker-timeonly':timeOnly}\" \n                [ngStyle]=\"{'display': inline ? 'inline-block' : (overlayVisible ? 'block' : 'none')}\" (click)=\"onDatePickerClick($event)\" [@overlayState]=\"inline ? 'visible' : (overlayVisible ? 'visible' : 'hidden')\">\n\n                <div class=\"ui-datepicker-header ui-widget-header ui-helper-clearfix ui-corner-all\" *ngIf=\"!timeOnly && (overlayVisible || inline)\">\n                    <ng-content select=\"p-header\"></ng-content>\n                    <a class=\"ui-datepicker-prev ui-corner-all\" href=\"#\" (click)=\"prevMonth($event)\">\n                        <span class=\"fa fa-angle-left\"></span>\n                    </a>\n                    <a class=\"ui-datepicker-next ui-corner-all\" href=\"#\" (click)=\"nextMonth($event)\">\n                        <span class=\"fa fa-angle-right\"></span>\n                    </a>\n                    <div class=\"ui-datepicker-title\">\n                        <span class=\"ui-datepicker-month\" *ngIf=\"!monthNavigator\">{{currentMonthText}}</span>\n                        <select class=\"ui-datepicker-month\" *ngIf=\"monthNavigator\" (change)=\"onMonthDropdownChange($event.target.value)\">\n                            <option [value]=\"i\" *ngFor=\"let month of locale.monthNames;let i = index\" [selected]=\"i == currentMonth\">{{month}}</option>\n                        </select>\n                        <select class=\"ui-datepicker-year\" *ngIf=\"yearNavigator\" (change)=\"onYearDropdownChange($event.target.value)\">\n                            <option [value]=\"year\" *ngFor=\"let year of yearOptions\" [selected]=\"year == currentYear\">{{year}}</option>\n                        </select>\n                        <span class=\"ui-datepicker-year\" *ngIf=\"!yearNavigator\">{{currentYear}}</span>\n                    </div>\n                </div>\n                <table class=\"ui-datepicker-calendar\" *ngIf=\"!timeOnly && (overlayVisible || inline)\">\n                    <thead>\n                        <tr>\n                            <th scope=\"col\" *ngFor=\"let weekDay of weekDays;let begin = first; let end = last\">\n                                <span>{{weekDay}}</span>\n                            </th>\n                        </tr>\n                    </thead>\n                    <tbody>\n                        <tr *ngFor=\"let week of dates\">\n                            <td *ngFor=\"let date of week\" [ngClass]=\"{'ui-datepicker-other-month ui-state-disabled':date.otherMonth,\n                                'ui-datepicker-current-day':isSelected(date),'ui-datepicker-today':date.today}\">\n                                <a class=\"ui-state-default\" href=\"#\" *ngIf=\"date.otherMonth ? showOtherMonths : true\" \n                                    [ngClass]=\"{'ui-state-active':isSelected(date), 'ui-state-highlight':date.today,'ui-state-disabled':!date.selectable}\"\n                                    (click)=\"onDateSelect($event,date)\">{{date.day}}</a>\n                            </td>\n                        </tr>\n                    </tbody>\n                </table>\n                <div class=\"ui-timepicker ui-widget-header ui-corner-all\" *ngIf=\"showTime||timeOnly\">\n                    <div class=\"ui-hour-picker\">\n                        <a href=\"#\" (click)=\"incrementHour($event)\">\n                            <span class=\"fa fa-angle-up\"></span>\n                        </a>\n                        <span [ngStyle]=\"{'display': currentHour < 10 ? 'inline': 'none'}\">0</span><span>{{currentHour}}</span>\n                        <a href=\"#\" (click)=\"decrementHour($event)\">\n                            <span class=\"fa fa-angle-down\"></span>\n                        </a>\n                    </div>\n                    <div class=\"ui-separator\">\n                        <a href=\"#\">\n                            <span class=\"fa fa-angle-up\"></span>\n                        </a>\n                        <span>:</span>\n                        <a href=\"#\">\n                            <span class=\"fa fa-angle-down\"></span>\n                        </a>\n                    </div>\n                    <div class=\"ui-minute-picker\">\n                        <a href=\"#\" (click)=\"incrementMinute($event)\">\n                            <span class=\"fa fa-angle-up\"></span>\n                        </a>\n                        <span [ngStyle]=\"{'display': currentMinute < 10 ? 'inline': 'none'}\">0</span><span>{{currentMinute}}</span>\n                        <a href=\"#\" (click)=\"decrementMinute($event)\">\n                            <span class=\"fa fa-angle-down\"></span>\n                        </a>\n                    </div>\n                    <div class=\"ui-separator\" *ngIf=\"showSeconds\">\n                        <a href=\"#\">\n                            <span class=\"fa fa-angle-up\"></span>\n                        </a>\n                        <span>:</span>\n                        <a href=\"#\">\n                            <span class=\"fa fa-angle-down\"></span>\n                        </a>\n                    </div>\n                    <div class=\"ui-second-picker\" *ngIf=\"showSeconds\">\n                        <a href=\"#\" (click)=\"incrementSecond($event)\">\n                            <span class=\"fa fa-angle-up\"></span>\n                        </a>\n                        <span [ngStyle]=\"{'display': currentSecond < 10 ? 'inline': 'none'}\">0</span><span>{{currentSecond}}</span>\n                        <a href=\"#\" (click)=\"incrementSecond($event)\">\n                            <span class=\"fa fa-angle-down\"></span>\n                        </a>\n                    </div>\n                    <div class=\"ui-ampm-picker\" *ngIf=\"hourFormat=='12'\">\n                        <a href=\"#\" (click)=\"toggleAMPM($event)\">\n                            <span class=\"fa fa-angle-up\"></span>\n                        </a>\n                        <span>{{pm ? 'PM' : 'AM'}}</span>\n                        <a href=\"#\" (click)=\"toggleAMPM($event)\">\n                            <span class=\"fa fa-angle-down\"></span>\n                        </a>\n                    </div>\n                </div>\n                <ng-content select=\"p-footer\"></ng-content>\n            </div>\n        </span>\n    ","animations":[{"__symbolic":"call","expression":{"__symbolic":"reference","module":"@angular/core","name":"trigger"},"arguments":["overlayState",[{"__symbolic":"call","expression":{"__symbolic":"reference","module":"@angular/core","name":"state"},"arguments":["hidden",{"__symbolic":"call","expression":{"__symbolic":"reference","module":"@angular/core","name":"style"},"arguments":[{"opacity":0}]}]},{"__symbolic":"call","expression":{"__symbolic":"reference","module":"@angular/core","name":"state"},"arguments":["visible",{"__symbolic":"call","expression":{"__symbolic":"reference","module":"@angular/core","name":"style"},"arguments":[{"opacity":1}]}]},{"__symbolic":"call","expression":{"__symbolic":"reference","module":"@angular/core","name":"transition"},"arguments":["visible => hidden",{"__symbolic":"call","expression":{"__symbolic":"reference","module":"@angular/core","name":"animate"},"arguments":["400ms ease-in"]}]},{"__symbolic":"call","expression":{"__symbolic":"reference","module":"@angular/core","name":"transition"},"arguments":["hidden => visible",{"__symbolic":"call","expression":{"__symbolic":"reference","module":"@angular/core","name":"animate"},"arguments":["400ms ease-out"]}]}]]}],"host":{"[class.ui-inputwrapper-filled]":"filled","[class.ui-inputwrapper-focus]":"focus","$quoted$":["[class.ui-inputwrapper-filled]","[class.ui-inputwrapper-focus]"]},"providers":[{"__symbolic":"reference","module":"../dom/domhandler","name":"DomHandler"},{"__symbolic":"reference","name":"CALENDAR_VALUE_ACCESSOR"},{"__symbolic":"reference","name":"CALENDAR_VALIDATOR"}]}]}],"members":{"defaultDate":[{"__symbolic":"property","decorators":[{"__symbolic":"call","expression":{"__symbolic":"reference","module":"@angular/core","name":"Input"}}]}],"style":[{"__symbolic":"property","decorators":[{"__symbolic":"call","expression":{"__symbolic":"reference","module":"@angular/core","name":"Input"}}]}],"styleClass":[{"__symbolic":"property","decorators":[{"__symbolic":"call","expression":{"__symbolic":"reference","module":"@angular/core","name":"Input"}}]}],"inputStyle":[{"__symbolic":"property","decorators":[{"__symbolic":"call","expression":{"__symbolic":"reference","module":"@angular/core","name":"Input"}}]}],"inputStyleClass":[{"__symbolic":"property","decorators":[{"__symbolic":"call","expression":{"__symbolic":"reference","module":"@angular/core","name":"Input"}}]}],"placeholder":[{"__symbolic":"property","decorators":[{"__symbolic":"call","expression":{"__symbolic":"reference","module":"@angular/core","name":"Input"}}]}],"disabled":[{"__symbolic":"property","decorators":[{"__symbolic":"call","expression":{"__symbolic":"reference","module":"@angular/core","name":"Input"}}]}],"dateFormat":[{"__symbolic":"property","decorators":[{"__symbolic":"call","expression":{"__symbolic":"reference","module":"@angular/core","name":"Input"}}]}],"inline":[{"__symbolic":"property","decorators":[{"__symbolic":"call","expression":{"__symbolic":"reference","module":"@angular/core","name":"Input"}}]}],"showOtherMonths":[{"__symbolic":"property","decorators":[{"__symbolic":"call","expression":{"__symbolic":"reference","module":"@angular/core","name":"Input"}}]}],"selectOtherMonths":[{"__symbolic":"property","decorators":[{"__symbolic":"call","expression":{"__symbolic":"reference","module":"@angular/core","name":"Input"}}]}],"showIcon":[{"__symbolic":"property","decorators":[{"__symbolic":"call","expression":{"__symbolic":"reference","module":"@angular/core","name":"Input"}}]}],"icon":[{"__symbolic":"property","decorators":[{"__symbolic":"call","expression":{"__symbolic":"reference","module":"@angular/core","name":"Input"}}]}],"appendTo":[{"__symbolic":"property","decorators":[{"__symbolic":"call","expression":{"__symbolic":"reference","module":"@angular/core","name":"Input"}}]}],"readonlyInput":[{"__symbolic":"property","decorators":[{"__symbolic":"call","expression":{"__symbolic":"reference","module":"@angular/core","name":"Input"}}]}],"shortYearCutoff":[{"__symbolic":"property","decorators":[{"__symbolic":"call","expression":{"__symbolic":"reference","module":"@angular/core","name":"Input"}}]}],"monthNavigator":[{"__symbolic":"property","decorators":[{"__symbolic":"call","expression":{"__symbolic":"reference","module":"@angular/core","name":"Input"}}]}],"yearNavigator":[{"__symbolic":"property","decorators":[{"__symbolic":"call","expression":{"__symbolic":"reference","module":"@angular/core","name":"Input"}}]}],"yearRange":[{"__symbolic":"property","decorators":[{"__symbolic":"call","expression":{"__symbolic":"reference","module":"@angular/core","name":"Input"}}]}],"showTime":[{"__symbolic":"property","decorators":[{"__symbolic":"call","expression":{"__symbolic":"reference","module":"@angular/core","name":"Input"}}]}],"hourFormat":[{"__symbolic":"property","decorators":[{"__symbolic":"call","expression":{"__symbolic":"reference","module":"@angular/core","name":"Input"}}]}],"timeOnly":[{"__symbolic":"property","decorators":[{"__symbolic":"call","expression":{"__symbolic":"reference","module":"@angular/core","name":"Input"}}]}],"stepHour":[{"__symbolic":"property","decorators":[{"__symbolic":"call","expression":{"__symbolic":"reference","module":"@angular/core","name":"Input"}}]}],"stepMinute":[{"__symbolic":"property","decorators":[{"__symbolic":"call","expression":{"__symbolic":"reference","module":"@angular/core","name":"Input"}}]}],"stepSecond":[{"__symbolic":"property","decorators":[{"__symbolic":"call","expression":{"__symbolic":"reference","module":"@angular/core","name":"Input"}}]}],"showSeconds":[{"__symbolic":"property","decorators":[{"__symbolic":"call","expression":{"__symbolic":"reference","module":"@angular/core","name":"Input"}}]}],"required":[{"__symbolic":"property","decorators":[{"__symbolic":"call","expression":{"__symbolic":"reference","module":"@angular/core","name":"Input"}}]}],"showOnFocus":[{"__symbolic":"property","decorators":[{"__symbolic":"call","expression":{"__symbolic":"reference","module":"@angular/core","name":"Input"}}]}],"dataType":[{"__symbolic":"property","decorators":[{"__symbolic":"call","expression":{"__symbolic":"reference","module":"@angular/core","name":"Input"}}]}],"disabledDays":[{"__symbolic":"property","decorators":[{"__symbolic":"call","expression":{"__symbolic":"reference","module":"@angular/core","name":"Input"}}]}],"onFocus":[{"__symbolic":"property","decorators":[{"__symbolic":"call","expression":{"__symbolic":"reference","module":"@angular/core","name":"Output"}}]}],"onBlur":[{"__symbolic":"property","decorators":[{"__symbolic":"call","expression":{"__symbolic":"reference","module":"@angular/core","name":"Output"}}]}],"onSelect":[{"__symbolic":"property","decorators":[{"__symbolic":"call","expression":{"__symbolic":"reference","module":"@angular/core","name":"Output"}}]}],"locale":[{"__symbolic":"property","decorators":[{"__symbolic":"call","expression":{"__symbolic":"reference","module":"@angular/core","name":"Input"}}]}],"tabindex":[{"__symbolic":"property","decorators":[{"__symbolic":"call","expression":{"__symbolic":"reference","module":"@angular/core","name":"Input"}}]}],"overlayViewChild":[{"__symbolic":"property","decorators":[{"__symbolic":"call","expression":{"__symbolic":"reference","module":"@angular/core","name":"ViewChild"},"arguments":["datepicker"]}]}],"minDate":[{"__symbolic":"property","decorators":[{"__symbolic":"call","expression":{"__symbolic":"reference","module":"@angular/core","name":"Input"}}]}],"maxDate":[{"__symbolic":"property","decorators":[{"__symbolic":"call","expression":{"__symbolic":"reference","module":"@angular/core","name":"Input"}}]}],"__ctor__":[{"__symbolic":"constructor","parameters":[{"__symbolic":"reference","module":"@angular/core","name":"ElementRef"},{"__symbolic":"reference","module":"../dom/domhandler","name":"DomHandler"},{"__symbolic":"reference","module":"@angular/core","name":"Renderer"}]}],"ngOnInit":[{"__symbolic":"method"}],"ngAfterViewInit":[{"__symbolic":"method"}],"createMonth":[{"__symbolic":"method"}],"prevMonth":[{"__symbolic":"method"}],"nextMonth":[{"__symbolic":"method"}],"onDateSelect":[{"__symbolic":"method"}],"updateInputfield":[{"__symbolic":"method"}],"selectDate":[{"__symbolic":"method"}],"updateModel":[{"__symbolic":"method"}],"getFirstDayOfMonthIndex":[{"__symbolic":"method"}],"getDaysCountInMonth":[{"__symbolic":"method"}],"getDaysCountInPrevMonth":[{"__symbolic":"method"}],"getPreviousMonthAndYear":[{"__symbolic":"method"}],"getNextMonthAndYear":[{"__symbolic":"method"}],"getSundayIndex":[{"__symbolic":"method"}],"isSelected":[{"__symbolic":"method"}],"isToday":[{"__symbolic":"method"}],"isSelectable":[{"__symbolic":"method"}],"onInputFocus":[{"__symbolic":"method"}],"onInputBlur":[{"__symbolic":"method"}],"onButtonClick":[{"__symbolic":"method"}],"onInputKeydown":[{"__symbolic":"method"}],"onMonthDropdownChange":[{"__symbolic":"method"}],"onYearDropdownChange":[{"__symbolic":"method"}],"incrementHour":[{"__symbolic":"method"}],"decrementHour":[{"__symbolic":"method"}],"incrementMinute":[{"__symbolic":"method"}],"decrementMinute":[{"__symbolic":"method"}],"incrementSecond":[{"__symbolic":"method"}],"decrementSecond":[{"__symbolic":"method"}],"updateTime":[{"__symbolic":"method"}],"toggleAMPM":[{"__symbolic":"method"}],"onInput":[{"__symbolic":"method"}],"parseValueFromString":[{"__symbolic":"method"}],"populateTime":[{"__symbolic":"method"}],"updateUI":[{"__symbolic":"method"}],"onDatePickerClick":[{"__symbolic":"method"}],"showOverlay":[{"__symbolic":"method"}],"writeValue":[{"__symbolic":"method"}],"registerOnChange":[{"__symbolic":"method"}],"registerOnTouched":[{"__symbolic":"method"}],"setDisabledState":[{"__symbolic":"method"}],"formatDate":[{"__symbolic":"method"}],"formatTime":[{"__symbolic":"method"}],"parseTime":[{"__symbolic":"method"}],"parseDate":[{"__symbolic":"method"}],"daylightSavingAdjust":[{"__symbolic":"method"}],"updateFilledState":[{"__symbolic":"method"}],"bindDocumentClickListener":[{"__symbolic":"method"}],"unbindDocumentClickListener":[{"__symbolic":"method"}],"ngOnDestroy":[{"__symbolic":"method"}],"validate":[{"__symbolic":"method"}]}},"CalendarModule":{"__symbolic":"class","decorators":[{"__symbolic":"call","expression":{"__symbolic":"reference","module":"@angular/core","name":"NgModule"},"arguments":[{"imports":[{"__symbolic":"reference","module":"@angular/common","name":"CommonModule"},{"__symbolic":"reference","module":"../button/button","name":"ButtonModule"},{"__symbolic":"reference","module":"../inputtext/inputtext","name":"InputTextModule"}],"exports":[{"__symbolic":"reference","name":"Calendar"},{"__symbolic":"reference","module":"../button/button","name":"ButtonModule"},{"__symbolic":"reference","module":"../inputtext/inputtext","name":"InputTextModule"}],"declarations":[{"__symbolic":"reference","name":"Calendar"}]}]}]}}},{"__symbolic":"module","version":1,"metadata":{"CALENDAR_VALUE_ACCESSOR":{"provide":{"__symbolic":"reference","module":"@angular/forms","name":"NG_VALUE_ACCESSOR"},"useExisting":{"__symbolic":"reference","name":"Calendar"},"multi":true},"CALENDAR_VALIDATOR":{"provide":{"__symbolic":"reference","module":"@angular/forms","name":"NG_VALIDATORS"},"useExisting":{"__symbolic":"reference","name":"Calendar"},"multi":true},"Calendar":{"__symbolic":"class","decorators":[{"__symbolic":"call","expression":{"__symbolic":"reference","module":"@angular/core","name":"Component"},"arguments":[{"selector":"p-calendar","template":"\n        <span [ngClass]=\"{'ui-calendar':true,'ui-calendar-w-btn':showIcon}\" [ngStyle]=\"style\" [class]=\"styleClass\">\n            <template [ngIf]=\"!inline\">\n                <input #inputfield type=\"text\" [attr.required]=\"required\" pInputText [value]=\"inputFieldValue\" (focus)=\"onInputFocus(inputfield, $event)\" (keydown)=\"onInputKeydown($event)\" (click)=\"closeOverlay=false\" (blur)=\"onInputBlur($event)\"\n                    [readonly]=\"readonlyInput\" (input)=\"onInput($event)\" [ngStyle]=\"inputStyle\" [class]=\"inputStyleClass\" [placeholder]=\"placeholder||''\" [disabled]=\"disabled\" [attr.tabindex]=\"tabindex\"\n                    ><button type=\"button\" [icon]=\"icon\" pButton *ngIf=\"showIcon\" (click)=\"onButtonClick($event,inputfield)\"\n                    [ngClass]=\"{'ui-datepicker-trigger':true,'ui-state-disabled':disabled}\" [disabled]=\"disabled\"></button>\n            </template>\n            <div #datepicker class=\"ui-datepicker ui-widget ui-widget-content ui-helper-clearfix ui-corner-all\" [ngClass]=\"{'ui-datepicker-inline':inline,'ui-shadow':!inline,'ui-state-disabled':disabled,'ui-datepicker-timeonly':timeOnly}\" \n                [ngStyle]=\"{'display': inline ? 'inline-block' : (overlayVisible ? 'block' : 'none')}\" (click)=\"onDatePickerClick($event)\" [@overlayState]=\"inline ? 'visible' : (overlayVisible ? 'visible' : 'hidden')\">\n\n                <div class=\"ui-datepicker-header ui-widget-header ui-helper-clearfix ui-corner-all\" *ngIf=\"!timeOnly && (overlayVisible || inline)\">\n                    <ng-content select=\"p-header\"></ng-content>\n                    <a class=\"ui-datepicker-prev ui-corner-all\" href=\"#\" (click)=\"prevMonth($event)\">\n                        <span class=\"fa fa-angle-left\"></span>\n                    </a>\n                    <a class=\"ui-datepicker-next ui-corner-all\" href=\"#\" (click)=\"nextMonth($event)\">\n                        <span class=\"fa fa-angle-right\"></span>\n                    </a>\n                    <div class=\"ui-datepicker-title\">\n                        <span class=\"ui-datepicker-month\" *ngIf=\"!monthNavigator\">{{currentMonthText}}</span>\n                        <select class=\"ui-datepicker-month\" *ngIf=\"monthNavigator\" (change)=\"onMonthDropdownChange($event.target.value)\">\n                            <option [value]=\"i\" *ngFor=\"let month of locale.monthNames;let i = index\" [selected]=\"i == currentMonth\">{{month}}</option>\n                        </select>\n                        <select class=\"ui-datepicker-year\" *ngIf=\"yearNavigator\" (change)=\"onYearDropdownChange($event.target.value)\">\n                            <option [value]=\"year\" *ngFor=\"let year of yearOptions\" [selected]=\"year == currentYear\">{{year}}</option>\n                        </select>\n                        <span class=\"ui-datepicker-year\" *ngIf=\"!yearNavigator\">{{currentYear}}</span>\n                    </div>\n                </div>\n                <table class=\"ui-datepicker-calendar\" *ngIf=\"!timeOnly && (overlayVisible || inline)\">\n                    <thead>\n                        <tr>\n                            <th scope=\"col\" *ngFor=\"let weekDay of weekDays;let begin = first; let end = last\">\n                                <span>{{weekDay}}</span>\n                            </th>\n                        </tr>\n                    </thead>\n                    <tbody>\n                        <tr *ngFor=\"let week of dates\">\n                            <td *ngFor=\"let date of week\" [ngClass]=\"{'ui-datepicker-other-month ui-state-disabled':date.otherMonth,\n                                'ui-datepicker-current-day':isSelected(date),'ui-datepicker-today':date.today}\">\n                                <a class=\"ui-state-default\" href=\"#\" *ngIf=\"date.otherMonth ? showOtherMonths : true\" \n                                    [ngClass]=\"{'ui-state-active':isSelected(date), 'ui-state-highlight':date.today,'ui-state-disabled':!date.selectable}\"\n                                    (click)=\"onDateSelect($event,date)\">{{date.day}}</a>\n                            </td>\n                        </tr>\n                    </tbody>\n                </table>\n                <div class=\"ui-timepicker ui-widget-header ui-corner-all\" *ngIf=\"showTime||timeOnly\">\n                    <div class=\"ui-hour-picker\">\n                        <a href=\"#\" (click)=\"incrementHour($event)\">\n                            <span class=\"fa fa-angle-up\"></span>\n                        </a>\n                        <span [ngStyle]=\"{'display': currentHour < 10 ? 'inline': 'none'}\">0</span><span>{{currentHour}}</span>\n                        <a href=\"#\" (click)=\"decrementHour($event)\">\n                            <span class=\"fa fa-angle-down\"></span>\n                        </a>\n                    </div>\n                    <div class=\"ui-separator\">\n                        <a href=\"#\">\n                            <span class=\"fa fa-angle-up\"></span>\n                        </a>\n                        <span>:</span>\n                        <a href=\"#\">\n                            <span class=\"fa fa-angle-down\"></span>\n                        </a>\n                    </div>\n                    <div class=\"ui-minute-picker\">\n                        <a href=\"#\" (click)=\"incrementMinute($event)\">\n                            <span class=\"fa fa-angle-up\"></span>\n                        </a>\n                        <span [ngStyle]=\"{'display': currentMinute < 10 ? 'inline': 'none'}\">0</span><span>{{currentMinute}}</span>\n                        <a href=\"#\" (click)=\"decrementMinute($event)\">\n                            <span class=\"fa fa-angle-down\"></span>\n                        </a>\n                    </div>\n                    <div class=\"ui-separator\" *ngIf=\"showSeconds\">\n                        <a href=\"#\">\n                            <span class=\"fa fa-angle-up\"></span>\n                        </a>\n                        <span>:</span>\n                        <a href=\"#\">\n                            <span class=\"fa fa-angle-down\"></span>\n                        </a>\n                    </div>\n                    <div class=\"ui-second-picker\" *ngIf=\"showSeconds\">\n                        <a href=\"#\" (click)=\"incrementSecond($event)\">\n                            <span class=\"fa fa-angle-up\"></span>\n                        </a>\n                        <span [ngStyle]=\"{'display': currentSecond < 10 ? 'inline': 'none'}\">0</span><span>{{currentSecond}}</span>\n                        <a href=\"#\" (click)=\"incrementSecond($event)\">\n                            <span class=\"fa fa-angle-down\"></span>\n                        </a>\n                    </div>\n                    <div class=\"ui-ampm-picker\" *ngIf=\"hourFormat=='12'\">\n                        <a href=\"#\" (click)=\"toggleAMPM($event)\">\n                            <span class=\"fa fa-angle-up\"></span>\n                        </a>\n                        <span>{{pm ? 'PM' : 'AM'}}</span>\n                        <a href=\"#\" (click)=\"toggleAMPM($event)\">\n                            <span class=\"fa fa-angle-down\"></span>\n                        </a>\n                    </div>\n                </div>\n                <ng-content select=\"p-footer\"></ng-content>\n            </div>\n        </span>\n    ","animations":[{"__symbolic":"call","expression":{"__symbolic":"reference","module":"@angular/core","name":"trigger"},"arguments":["overlayState",[{"__symbolic":"call","expression":{"__symbolic":"reference","module":"@angular/core","name":"state"},"arguments":["hidden",{"__symbolic":"call","expression":{"__symbolic":"reference","module":"@angular/core","name":"style"},"arguments":[{"opacity":0}]}]},{"__symbolic":"call","expression":{"__symbolic":"reference","module":"@angular/core","name":"state"},"arguments":["visible",{"__symbolic":"call","expression":{"__symbolic":"reference","module":"@angular/core","name":"style"},"arguments":[{"opacity":1}]}]},{"__symbolic":"call","expression":{"__symbolic":"reference","module":"@angular/core","name":"transition"},"arguments":["visible => hidden",{"__symbolic":"call","expression":{"__symbolic":"reference","module":"@angular/core","name":"animate"},"arguments":["400ms ease-in"]}]},{"__symbolic":"call","expression":{"__symbolic":"reference","module":"@angular/core","name":"transition"},"arguments":["hidden => visible",{"__symbolic":"call","expression":{"__symbolic":"reference","module":"@angular/core","name":"animate"},"arguments":["400ms ease-out"]}]}]]}],"host":{"[class.ui-inputwrapper-filled]":"filled","[class.ui-inputwrapper-focus]":"focus"},"providers":[{"__symbolic":"reference","module":"../dom/domhandler","name":"DomHandler"},{"__symbolic":"reference","name":"CALENDAR_VALUE_ACCESSOR"},{"__symbolic":"reference","name":"CALENDAR_VALIDATOR"}]}]}],"members":{"defaultDate":[{"__symbolic":"property","decorators":[{"__symbolic":"call","expression":{"__symbolic":"reference","module":"@angular/core","name":"Input"}}]}],"style":[{"__symbolic":"property","decorators":[{"__symbolic":"call","expression":{"__symbolic":"reference","module":"@angular/core","name":"Input"}}]}],"styleClass":[{"__symbolic":"property","decorators":[{"__symbolic":"call","expression":{"__symbolic":"reference","module":"@angular/core","name":"Input"}}]}],"inputStyle":[{"__symbolic":"property","decorators":[{"__symbolic":"call","expression":{"__symbolic":"reference","module":"@angular/core","name":"Input"}}]}],"inputStyleClass":[{"__symbolic":"property","decorators":[{"__symbolic":"call","expression":{"__symbolic":"reference","module":"@angular/core","name":"Input"}}]}],"placeholder":[{"__symbolic":"property","decorators":[{"__symbolic":"call","expression":{"__symbolic":"reference","module":"@angular/core","name":"Input"}}]}],"disabled":[{"__symbolic":"property","decorators":[{"__symbolic":"call","expression":{"__symbolic":"reference","module":"@angular/core","name":"Input"}}]}],"dateFormat":[{"__symbolic":"property","decorators":[{"__symbolic":"call","expression":{"__symbolic":"reference","module":"@angular/core","name":"Input"}}]}],"inline":[{"__symbolic":"property","decorators":[{"__symbolic":"call","expression":{"__symbolic":"reference","module":"@angular/core","name":"Input"}}]}],"showOtherMonths":[{"__symbolic":"property","decorators":[{"__symbolic":"call","expression":{"__symbolic":"reference","module":"@angular/core","name":"Input"}}]}],"selectOtherMonths":[{"__symbolic":"property","decorators":[{"__symbolic":"call","expression":{"__symbolic":"reference","module":"@angular/core","name":"Input"}}]}],"showIcon":[{"__symbolic":"property","decorators":[{"__symbolic":"call","expression":{"__symbolic":"reference","module":"@angular/core","name":"Input"}}]}],"icon":[{"__symbolic":"property","decorators":[{"__symbolic":"call","expression":{"__symbolic":"reference","module":"@angular/core","name":"Input"}}]}],"appendTo":[{"__symbolic":"property","decorators":[{"__symbolic":"call","expression":{"__symbolic":"reference","module":"@angular/core","name":"Input"}}]}],"readonlyInput":[{"__symbolic":"property","decorators":[{"__symbolic":"call","expression":{"__symbolic":"reference","module":"@angular/core","name":"Input"}}]}],"shortYearCutoff":[{"__symbolic":"property","decorators":[{"__symbolic":"call","expression":{"__symbolic":"reference","module":"@angular/core","name":"Input"}}]}],"monthNavigator":[{"__symbolic":"property","decorators":[{"__symbolic":"call","expression":{"__symbolic":"reference","module":"@angular/core","name":"Input"}}]}],"yearNavigator":[{"__symbolic":"property","decorators":[{"__symbolic":"call","expression":{"__symbolic":"reference","module":"@angular/core","name":"Input"}}]}],"yearRange":[{"__symbolic":"property","decorators":[{"__symbolic":"call","expression":{"__symbolic":"reference","module":"@angular/core","name":"Input"}}]}],"showTime":[{"__symbolic":"property","decorators":[{"__symbolic":"call","expression":{"__symbolic":"reference","module":"@angular/core","name":"Input"}}]}],"hourFormat":[{"__symbolic":"property","decorators":[{"__symbolic":"call","expression":{"__symbolic":"reference","module":"@angular/core","name":"Input"}}]}],"timeOnly":[{"__symbolic":"property","decorators":[{"__symbolic":"call","expression":{"__symbolic":"reference","module":"@angular/core","name":"Input"}}]}],"stepHour":[{"__symbolic":"property","decorators":[{"__symbolic":"call","expression":{"__symbolic":"reference","module":"@angular/core","name":"Input"}}]}],"stepMinute":[{"__symbolic":"property","decorators":[{"__symbolic":"call","expression":{"__symbolic":"reference","module":"@angular/core","name":"Input"}}]}],"stepSecond":[{"__symbolic":"property","decorators":[{"__symbolic":"call","expression":{"__symbolic":"reference","module":"@angular/core","name":"Input"}}]}],"showSeconds":[{"__symbolic":"property","decorators":[{"__symbolic":"call","expression":{"__symbolic":"reference","module":"@angular/core","name":"Input"}}]}],"required":[{"__symbolic":"property","decorators":[{"__symbolic":"call","expression":{"__symbolic":"reference","module":"@angular/core","name":"Input"}}]}],"showOnFocus":[{"__symbolic":"property","decorators":[{"__symbolic":"call","expression":{"__symbolic":"reference","module":"@angular/core","name":"Input"}}]}],"dataType":[{"__symbolic":"property","decorators":[{"__symbolic":"call","expression":{"__symbolic":"reference","module":"@angular/core","name":"Input"}}]}],"disabledDays":[{"__symbolic":"property","decorators":[{"__symbolic":"call","expression":{"__symbolic":"reference","module":"@angular/core","name":"Input"}}]}],"onFocus":[{"__symbolic":"property","decorators":[{"__symbolic":"call","expression":{"__symbolic":"reference","module":"@angular/core","name":"Output"}}]}],"onBlur":[{"__symbolic":"property","decorators":[{"__symbolic":"call","expression":{"__symbolic":"reference","module":"@angular/core","name":"Output"}}]}],"onSelect":[{"__symbolic":"property","decorators":[{"__symbolic":"call","expression":{"__symbolic":"reference","module":"@angular/core","name":"Output"}}]}],"locale":[{"__symbolic":"property","decorators":[{"__symbolic":"call","expression":{"__symbolic":"reference","module":"@angular/core","name":"Input"}}]}],"tabindex":[{"__symbolic":"property","decorators":[{"__symbolic":"call","expression":{"__symbolic":"reference","module":"@angular/core","name":"Input"}}]}],"overlayViewChild":[{"__symbolic":"property","decorators":[{"__symbolic":"call","expression":{"__symbolic":"reference","module":"@angular/core","name":"ViewChild"},"arguments":["datepicker"]}]}],"minDate":[{"__symbolic":"property","decorators":[{"__symbolic":"call","expression":{"__symbolic":"reference","module":"@angular/core","name":"Input"}}]}],"maxDate":[{"__symbolic":"property","decorators":[{"__symbolic":"call","expression":{"__symbolic":"reference","module":"@angular/core","name":"Input"}}]}],"__ctor__":[{"__symbolic":"constructor","parameters":[{"__symbolic":"reference","module":"@angular/core","name":"ElementRef"},{"__symbolic":"reference","module":"../dom/domhandler","name":"DomHandler"},{"__symbolic":"reference","module":"@angular/core","name":"Renderer"}]}],"ngOnInit":[{"__symbolic":"method"}],"ngAfterViewInit":[{"__symbolic":"method"}],"createMonth":[{"__symbolic":"method"}],"prevMonth":[{"__symbolic":"method"}],"nextMonth":[{"__symbolic":"method"}],"onDateSelect":[{"__symbolic":"method"}],"updateInputfield":[{"__symbolic":"method"}],"selectDate":[{"__symbolic":"method"}],"updateModel":[{"__symbolic":"method"}],"getFirstDayOfMonthIndex":[{"__symbolic":"method"}],"getDaysCountInMonth":[{"__symbolic":"method"}],"getDaysCountInPrevMonth":[{"__symbolic":"method"}],"getPreviousMonthAndYear":[{"__symbolic":"method"}],"getNextMonthAndYear":[{"__symbolic":"method"}],"getSundayIndex":[{"__symbolic":"method"}],"isSelected":[{"__symbolic":"method"}],"isToday":[{"__symbolic":"method"}],"isSelectable":[{"__symbolic":"method"}],"onInputFocus":[{"__symbolic":"method"}],"onInputBlur":[{"__symbolic":"method"}],"onButtonClick":[{"__symbolic":"method"}],"onInputKeydown":[{"__symbolic":"method"}],"onMonthDropdownChange":[{"__symbolic":"method"}],"onYearDropdownChange":[{"__symbolic":"method"}],"incrementHour":[{"__symbolic":"method"}],"decrementHour":[{"__symbolic":"method"}],"incrementMinute":[{"__symbolic":"method"}],"decrementMinute":[{"__symbolic":"method"}],"incrementSecond":[{"__symbolic":"method"}],"decrementSecond":[{"__symbolic":"method"}],"updateTime":[{"__symbolic":"method"}],"toggleAMPM":[{"__symbolic":"method"}],"onInput":[{"__symbolic":"method"}],"parseValueFromString":[{"__symbolic":"method"}],"populateTime":[{"__symbolic":"method"}],"updateUI":[{"__symbolic":"method"}],"onDatePickerClick":[{"__symbolic":"method"}],"showOverlay":[{"__symbolic":"method"}],"writeValue":[{"__symbolic":"method"}],"registerOnChange":[{"__symbolic":"method"}],"registerOnTouched":[{"__symbolic":"method"}],"setDisabledState":[{"__symbolic":"method"}],"formatDate":[{"__symbolic":"method"}],"formatTime":[{"__symbolic":"method"}],"parseTime":[{"__symbolic":"method"}],"parseDate":[{"__symbolic":"method"}],"daylightSavingAdjust":[{"__symbolic":"method"}],"updateFilledState":[{"__symbolic":"method"}],"bindDocumentClickListener":[{"__symbolic":"method"}],"unbindDocumentClickListener":[{"__symbolic":"method"}],"ngOnDestroy":[{"__symbolic":"method"}],"validate":[{"__symbolic":"method"}]}},"CalendarModule":{"__symbolic":"class","decorators":[{"__symbolic":"call","expression":{"__symbolic":"reference","module":"@angular/core","name":"NgModule"},"arguments":[{"imports":[{"__symbolic":"reference","module":"@angular/common","name":"CommonModule"},{"__symbolic":"reference","module":"../button/button","name":"ButtonModule"},{"__symbolic":"reference","module":"../inputtext/inputtext","name":"InputTextModule"}],"exports":[{"__symbolic":"reference","name":"Calendar"},{"__symbolic":"reference","module":"../button/button","name":"ButtonModule"},{"__symbolic":"reference","module":"../inputtext/inputtext","name":"InputTextModule"}],"declarations":[{"__symbolic":"reference","name":"Calendar"}]}]}]}}}]